2026-07-31 20:13:55,108 [INFO] werkzeug - [31m[1mWARNING: This is a development server. Do not use it in a production deployment. Use a production WSGI server instead.[0m
 * Running on http://127.0.0.1:5000
2026-07-31 20:13:55,109 [INFO] werkzeug - [33mPress CTRL+C to quit[0m
2026-07-31 20:13:55,112 [INFO] werkzeug -  * Restarting with stat
2026-07-31 20:13:57,657 [WARNING] werkzeug -  * Debugger is active!
2026-07-31 20:13:57,670 [INFO] werkzeug -  * Debugger PIN: 511-121-778
2026-07-31 20:14:06,170 [INFO] werkzeug - 127.0.0.1 - - [31/Jul/2026 20:14:06] "GET / HTTP/1.1" 200 -
2026-07-31 20:14:09,707 [INFO] werkzeug - 127.0.0.1 - - [31/Jul/2026 20:14:09] "GET /static/js/app.js HTTP/1.1" 200 -
2026-07-31 20:14:09,709 [INFO] werkzeug - 127.0.0.1 - - [31/Jul/2026 20:14:09] "GET /static/css/style.css HTTP/1.1" 200 -
2026-07-31 20:14:10,908 [INFO] werkzeug - 127.0.0.1 - - [31/Jul/2026 20:14:10] "[33mGET /favicon.ico HTTP/1.1[0m" 404 -
2026-07-31 20:14:18,007 [INFO] werkzeug - 127.0.0.1 - - [31/Jul/2026 20:14:18] "GET / HTTP/1.1" 200 -
2026-07-31 20:14:18,464 [INFO] werkzeug - 127.0.0.1 - - [31/Jul/2026 20:14:18] "GET /static/css/style.css HTTP/1.1" 200 -
2026-07-31 20:14:18,554 [INFO] werkzeug - 127.0.0.1 - - [31/Jul/2026 20:14:18] "GET /static/js/app.js HTTP/1.1" 200 -
2026-07-31 20:14:18,981 [INFO] werkzeug - 127.0.0.1 - - [31/Jul/2026 20:14:18] "[33mGET /favicon.ico HTTP/1.1[0m" 404 -
2026-07-31 20:16:19,576 [INFO] app.server - Arquivo salvo temporariamente: FLEXEIRAS_-_FATURAS_AGRUPADAS_EQTL_AL_COMP._06.2026_-_ASSISTENCIA_SOCIAL.pdf
2026-07-31 20:16:19,591 [INFO] werkzeug - 127.0.0.1 - - [31/Jul/2026 20:16:19] "POST /api/upload HTTP/1.1" 200 -
2026-07-31 20:16:19,670 [INFO] app.core.pdf_reader - Iniciando extração de texto do PDF: C:\Users\mathe\Desktop\py\uploads\FLEXEIRAS_-_FATURAS_AGRUPADAS_EQTL_AL_COMP._06.2026_-_ASSISTENCIA_SOCIAL.pdf
2026-07-31 20:16:26,446 [WARNING] app.core.pdf_reader - Página 5 do PDF C:\Users\mathe\Desktop\py\uploads\FLEXEIRAS_-_FATURAS_AGRUPADAS_EQTL_AL_COMP._06.2026_-_ASSISTENCIA_SOCIAL.pdf não contém texto selecionável.
2026-07-31 20:16:27,247 [WARNING] app.core.pdf_reader - Página 7 do PDF C:\Users\mathe\Desktop\py\uploads\FLEXEIRAS_-_FATURAS_AGRUPADAS_EQTL_AL_COMP._06.2026_-_ASSISTENCIA_SOCIAL.pdf não contém texto selecionável.
2026-07-31 20:16:29,709 [WARNING] app.core.pdf_reader - Página 9 do PDF C:\Users\mathe\Desktop\py\uploads\FLEXEIRAS_-_FATURAS_AGRUPADAS_EQTL_AL_COMP._06.2026_-_ASSISTENCIA_SOCIAL.pdf não contém texto selecionável.
2026-07-31 20:16:29,716 [INFO] app.core.extractor - Iniciando extração de campos do texto da fatura.
2026-07-31 20:16:29,876 [INFO] app.core.extractor - Extração concluída para UC: 669 - Ref: 06/2026
2026-07-31 20:16:29,880 [INFO] werkzeug - 127.0.0.1 - - [31/Jul/2026 20:16:29] "POST /api/process HTTP/1.1" 200 -
2026-07-31 20:19:01,387 [INFO] werkzeug -  * Detected change in 'C:\\Users\\mathe\\Desktop\\py\\tests\\test_extractor.py', reloading
2026-07-31 20:19:01,634 [INFO] werkzeug -  * Restarting with stat
2026-07-31 20:19:02,969 [WARNING] werkzeug -  * Debugger is active!
2026-07-31 20:19:02,975 [INFO] werkzeug -  * Debugger PIN: 511-121-778
2026-07-31 20:19:08,165 [INFO] werkzeug -  * Detected change in 'C:\\Users\\mathe\\Desktop\\py\\app\\core\\normalizer.py', reloading
2026-07-31 20:19:08,356 [INFO] werkzeug -  * Restarting with stat
2026-07-31 20:19:09,393 [WARNING] werkzeug -  * Debugger is active!
2026-07-31 20:19:09,402 [INFO] werkzeug -  * Debugger PIN: 511-121-778
2026-07-31 20:19:21,658 [INFO] app.server - Arquivo salvo temporariamente: FLEXEIRAS_-_FATURAS_AGRUPADAS_EQTL_AL_COMP._06.2026_-_ASSISTENCIA_SOCIAL.pdf
2026-07-31 20:19:21,660 [INFO] werkzeug - 127.0.0.1 - - [31/Jul/2026 20:19:21] "POST /api/upload HTTP/1.1" 200 -
2026-07-31 20:19:21,665 [INFO] app.core.pdf_reader - Iniciando extração de texto do PDF: C:\Users\mathe\Desktop\py\uploads\FLEXEIRAS_-_FATURAS_AGRUPADAS_EQTL_AL_COMP._06.2026_-_ASSISTENCIA_SOCIAL.pdf
2026-07-31 20:19:22,234 [WARNING] app.core.pdf_reader - Página 5 do PDF C:\Users\mathe\Desktop\py\uploads\FLEXEIRAS_-_FATURAS_AGRUPADAS_EQTL_AL_COMP._06.2026_-_ASSISTENCIA_SOCIAL.pdf não contém texto selecionável.
2026-07-31 20:19:22,335 [WARNING] app.core.pdf_reader - Página 7 do PDF C:\Users\mathe\Desktop\py\uploads\FLEXEIRAS_-_FATURAS_AGRUPADAS_EQTL_AL_COMP._06.2026_-_ASSISTENCIA_SOCIAL.pdf não contém texto selecionável.
2026-07-31 20:19:22,502 [WARNING] app.core.pdf_reader - Página 9 do PDF C:\Users\mathe\Desktop\py\uploads\FLEXEIRAS_-_FATURAS_AGRUPADAS_EQTL_AL_COMP._06.2026_-_ASSISTENCIA_SOCIAL.pdf não contém texto selecionável.
2026-07-31 20:19:22,503 [INFO] app.core.extractor - Iniciando extração de campos do texto da fatura.
2026-07-31 20:19:22,532 [INFO] app.core.extractor - Extração concluída para UC: 669 - Ref: 06/2026
2026-07-31 20:19:22,537 [INFO] werkzeug - 127.0.0.1 - - [31/Jul/2026 20:19:22] "POST /api/process HTTP/1.1" 200 -
2026-07-31 20:22:23,271 [INFO] werkzeug -  * Detected change in 'C:\\Users\\mathe\\Desktop\\py\\app\\core\\pdf_reader.py', reloading
2026-07-31 20:22:23,457 [INFO] werkzeug -  * Restarting with stat
2026-07-31 20:22:24,935 [WARNING] werkzeug -  * Debugger is active!
2026-07-31 20:22:24,943 [INFO] werkzeug -  * Debugger PIN: 511-121-778
2026-07-31 20:22:27,651 [INFO] app.server - Arquivo salvo temporariamente: FLEXEIRAS_-_FATURAS_AGRUPADAS_EQTL_AL_COMP._06.2026_-_ASSISTENCIA_SOCIAL.pdf
2026-07-31 20:22:27,655 [INFO] werkzeug - 127.0.0.1 - - [31/Jul/2026 20:22:27] "POST /api/upload HTTP/1.1" 200 -
2026-07-31 20:22:27,666 [INFO] app.core.pdf_reader - Lendo PDF: C:\Users\mathe\Desktop\py\uploads\FLEXEIRAS_-_FATURAS_AGRUPADAS_EQTL_AL_COMP._06.2026_-_ASSISTENCIA_SOCIAL.pdf
2026-07-31 20:22:27,855 [INFO] app.core.pdf_reader - Texto extraído da página 1
2026-07-31 20:22:27,920 [INFO] app.core.pdf_reader - Texto extraído da página 2
2026-07-31 20:22:28,037 [INFO] app.core.pdf_reader - Texto extraído da página 3
2026-07-31 20:22:28,197 [INFO] app.core.pdf_reader - Texto extraído da página 4
2026-07-31 20:22:28,203 [WARNING] app.core.pdf_reader - Página 5 sem texto selecionável.
2026-07-31 20:22:28,309 [INFO] app.core.pdf_reader - Texto extraído da página 6
2026-07-31 20:22:28,310 [WARNING] app.core.pdf_reader - Página 7 sem texto selecionável.
2026-07-31 20:22:28,479 [INFO] app.core.pdf_reader - Texto extraído da página 8
2026-07-31 20:22:28,480 [WARNING] app.core.pdf_reader - Página 9 sem texto selecionável.
2026-07-31 20:22:28,481 [INFO] app.core.extractor - Iniciando extração de campos do texto da fatura.
2026-07-31 20:22:28,526 [INFO] app.core.extractor - Extração concluída para UC: 669 - Ref: 06/2026
2026-07-31 20:22:28,527 [INFO] werkzeug - 127.0.0.1 - - [31/Jul/2026 20:22:28] "POST /api/process HTTP/1.1" 200 -
2026-07-31 20:26:17,053 [INFO] werkzeug -  * Detected change in 'C:\\Users\\mathe\\Desktop\\py\\app\\core\\extractor.py', reloading
2026-07-31 20:26:17,207 [INFO] werkzeug -  * Restarting with stat
2026-07-31 20:26:18,575 [WARNING] werkzeug -  * Debugger is active!
2026-07-31 20:26:18,581 [INFO] werkzeug -  * Debugger PIN: 511-121-778
2026-07-31 20:26:20,735 [INFO] app.server - Arquivo salvo temporariamente: FLEXEIRAS_-_FATURAS_AGRUPADAS_EQTL_AL_COMP._06.2026_-_ASSISTENCIA_SOCIAL.pdf
2026-07-31 20:26:20,739 [INFO] werkzeug - 127.0.0.1 - - [31/Jul/2026 20:26:20] "POST /api/upload HTTP/1.1" 200 -
2026-07-31 20:26:20,752 [INFO] app.core.pdf_reader - Lendo PDF: C:\Users\mathe\Desktop\py\uploads\FLEXEIRAS_-_FATURAS_AGRUPADAS_EQTL_AL_COMP._06.2026_-_ASSISTENCIA_SOCIAL.pdf
2026-07-31 20:26:20,965 [INFO] app.core.pdf_reader - Texto extraído da página 1
2026-07-31 20:26:21,034 [INFO] app.core.pdf_reader - Texto extraído da página 2
2026-07-31 20:26:21,153 [INFO] app.core.pdf_reader - Texto extraído da página 3
2026-07-31 20:26:21,320 [INFO] app.core.pdf_reader - Texto extraído da página 4
2026-07-31 20:26:21,330 [WARNING] app.core.pdf_reader - Página 5 sem texto selecionável.
2026-07-31 20:26:21,445 [INFO] app.core.pdf_reader - Texto extraído da página 6
2026-07-31 20:26:21,448 [WARNING] app.core.pdf_reader - Página 7 sem texto selecionável.
2026-07-31 20:26:21,654 [INFO] app.core.pdf_reader - Texto extraído da página 8
2026-07-31 20:26:21,656 [WARNING] app.core.pdf_reader - Página 9 sem texto selecionável.
2026-07-31 20:26:21,657 [INFO] app.core.extractor - Iniciando extração de campos do texto da fatura.
2026-07-31 20:26:21,684 [INFO] app.core.extractor - Extração concluída - UC: N/A | Leitura anterior: 0 | Leitura atual: 0 | Consumo: 295
2026-07-31 20:26:21,685 [INFO] werkzeug - 127.0.0.1 - - [31/Jul/2026 20:26:21] "POST /api/process HTTP/1.1" 200 -
2026-07-31 20:28:08,359 [INFO] werkzeug -  * Detected change in 'C:\\Users\\mathe\\Desktop\\py\\app\\core\\extractor.py', reloading
2026-07-31 20:28:08,525 [INFO] werkzeug -  * Restarting with stat
2026-07-31 20:28:09,900 [WARNING] werkzeug -  * Debugger is active!
2026-07-31 20:28:09,909 [INFO] werkzeug -  * Debugger PIN: 511-121-778
2026-07-31 20:28:13,335 [INFO] app.server - Arquivo salvo temporariamente: FLEXEIRAS_-_FATURAS_AGRUPADAS_EQTL_AL_COMP._06.2026_-_ASSISTENCIA_SOCIAL.pdf
2026-07-31 20:28:13,336 [INFO] werkzeug - 127.0.0.1 - - [31/Jul/2026 20:28:13] "POST /api/upload HTTP/1.1" 200 -
2026-07-31 20:28:13,342 [INFO] app.core.pdf_reader - Lendo PDF: C:\Users\mathe\Desktop\py\uploads\FLEXEIRAS_-_FATURAS_AGRUPADAS_EQTL_AL_COMP._06.2026_-_ASSISTENCIA_SOCIAL.pdf
2026-07-31 20:28:13,537 [INFO] app.core.pdf_reader - Texto extraído da página 1
2026-07-31 20:28:13,601 [INFO] app.core.pdf_reader - Texto extraído da página 2
2026-07-31 20:28:13,717 [INFO] app.core.pdf_reader - Texto extraído da página 3
2026-07-31 20:28:13,879 [INFO] app.core.pdf_reader - Texto extraído da página 4
2026-07-31 20:28:13,885 [WARNING] app.core.pdf_reader - Página 5 sem texto selecionável.
2026-07-31 20:28:13,975 [INFO] app.core.pdf_reader - Texto extraído da página 6
2026-07-31 20:28:13,976 [WARNING] app.core.pdf_reader - Página 7 sem texto selecionável.
2026-07-31 20:28:14,147 [INFO] app.core.pdf_reader - Texto extraído da página 8
2026-07-31 20:28:14,149 [WARNING] app.core.pdf_reader - Página 9 sem texto selecionável.
2026-07-31 20:28:14,151 [INFO] app.core.extractor - Iniciando extração de campos do texto da fatura.
2026-07-31 20:28:14,319 [INFO] app.core.extractor - Extração concluída - UC: N/A | Leitura anterior: 0 | Leitura atual: 0 | Consumo: 295
2026-07-31 20:28:14,324 [INFO] werkzeug - 127.0.0.1 - - [31/Jul/2026 20:28:14] "POST /api/process HTTP/1.1" 200 -
2026-07-31 20:28:18,086 [INFO] app.server - Arquivo salvo temporariamente: FLEXEIRAS_-_FATURAS_AGRUPADAS_EQTL_AL_COMP._06.2026_-_ASSISTENCIA_SOCIAL.pdf
2026-07-31 20:28:18,087 [INFO] werkzeug - 127.0.0.1 - - [31/Jul/2026 20:28:18] "POST /api/upload HTTP/1.1" 200 -
2026-07-31 20:28:18,091 [INFO] app.core.pdf_reader - Lendo PDF: C:\Users\mathe\Desktop\py\uploads\FLEXEIRAS_-_FATURAS_AGRUPADAS_EQTL_AL_COMP._06.2026_-_ASSISTENCIA_SOCIAL.pdf
2026-07-31 20:28:18,320 [INFO] app.core.pdf_reader - Texto extraído da página 1
2026-07-31 20:28:18,410 [INFO] app.core.pdf_reader - Texto extraído da página 2
2026-07-31 20:28:18,548 [INFO] app.core.pdf_reader - Texto extraído da página 3
2026-07-31 20:28:18,752 [INFO] app.core.pdf_reader - Texto extraído da página 4
2026-07-31 20:28:18,758 [WARNING] app.core.pdf_reader - Página 5 sem texto selecionável.
2026-07-31 20:28:18,865 [INFO] app.core.pdf_reader - Texto extraído da página 6
2026-07-31 20:28:18,868 [WARNING] app.core.pdf_reader - Página 7 sem texto selecionável.
2026-07-31 20:28:18,972 [INFO] app.core.pdf_reader - Texto extraído da página 8
2026-07-31 20:28:18,973 [WARNING] app.core.pdf_reader - Página 9 sem texto selecionável.
2026-07-31 20:28:18,975 [INFO] app.core.extractor - Iniciando extração de campos do texto da fatura.
2026-07-31 20:28:18,996 [INFO] app.core.extractor - Extração concluída - UC: N/A | Leitura anterior: 0 | Leitura atual: 0 | Consumo: 295
2026-07-31 20:28:19,001 [INFO] werkzeug - 127.0.0.1 - - [31/Jul/2026 20:28:19] "POST /api/process HTTP/1.1" 200 -
2026-07-31 20:28:36,164 [INFO] app.server - Arquivo salvo temporariamente: FLEXEIRAS_-_FATURAS_AGRUPADAS_EQTL_AL_COMP._06.2026_-_ASSISTENCIA_SOCIAL.pdf
2026-07-31 20:28:36,165 [INFO] werkzeug - 127.0.0.1 - - [31/Jul/2026 20:28:36] "POST /api/upload HTTP/1.1" 200 -
2026-07-31 20:28:36,171 [INFO] app.core.pdf_reader - Lendo PDF: C:\Users\mathe\Desktop\py\uploads\FLEXEIRAS_-_FATURAS_AGRUPADAS_EQTL_AL_COMP._06.2026_-_ASSISTENCIA_SOCIAL.pdf
2026-07-31 20:28:36,369 [INFO] app.core.pdf_reader - Texto extraído da página 1
2026-07-31 20:28:36,443 [INFO] app.core.pdf_reader - Texto extraído da página 2
2026-07-31 20:28:36,582 [INFO] app.core.pdf_reader - Texto extraído da página 3
2026-07-31 20:28:36,759 [INFO] app.core.pdf_reader - Texto extraído da página 4
2026-07-31 20:28:36,766 [WARNING] app.core.pdf_reader - Página 5 sem texto selecionável.
2026-07-31 20:28:36,869 [INFO] app.core.pdf_reader - Texto extraído da página 6
2026-07-31 20:28:36,871 [WARNING] app.core.pdf_reader - Página 7 sem texto selecionável.
2026-07-31 20:28:36,968 [INFO] app.core.pdf_reader - Texto extraído da página 8
2026-07-31 20:28:36,970 [WARNING] app.core.pdf_reader - Página 9 sem texto selecionável.
2026-07-31 20:28:36,970 [INFO] app.core.extractor - Iniciando extração de campos do texto da fatura.
2026-07-31 20:28:36,985 [INFO] app.core.extractor - Extração concluída - UC: N/A | Leitura anterior: 0 | Leitura atual: 0 | Consumo: 295
2026-07-31 20:28:36,987 [INFO] werkzeug - 127.0.0.1 - - [31/Jul/2026 20:28:36] "POST /api/process HTTP/1.1" 200 -
2026-07-31 20:29:17,746 [INFO] werkzeug - 127.0.0.1 - - [31/Jul/2026 20:29:17] "GET / HTTP/1.1" 200 -
2026-07-31 20:29:17,775 [INFO] werkzeug - 127.0.0.1 - - [31/Jul/2026 20:29:17] "[36mGET /static/js/app.js HTTP/1.1[0m" 304 -
2026-07-31 20:29:17,780 [INFO] werkzeug - 127.0.0.1 - - [31/Jul/2026 20:29:17] "[36mGET /static/css/style.css HTTP/1.1[0m" 304 -
2026-07-31 20:29:22,051 [INFO] app.server - Arquivo salvo temporariamente: FLEXEIRAS_-_FATURAS_AGRUPADAS_EQTL_AL_COMP._06.2026_-_ASSISTENCIA_SOCIAL.pdf
2026-07-31 20:29:22,052 [INFO] werkzeug - 127.0.0.1 - - [31/Jul/2026 20:29:22] "POST /api/upload HTTP/1.1" 200 -
2026-07-31 20:29:22,057 [INFO] app.core.pdf_reader - Lendo PDF: C:\Users\mathe\Desktop\py\uploads\FLEXEIRAS_-_FATURAS_AGRUPADAS_EQTL_AL_COMP._06.2026_-_ASSISTENCIA_SOCIAL.pdf
2026-07-31 20:29:22,454 [INFO] app.core.pdf_reader - Texto extraído da página 1
2026-07-31 20:29:22,614 [INFO] app.core.pdf_reader - Texto extraído da página 2
2026-07-31 20:29:22,978 [INFO] app.core.pdf_reader - Texto extraído da página 3
2026-07-31 20:29:23,147 [INFO] app.core.pdf_reader - Texto extraído da página 4
2026-07-31 20:29:23,154 [WARNING] app.core.pdf_reader - Página 5 sem texto selecionável.
2026-07-31 20:29:23,253 [INFO] app.core.pdf_reader - Texto extraído da página 6
2026-07-31 20:29:23,257 [WARNING] app.core.pdf_reader - Página 7 sem texto selecionável.
2026-07-31 20:29:23,382 [INFO] app.core.pdf_reader - Texto extraído da página 8
2026-07-31 20:29:23,383 [WARNING] app.core.pdf_reader - Página 9 sem texto selecionável.
2026-07-31 20:29:23,384 [INFO] app.core.extractor - Iniciando extração de campos do texto da fatura.
2026-07-31 20:29:23,408 [INFO] app.core.extractor - Extração concluída - UC: N/A | Leitura anterior: 0 | Leitura atual: 0 | Consumo: 295
2026-07-31 20:29:23,409 [INFO] werkzeug - 127.0.0.1 - - [31/Jul/2026 20:29:23] "POST /api/process HTTP/1.1" 200 -
2026-07-31 20:32:43,430 [INFO] werkzeug - [31m[1mWARNING: This is a development server. Do not use it in a production deployment. Use a production WSGI server instead.[0m
 * Running on http://127.0.0.1:5000
2026-07-31 20:32:43,431 [INFO] werkzeug - [33mPress CTRL+C to quit[0m
2026-07-31 20:32:43,432 [INFO] werkzeug -  * Restarting with stat
2026-07-31 20:32:44,594 [WARNING] werkzeug -  * Debugger is active!
2026-07-31 20:32:44,600 [INFO] werkzeug -  * Debugger PIN: 511-121-778
2026-07-31 20:32:49,601 [INFO] werkzeug - 127.0.0.1 - - [31/Jul/2026 20:32:49] "GET / HTTP/1.1" 200 -
2026-07-31 20:32:49,654 [INFO] werkzeug - 127.0.0.1 - - [31/Jul/2026 20:32:49] "[36mGET /static/css/style.css HTTP/1.1[0m" 304 -
2026-07-31 20:32:49,655 [INFO] werkzeug - 127.0.0.1 - - [31/Jul/2026 20:32:49] "[36mGET /static/js/app.js HTTP/1.1[0m" 304 -
2026-07-31 20:32:54,716 [INFO] app.server - Arquivo salvo temporariamente: FLEXEIRAS_-_FATURAS_AGRUPADAS_EQTL_AL_COMP._06.2026_-_ASSISTENCIA_SOCIAL.pdf
2026-07-31 20:32:54,718 [INFO] werkzeug - 127.0.0.1 - - [31/Jul/2026 20:32:54] "POST /api/upload HTTP/1.1" 200 -
2026-07-31 20:32:54,724 [INFO] app.core.pdf_reader - Lendo PDF: C:\Users\mathe\Desktop\py\uploads\FLEXEIRAS_-_FATURAS_AGRUPADAS_EQTL_AL_COMP._06.2026_-_ASSISTENCIA_SOCIAL.pdf
2026-07-31 20:32:54,929 [INFO] app.core.pdf_reader - Texto extraído da página 1
2026-07-31 20:32:55,024 [INFO] app.core.pdf_reader - Texto extraído da página 2
2026-07-31 20:32:55,211 [INFO] app.core.pdf_reader - Texto extraído da página 3
2026-07-31 20:32:55,364 [INFO] app.core.pdf_reader - Texto extraído da página 4
2026-07-31 20:32:55,372 [WARNING] app.core.pdf_reader - Página 5 sem texto selecionável.
2026-07-31 20:32:55,467 [INFO] app.core.pdf_reader - Texto extraído da página 6
2026-07-31 20:32:55,469 [WARNING] app.core.pdf_reader - Página 7 sem texto selecionável.
2026-07-31 20:32:55,638 [INFO] app.core.pdf_reader - Texto extraído da página 8
2026-07-31 20:32:55,640 [WARNING] app.core.pdf_reader - Página 9 sem texto selecionável.
2026-07-31 20:32:55,643 [INFO] app.core.extractor - Iniciando extração de campos do texto da fatura.
2026-07-31 20:32:55,679 [INFO] app.core.extractor - Extração concluída - UC: N/A | Leitura anterior: 0 | Leitura atual: 0 | Consumo: 295
2026-07-31 20:32:55,681 [INFO] werkzeug - 127.0.0.1 - - [31/Jul/2026 20:32:55] "POST /api/process HTTP/1.1" 200 -
2026-07-31 20:35:04,514 [INFO] werkzeug -  * Detected change in 'C:\\Users\\mathe\\Desktop\\py\\app\\core\\normalizer.py', reloading
2026-07-31 20:35:04,649 [INFO] werkzeug -  * Restarting with stat
2026-07-31 20:35:05,783 [WARNING] werkzeug -  * Debugger is active!
2026-07-31 20:35:05,789 [INFO] werkzeug -  * Debugger PIN: 511-121-778
2026-07-31 20:35:10,791 [INFO] app.server - Arquivo salvo temporariamente: FLEXEIRAS_-_FATURAS_AGRUPADAS_EQTL_AL_COMP._06.2026_-_ASSISTENCIA_SOCIAL.pdf
2026-07-31 20:35:10,793 [INFO] werkzeug - 127.0.0.1 - - [31/Jul/2026 20:35:10] "POST /api/upload HTTP/1.1" 200 -
2026-07-31 20:35:10,799 [INFO] app.core.pdf_reader - Lendo PDF: C:\Users\mathe\Desktop\py\uploads\FLEXEIRAS_-_FATURAS_AGRUPADAS_EQTL_AL_COMP._06.2026_-_ASSISTENCIA_SOCIAL.pdf
2026-07-31 20:35:11,043 [INFO] app.core.pdf_reader - Texto extraído da página 1
2026-07-31 20:35:11,122 [INFO] app.core.pdf_reader - Texto extraído da página 2
2026-07-31 20:35:11,256 [INFO] app.core.pdf_reader - Texto extraído da página 3
2026-07-31 20:35:11,522 [INFO] app.core.pdf_reader - Texto extraído da página 4
2026-07-31 20:35:11,532 [WARNING] app.core.pdf_reader - Página 5 sem texto selecionável.
2026-07-31 20:35:11,624 [INFO] app.core.pdf_reader - Texto extraído da página 6
2026-07-31 20:35:11,627 [WARNING] app.core.pdf_reader - Página 7 sem texto selecionável.
2026-07-31 20:35:11,800 [INFO] app.core.pdf_reader - Texto extraído da página 8
2026-07-31 20:35:11,802 [WARNING] app.core.pdf_reader - Página 9 sem texto selecionável.
2026-07-31 20:35:11,803 [INFO] app.core.extractor - Iniciando extração de campos do texto da fatura.
2026-07-31 20:35:11,832 [INFO] app.core.extractor - Extração concluída - UC: N/A | Leitura anterior: 0 | Leitura atual: 0 | Consumo: 295
2026-07-31 20:35:11,833 [INFO] werkzeug - 127.0.0.1 - - [31/Jul/2026 20:35:11] "POST /api/process HTTP/1.1" 200 -
2026-07-31 20:35:16,849 [INFO] app.server - Arquivo salvo temporariamente: FLEXEIRAS_-_FATURAS_AGRUPADAS_EQTL_AL_COMP._06.2026_-_ASSISTENCIA_SOCIAL.pdf
2026-07-31 20:35:16,851 [INFO] werkzeug - 127.0.0.1 - - [31/Jul/2026 20:35:16] "POST /api/upload HTTP/1.1" 200 -
2026-07-31 20:35:16,856 [INFO] app.core.pdf_reader - Lendo PDF: C:\Users\mathe\Desktop\py\uploads\FLEXEIRAS_-_FATURAS_AGRUPADAS_EQTL_AL_COMP._06.2026_-_ASSISTENCIA_SOCIAL.pdf
2026-07-31 20:35:17,049 [INFO] app.core.pdf_reader - Texto extraído da página 1
2026-07-31 20:35:17,127 [INFO] app.core.pdf_reader - Texto extraído da página 2
2026-07-31 20:35:17,263 [INFO] app.core.pdf_reader - Texto extraído da página 3
2026-07-31 20:35:17,439 [INFO] app.core.pdf_reader - Texto extraído da página 4
2026-07-31 20:35:17,448 [WARNING] app.core.pdf_reader - Página 5 sem texto selecionável.
2026-07-31 20:35:17,568 [INFO] app.core.pdf_reader - Texto extraído da página 6
2026-07-31 20:35:17,570 [WARNING] app.core.pdf_reader - Página 7 sem texto selecionável.
2026-07-31 20:35:17,699 [INFO] app.core.pdf_reader - Texto extraído da página 8
2026-07-31 20:35:17,700 [WARNING] app.core.pdf_reader - Página 9 sem texto selecionável.
2026-07-31 20:35:17,701 [INFO] app.core.extractor - Iniciando extração de campos do texto da fatura.
2026-07-31 20:35:17,716 [INFO] app.core.extractor - Extração concluída - UC: N/A | Leitura anterior: 0 | Leitura atual: 0 | Consumo: 295
2026-07-31 20:35:17,719 [INFO] werkzeug - 127.0.0.1 - - [31/Jul/2026 20:35:17] "POST /api/process HTTP/1.1" 200 -
2026-07-31 20:37:07,759 [INFO] werkzeug -  * Detected change in 'C:\\Users\\mathe\\Desktop\\py\\app\\core\\extractor.py', reloading
2026-07-31 20:37:08,045 [INFO] werkzeug -  * Restarting with stat
2026-07-31 20:37:09,428 [WARNING] werkzeug -  * Debugger is active!
2026-07-31 20:37:09,438 [INFO] werkzeug -  * Debugger PIN: 511-121-778
2026-07-31 20:37:10,318 [INFO] app.server - Arquivo salvo temporariamente: FLEXEIRAS_-_FATURAS_AGRUPADAS_EQTL_AL_COMP._06.2026_-_ASSISTENCIA_SOCIAL.pdf
2026-07-31 20:37:10,319 [INFO] werkzeug - 127.0.0.1 - - [31/Jul/2026 20:37:10] "POST /api/upload HTTP/1.1" 200 -
2026-07-31 20:37:10,328 [INFO] app.core.pdf_reader - Lendo PDF: C:\Users\mathe\Desktop\py\uploads\FLEXEIRAS_-_FATURAS_AGRUPADAS_EQTL_AL_COMP._06.2026_-_ASSISTENCIA_SOCIAL.pdf
2026-07-31 20:37:10,467 [INFO] app.core.pdf_reader - Texto extraído da página 1
2026-07-31 20:37:10,496 [INFO] app.core.pdf_reader - Texto extraído da página 2
2026-07-31 20:37:10,549 [INFO] app.core.pdf_reader - Texto extraído da página 3
2026-07-31 20:37:10,622 [INFO] app.core.pdf_reader - Texto extraído da página 4
2026-07-31 20:37:10,625 [WARNING] app.core.pdf_reader - Página 5 sem texto selecionável.
2026-07-31 20:37:10,684 [INFO] app.core.pdf_reader - Texto extraído da página 6
2026-07-31 20:37:10,685 [WARNING] app.core.pdf_reader - Página 7 sem texto selecionável.
2026-07-31 20:37:10,826 [INFO] app.core.pdf_reader - Texto extraído da página 8
2026-07-31 20:37:10,828 [WARNING] app.core.pdf_reader - Página 9 sem texto selecionável.
2026-07-31 20:37:10,830 [INFO] app.core.extractor - Iniciando extração da fatura.
2026-07-31 20:37:10,833 [INFO] app.core.extractor - Número da fatura encontrado: 0202606071133140
2026-07-31 20:37:10,835 [INFO] app.core.normalizer - UC normalizada com sucesso: '669.008.008-24'
2026-07-31 20:37:10,836 [INFO] app.core.extractor - UC encontrada no texto: '669.008.008-24'
2026-07-31 20:37:10,838 [INFO] app.core.extractor - UC após normalização: '669.008.008-24'
2026-07-31 20:37:10,842 [INFO] app.core.extractor - Leitura anterior encontrada: 1
2026-07-31 20:37:10,843 [INFO] app.core.extractor - Leitura atual encontrada: 0
2026-07-31 20:37:10,846 [WARNING] app.core.normalizer - Não foi possível normalizar valor monetário ',': could not convert string to float: '.'
2026-07-31 20:37:10,848 [INFO] app.core.extractor - Extração concluída: UC=669.008.008-24 | Fatura=0202606071133140 | Referência=06/2026 | Valor=503.72 | Consumo=295 | Leitura Anterior=1 | Leitura Atual=0
2026-07-31 20:37:10,849 [INFO] werkzeug - 127.0.0.1 - - [31/Jul/2026 20:37:10] "POST /api/process HTTP/1.1" 200 -
2026-07-31 20:38:24,236 [INFO] werkzeug -  * Detected change in 'C:\\Users\\mathe\\Desktop\\py\\app\\core\\extractor.py', reloading
2026-07-31 20:38:24,397 [INFO] werkzeug -  * Restarting with stat
2026-07-31 20:38:25,770 [WARNING] werkzeug -  * Debugger is active!
2026-07-31 20:38:25,781 [INFO] werkzeug -  * Debugger PIN: 511-121-778
2026-07-31 20:38:27,209 [INFO] app.server - Arquivo salvo temporariamente: FLEXEIRAS_-_FATURAS_AGRUPADAS_EQTL_AL_COMP._06.2026_-_ASSISTENCIA_SOCIAL.pdf
2026-07-31 20:38:27,212 [INFO] werkzeug - 127.0.0.1 - - [31/Jul/2026 20:38:27] "POST /api/upload HTTP/1.1" 200 -
2026-07-31 20:38:27,217 [INFO] app.core.pdf_reader - Lendo PDF: C:\Users\mathe\Desktop\py\uploads\FLEXEIRAS_-_FATURAS_AGRUPADAS_EQTL_AL_COMP._06.2026_-_ASSISTENCIA_SOCIAL.pdf
2026-07-31 20:38:27,362 [INFO] app.core.pdf_reader - Texto extraído da página 1
2026-07-31 20:38:27,409 [INFO] app.core.pdf_reader - Texto extraído da página 2
2026-07-31 20:38:27,489 [INFO] app.core.pdf_reader - Texto extraído da página 3
2026-07-31 20:38:27,791 [INFO] app.core.pdf_reader - Texto extraído da página 4
2026-07-31 20:38:27,811 [WARNING] app.core.pdf_reader - Página 5 sem texto selecionável.
2026-07-31 20:38:28,075 [INFO] app.core.pdf_reader - Texto extraído da página 6
2026-07-31 20:38:28,087 [WARNING] app.core.pdf_reader - Página 7 sem texto selecionável.
2026-07-31 20:38:28,304 [INFO] app.core.pdf_reader - Texto extraído da página 8
2026-07-31 20:38:28,306 [WARNING] app.core.pdf_reader - Página 9 sem texto selecionável.
2026-07-31 20:38:28,307 [INFO] app.core.extractor - Iniciando extração da fatura.
2026-07-31 20:38:28,310 [INFO] app.core.extractor - Número da fatura encontrado: 0202606071133140
2026-07-31 20:38:28,313 [INFO] app.core.normalizer - UC normalizada com sucesso: '669.008.008-24'
2026-07-31 20:38:28,314 [INFO] app.core.extractor - UC encontrada no texto: '669.008.008-24'
2026-07-31 20:38:28,316 [INFO] app.core.extractor - UC após normalização: '669.008.008-24'
2026-07-31 20:38:28,321 [INFO] app.core.extractor - Trecho encontrado para leituras:
2026-07-31 20:38:28,321 [INFO] app.core.extractor - ' Medido Faturado                                               \n     CAT E2005221 1,00 0,00 32.690,00 32.985,00 295,00                                                              '
2026-07-31 20:38:28,322 [INFO] app.core.extractor - Números encontrados após os cabeçalhos: ['1,00', '0,00', '32.690,00', '32.985,00', '295,00']
2026-07-31 20:38:28,322 [INFO] app.core.extractor - Leitura anterior: 1
2026-07-31 20:38:28,322 [INFO] app.core.extractor - Leitura atual: 0
2026-07-31 20:38:28,324 [WARNING] app.core.normalizer - Não foi possível normalizar valor monetário ',': could not convert string to float: '.'
2026-07-31 20:38:28,326 [INFO] app.core.extractor - Extração concluída: UC=669.008.008-24 | Fatura=0202606071133140 | Referência=06/2026 | Valor=503.72 | Consumo=295 | Leitura Anterior=1 | Leitura Atual=0
2026-07-31 20:38:28,327 [INFO] werkzeug - 127.0.0.1 - - [31/Jul/2026 20:38:28] "POST /api/process HTTP/1.1" 200 -
2026-07-31 20:39:42,193 [INFO] werkzeug -  * Detected change in 'C:\\Users\\mathe\\Desktop\\py\\app\\core\\extractor.py', reloading
2026-07-31 20:39:42,360 [INFO] werkzeug -  * Restarting with stat
2026-07-31 20:39:43,888 [WARNING] werkzeug -  * Debugger is active!
2026-07-31 20:39:43,905 [INFO] werkzeug -  * Debugger PIN: 511-121-778
2026-07-31 20:39:46,108 [INFO] app.server - Arquivo salvo temporariamente: FLEXEIRAS_-_FATURAS_AGRUPADAS_EQTL_AL_COMP._06.2026_-_ASSISTENCIA_SOCIAL.pdf
2026-07-31 20:39:46,109 [INFO] werkzeug - 127.0.0.1 - - [31/Jul/2026 20:39:46] "POST /api/upload HTTP/1.1" 200 -
2026-07-31 20:39:46,114 [INFO] app.core.pdf_reader - Lendo PDF: C:\Users\mathe\Desktop\py\uploads\FLEXEIRAS_-_FATURAS_AGRUPADAS_EQTL_AL_COMP._06.2026_-_ASSISTENCIA_SOCIAL.pdf
2026-07-31 20:39:46,308 [INFO] app.core.pdf_reader - Texto extraído da página 1
2026-07-31 20:39:46,399 [INFO] app.core.pdf_reader - Texto extraído da página 2
2026-07-31 20:39:46,537 [INFO] app.core.pdf_reader - Texto extraído da página 3
2026-07-31 20:39:46,764 [INFO] app.core.pdf_reader - Texto extraído da página 4
2026-07-31 20:39:46,782 [WARNING] app.core.pdf_reader - Página 5 sem texto selecionável.
2026-07-31 20:39:46,905 [INFO] app.core.pdf_reader - Texto extraído da página 6
2026-07-31 20:39:46,907 [WARNING] app.core.pdf_reader - Página 7 sem texto selecionável.
2026-07-31 20:39:47,088 [INFO] app.core.pdf_reader - Texto extraído da página 8
2026-07-31 20:39:47,090 [WARNING] app.core.pdf_reader - Página 9 sem texto selecionável.
2026-07-31 20:39:47,091 [INFO] app.core.extractor - Iniciando extração da fatura.
2026-07-31 20:39:47,094 [INFO] app.core.extractor - Número da fatura encontrado: 0202606071133140
2026-07-31 20:39:47,097 [INFO] app.core.normalizer - UC normalizada com sucesso: '669.008.008-24'
2026-07-31 20:39:47,098 [INFO] app.core.extractor - UC encontrada no texto: '669.008.008-24'
2026-07-31 20:39:47,099 [INFO] app.core.extractor - UC após normalização: '669.008.008-24'
2026-07-31 20:39:47,102 [INFO] app.core.extractor - Cabeçalho de Valores Medidos encontrado.
2026-07-31 20:39:47,102 [INFO] app.core.extractor - Linha de dados das leituras: 'CAT E2005221 1,00 0,00 32.690,00 32.985,00 295,00'
2026-07-31 20:39:47,103 [INFO] app.core.extractor - Números encontrados na linha de leituras: ['1,00', '0,00', '32.690,00', '32.985,00', '295,00']
2026-07-31 20:39:47,103 [INFO] app.core.extractor - Leitura anterior encontrada: 32.690,00 -> 32690
2026-07-31 20:39:47,104 [INFO] app.core.extractor - Leitura atual encontrada: 32.985,00 -> 32985
2026-07-31 20:39:47,105 [WARNING] app.core.normalizer - Não foi possível normalizar valor monetário ',': could not convert string to float: '.'
2026-07-31 20:39:47,107 [INFO] app.core.extractor - Extração concluída: UC=669.008.008-24 | Fatura=0202606071133140 | Referência=06/2026 | Valor=503.72 | Consumo=295 | Leitura Anterior=32690 | Leitura Atual=32985
2026-07-31 20:39:47,108 [INFO] werkzeug - 127.0.0.1 - - [31/Jul/2026 20:39:47] "POST /api/process HTTP/1.1" 200 -
2026-07-31 20:39:48,231 [INFO] app.server - Arquivo salvo temporariamente: FLEXEIRAS_-_FATURAS_AGRUPADAS_EQTL_AL_COMP._06.2026_-_ASSISTENCIA_SOCIAL.pdf
2026-07-31 20:39:48,233 [INFO] werkzeug - 127.0.0.1 - - [31/Jul/2026 20:39:48] "POST /api/upload HTTP/1.1" 200 -
2026-07-31 20:39:48,239 [INFO] app.core.pdf_reader - Lendo PDF: C:\Users\mathe\Desktop\py\uploads\FLEXEIRAS_-_FATURAS_AGRUPADAS_EQTL_AL_COMP._06.2026_-_ASSISTENCIA_SOCIAL.pdf
2026-07-31 20:39:48,434 [INFO] app.core.pdf_reader - Texto extraído da página 1
2026-07-31 20:39:48,507 [INFO] app.core.pdf_reader - Texto extraído da página 2
2026-07-31 20:39:48,631 [INFO] app.core.pdf_reader - Texto extraído da página 3
2026-07-31 20:39:48,806 [INFO] app.core.pdf_reader - Texto extraído da página 4
2026-07-31 20:39:48,815 [WARNING] app.core.pdf_reader - Página 5 sem texto selecionável.
2026-07-31 20:39:48,919 [INFO] app.core.pdf_reader - Texto extraído da página 6
2026-07-31 20:39:48,921 [WARNING] app.core.pdf_reader - Página 7 sem texto selecionável.
2026-07-31 20:39:49,031 [INFO] app.core.pdf_reader - Texto extraído da página 8
2026-07-31 20:39:49,033 [WARNING] app.core.pdf_reader - Página 9 sem texto selecionável.
2026-07-31 20:39:49,034 [INFO] app.core.extractor - Iniciando extração da fatura.
2026-07-31 20:39:49,035 [INFO] app.core.extractor - Número da fatura encontrado: 0202606071133140
2026-07-31 20:39:49,036 [INFO] app.core.normalizer - UC normalizada com sucesso: '669.008.008-24'
2026-07-31 20:39:49,036 [INFO] app.core.extractor - UC encontrada no texto: '669.008.008-24'
2026-07-31 20:39:49,038 [INFO] app.core.extractor - UC após normalização: '669.008.008-24'
2026-07-31 20:39:49,048 [INFO] app.core.extractor - Cabeçalho de Valores Medidos encontrado.
2026-07-31 20:39:49,051 [INFO] app.core.extractor - Linha de dados das leituras: 'CAT E2005221 1,00 0,00 32.690,00 32.985,00 295,00'
2026-07-31 20:39:49,052 [INFO] app.core.extractor - Números encontrados na linha de leituras: ['1,00', '0,00', '32.690,00', '32.985,00', '295,00']
2026-07-31 20:39:49,052 [INFO] app.core.extractor - Leitura anterior encontrada: 32.690,00 -> 32690
2026-07-31 20:39:49,052 [INFO] app.core.extractor - Leitura atual encontrada: 32.985,00 -> 32985
2026-07-31 20:39:49,053 [WARNING] app.core.normalizer - Não foi possível normalizar valor monetário ',': could not convert string to float: '.'
2026-07-31 20:39:49,055 [INFO] app.core.extractor - Extração concluída: UC=669.008.008-24 | Fatura=0202606071133140 | Referência=06/2026 | Valor=503.72 | Consumo=295 | Leitura Anterior=32690 | Leitura Atual=32985
2026-07-31 20:39:49,058 [INFO] werkzeug - 127.0.0.1 - - [31/Jul/2026 20:39:49] "POST /api/process HTTP/1.1" 200 -
2026-07-31 20:41:23,592 [INFO] werkzeug -  * Detected change in 'C:\\Users\\mathe\\Desktop\\py\\app\\core\\extractor.py', reloading
2026-07-31 20:41:23,770 [INFO] werkzeug -  * Restarting with stat
2026-07-31 20:41:25,031 [WARNING] werkzeug -  * Debugger is active!
2026-07-31 20:41:25,040 [INFO] werkzeug -  * Debugger PIN: 511-121-778
2026-07-31 20:41:26,177 [INFO] app.server - Arquivo salvo temporariamente: FLEXEIRAS_-_FATURAS_AGRUPADAS_EQTL_AL_COMP._06.2026_-_ASSISTENCIA_SOCIAL.pdf
2026-07-31 20:41:26,179 [INFO] werkzeug - 127.0.0.1 - - [31/Jul/2026 20:41:26] "POST /api/upload HTTP/1.1" 200 -
2026-07-31 20:41:26,185 [INFO] app.core.pdf_reader - Lendo PDF: C:\Users\mathe\Desktop\py\uploads\FLEXEIRAS_-_FATURAS_AGRUPADAS_EQTL_AL_COMP._06.2026_-_ASSISTENCIA_SOCIAL.pdf
2026-07-31 20:41:26,400 [INFO] app.core.pdf_reader - Texto extraído da página 1
2026-07-31 20:41:26,430 [INFO] app.core.pdf_reader - Texto extraído da página 2
2026-07-31 20:41:26,494 [INFO] app.core.pdf_reader - Texto extraído da página 3
2026-07-31 20:41:26,579 [INFO] app.core.pdf_reader - Texto extraído da página 4
2026-07-31 20:41:26,587 [WARNING] app.core.pdf_reader - Página 5 sem texto selecionável.
2026-07-31 20:41:26,650 [INFO] app.core.pdf_reader - Texto extraído da página 6
2026-07-31 20:41:26,651 [WARNING] app.core.pdf_reader - Página 7 sem texto selecionável.
2026-07-31 20:41:26,840 [INFO] app.core.pdf_reader - Texto extraído da página 8
2026-07-31 20:41:26,842 [WARNING] app.core.pdf_reader - Página 9 sem texto selecionável.
2026-07-31 20:41:26,844 [INFO] app.core.extractor - Iniciando extração da fatura.
2026-07-31 20:41:26,848 [INFO] app.core.extractor - Cliente encontrado: MUNICIPIO DE FLEXEIRAS
2026-07-31 20:41:26,851 [INFO] app.core.normalizer - UC normalizada com sucesso: '669.008.008-24'
2026-07-31 20:41:26,852 [INFO] app.core.extractor - UC encontrada: '669.008.008-24'
2026-07-31 20:41:26,854 [INFO] app.core.extractor - Medidor encontrado: Cte
2026-07-31 20:41:26,859 [INFO] app.core.extractor - Local da unidade encontrado: FLEXEIRAS
2026-07-31 20:41:26,864 [INFO] app.core.extractor - Conta/mês encontrado: 06/2026
2026-07-31 20:41:26,865 [INFO] app.core.extractor - Vencimento encontrado: 2026-07-23
2026-07-31 20:41:26,871 [INFO] app.core.extractor - Classificação encontrada: B3
2026-07-31 20:41:26,872 [INFO] app.core.extractor - Subclasse encontrada: 5178411600
2026-07-31 20:41:26,877 [INFO] app.core.extractor - Tipo de fornecimento encontrado: 1,00
2026-07-31 20:41:26,878 [INFO] app.core.extractor - Linha de dados das leituras: 'CAT E2005221 1,00 0,00 32.690,00 32.985,00 295,00'
2026-07-31 20:41:26,879 [INFO] app.core.extractor - Números encontrados na linha de leituras: ['1,00', '0,00', '32.690,00', '32.985,00', '295,00']
2026-07-31 20:41:26,879 [INFO] app.core.extractor - Leitura anterior: 32690
2026-07-31 20:41:26,880 [INFO] app.core.extractor - Leitura atual: 32985
2026-07-31 20:41:26,880 [INFO] app.core.extractor - Consumo encontrado: 295.0 kWh
2026-07-31 20:41:26,881 [INFO] app.core.extractor - Total a pagar encontrado: R$ 503.72
2026-07-31 20:41:26,885 [INFO] app.core.extractor - Extração concluída - Cliente: MUNICIPIO DE FLEXEIRAS | UC: 669.008.008-24 | Medidor: Cte | Local: FLEXEIRAS | Conta/Mês: 06/2026 | Vencimento: 2026-07-23 | Classificação: B3 | Subclasse: 5178411600 | Tipo Fornecimento: 1,00 | Leitura Anterior: 32690 | Leitura Atual: 32985 | Consumo: 295.0 | Total: 503.72
2026-07-31 20:41:26,889 [INFO] werkzeug - 127.0.0.1 - - [31/Jul/2026 20:41:26] "POST /api/process HTTP/1.1" 200 -
2026-07-31 20:41:38,551 [INFO] werkzeug -  * Detected change in 'C:\\Users\\mathe\\Desktop\\py\\app\\core\\extractor.py', reloading
2026-07-31 20:41:38,859 [INFO] werkzeug -  * Restarting with stat
2026-07-31 20:41:40,210 [WARNING] werkzeug -  * Debugger is active!
2026-07-31 20:41:40,227 [INFO] werkzeug -  * Debugger PIN: 511-121-778
2026-07-31 20:41:40,621 [INFO] app.server - Arquivo salvo temporariamente: FLEXEIRAS_-_FATURAS_AGRUPADAS_EQTL_AL_COMP._06.2026_-_ASSISTENCIA_SOCIAL.pdf
2026-07-31 20:41:40,622 [INFO] werkzeug - 127.0.0.1 - - [31/Jul/2026 20:41:40] "POST /api/upload HTTP/1.1" 200 -
2026-07-31 20:41:40,627 [INFO] app.core.pdf_reader - Lendo PDF: C:\Users\mathe\Desktop\py\uploads\FLEXEIRAS_-_FATURAS_AGRUPADAS_EQTL_AL_COMP._06.2026_-_ASSISTENCIA_SOCIAL.pdf
2026-07-31 20:41:40,712 [INFO] app.core.pdf_reader - Texto extraído da página 1
2026-07-31 20:41:40,742 [INFO] app.core.pdf_reader - Texto extraído da página 2
2026-07-31 20:41:40,798 [INFO] app.core.pdf_reader - Texto extraído da página 3
2026-07-31 20:41:40,884 [INFO] app.core.pdf_reader - Texto extraído da página 4
2026-07-31 20:41:40,889 [WARNING] app.core.pdf_reader - Página 5 sem texto selecionável.
2026-07-31 20:41:40,967 [INFO] app.core.pdf_reader - Texto extraído da página 6
2026-07-31 20:41:40,969 [WARNING] app.core.pdf_reader - Página 7 sem texto selecionável.
2026-07-31 20:41:41,098 [INFO] app.core.pdf_reader - Texto extraído da página 8
2026-07-31 20:41:41,100 [WARNING] app.core.pdf_reader - Página 9 sem texto selecionável.
2026-07-31 20:41:41,101 [INFO] app.core.extractor - Iniciando extração da fatura.
2026-07-31 20:41:41,104 [INFO] app.core.extractor - Número da fatura encontrado: 0202606071133140
2026-07-31 20:41:41,105 [INFO] app.core.normalizer - UC normalizada com sucesso: '669.008.008-24'
2026-07-31 20:41:41,105 [INFO] app.core.extractor - UC encontrada no texto: '669.008.008-24'
2026-07-31 20:41:41,106 [INFO] app.core.extractor - UC após normalização: '669.008.008-24'
2026-07-31 20:41:41,110 [INFO] app.core.extractor - Cabeçalho de Valores Medidos encontrado.
2026-07-31 20:41:41,111 [INFO] app.core.extractor - Linha de dados das leituras: 'CAT E2005221 1,00 0,00 32.690,00 32.985,00 295,00'
2026-07-31 20:41:41,111 [INFO] app.core.extractor - Números encontrados na linha de leituras: ['1,00', '0,00', '32.690,00', '32.985,00', '295,00']
2026-07-31 20:41:41,112 [INFO] app.core.extractor - Leitura anterior encontrada: 32.690,00 -> 32690
2026-07-31 20:41:41,113 [INFO] app.core.extractor - Leitura atual encontrada: 32.985,00 -> 32985
2026-07-31 20:41:41,115 [WARNING] app.core.normalizer - Não foi possível normalizar valor monetário ',': could not convert string to float: '.'
2026-07-31 20:41:41,117 [INFO] app.core.extractor - Extração concluída: UC=669.008.008-24 | Fatura=0202606071133140 | Referência=06/2026 | Valor=503.72 | Consumo=295 | Leitura Anterior=32690 | Leitura Atual=32985
2026-07-31 20:41:41,118 [INFO] werkzeug - 127.0.0.1 - - [31/Jul/2026 20:41:41] "POST /api/process HTTP/1.1" 200 -
2026-07-31 20:41:42,955 [INFO] app.server - Arquivo salvo temporariamente: FLEXEIRAS_-_FATURAS_AGRUPADAS_EQTL_AL_COMP._06.2026_-_ASSISTENCIA_SOCIAL.pdf
2026-07-31 20:41:42,956 [INFO] werkzeug - 127.0.0.1 - - [31/Jul/2026 20:41:42] "POST /api/upload HTTP/1.1" 200 -
2026-07-31 20:41:42,962 [INFO] app.core.pdf_reader - Lendo PDF: C:\Users\mathe\Desktop\py\uploads\FLEXEIRAS_-_FATURAS_AGRUPADAS_EQTL_AL_COMP._06.2026_-_ASSISTENCIA_SOCIAL.pdf
2026-07-31 20:41:43,180 [INFO] app.core.pdf_reader - Texto extraído da página 1
2026-07-31 20:41:43,250 [INFO] app.core.pdf_reader - Texto extraído da página 2
2026-07-31 20:41:43,396 [INFO] app.core.pdf_reader - Texto extraído da página 3
2026-07-31 20:41:43,544 [INFO] app.core.pdf_reader - Texto extraído da página 4
2026-07-31 20:41:43,550 [WARNING] app.core.pdf_reader - Página 5 sem texto selecionável.
2026-07-31 20:41:43,652 [INFO] app.core.pdf_reader - Texto extraído da página 6
2026-07-31 20:41:43,654 [WARNING] app.core.pdf_reader - Página 7 sem texto selecionável.
2026-07-31 20:41:43,757 [INFO] app.core.pdf_reader - Texto extraído da página 8
2026-07-31 20:41:43,758 [WARNING] app.core.pdf_reader - Página 9 sem texto selecionável.
2026-07-31 20:41:43,759 [INFO] app.core.extractor - Iniciando extração da fatura.
2026-07-31 20:41:43,761 [INFO] app.core.extractor - Número da fatura encontrado: 0202606071133140
2026-07-31 20:41:43,761 [INFO] app.core.normalizer - UC normalizada com sucesso: '669.008.008-24'
2026-07-31 20:41:43,762 [INFO] app.core.extractor - UC encontrada no texto: '669.008.008-24'
2026-07-31 20:41:43,762 [INFO] app.core.extractor - UC após normalização: '669.008.008-24'
2026-07-31 20:41:43,764 [INFO] app.core.extractor - Cabeçalho de Valores Medidos encontrado.
2026-07-31 20:41:43,767 [INFO] app.core.extractor - Linha de dados das leituras: 'CAT E2005221 1,00 0,00 32.690,00 32.985,00 295,00'
2026-07-31 20:41:43,768 [INFO] app.core.extractor - Números encontrados na linha de leituras: ['1,00', '0,00', '32.690,00', '32.985,00', '295,00']
2026-07-31 20:41:43,768 [INFO] app.core.extractor - Leitura anterior encontrada: 32.690,00 -> 32690
2026-07-31 20:41:43,768 [INFO] app.core.extractor - Leitura atual encontrada: 32.985,00 -> 32985
2026-07-31 20:41:43,769 [WARNING] app.core.normalizer - Não foi possível normalizar valor monetário ',': could not convert string to float: '.'
2026-07-31 20:41:43,770 [INFO] app.core.extractor - Extração concluída: UC=669.008.008-24 | Fatura=0202606071133140 | Referência=06/2026 | Valor=503.72 | Consumo=295 | Leitura Anterior=32690 | Leitura Atual=32985
2026-07-31 20:41:43,770 [INFO] werkzeug - 127.0.0.1 - - [31/Jul/2026 20:41:43] "POST /api/process HTTP/1.1" 200 -
2026-07-31 20:41:46,836 [INFO] werkzeug - 127.0.0.1 - - [31/Jul/2026 20:41:46] "GET / HTTP/1.1" 200 -
2026-07-31 20:41:46,894 [INFO] werkzeug - 127.0.0.1 - - [31/Jul/2026 20:41:46] "[36mGET /static/js/app.js HTTP/1.1[0m" 304 -
2026-07-31 20:41:46,905 [INFO] werkzeug - 127.0.0.1 - - [31/Jul/2026 20:41:46] "[36mGET /static/css/style.css HTTP/1.1[0m" 304 -
2026-07-31 20:41:51,069 [INFO] app.server - Arquivo salvo temporariamente: FLEXEIRAS_-_FATURAS_AGRUPADAS_EQTL_AL_COMP._06.2026_-_ASSISTENCIA_SOCIAL.pdf
2026-07-31 20:41:51,071 [INFO] werkzeug - 127.0.0.1 - - [31/Jul/2026 20:41:51] "POST /api/upload HTTP/1.1" 200 -
2026-07-31 20:41:51,075 [INFO] app.core.pdf_reader - Lendo PDF: C:\Users\mathe\Desktop\py\uploads\FLEXEIRAS_-_FATURAS_AGRUPADAS_EQTL_AL_COMP._06.2026_-_ASSISTENCIA_SOCIAL.pdf
2026-07-31 20:41:51,296 [INFO] app.core.pdf_reader - Texto extraído da página 1
2026-07-31 20:41:51,388 [INFO] app.core.pdf_reader - Texto extraído da página 2
2026-07-31 20:41:51,511 [INFO] app.core.pdf_reader - Texto extraído da página 3
2026-07-31 20:41:51,695 [INFO] app.core.pdf_reader - Texto extraído da página 4
2026-07-31 20:41:51,706 [WARNING] app.core.pdf_reader - Página 5 sem texto selecionável.
2026-07-31 20:41:51,812 [INFO] app.core.pdf_reader - Texto extraído da página 6
2026-07-31 20:41:51,814 [WARNING] app.core.pdf_reader - Página 7 sem texto selecionável.
2026-07-31 20:41:51,924 [INFO] app.core.pdf_reader - Texto extraído da página 8
2026-07-31 20:41:51,925 [WARNING] app.core.pdf_reader - Página 9 sem texto selecionável.
2026-07-31 20:41:51,926 [INFO] app.core.extractor - Iniciando extração da fatura.
2026-07-31 20:41:51,928 [INFO] app.core.extractor - Número da fatura encontrado: 0202606071133140
2026-07-31 20:41:51,928 [INFO] app.core.normalizer - UC normalizada com sucesso: '669.008.008-24'
2026-07-31 20:41:51,929 [INFO] app.core.extractor - UC encontrada no texto: '669.008.008-24'
2026-07-31 20:41:51,929 [INFO] app.core.extractor - UC após normalização: '669.008.008-24'
2026-07-31 20:41:51,932 [INFO] app.core.extractor - Cabeçalho de Valores Medidos encontrado.
2026-07-31 20:41:51,932 [INFO] app.core.extractor - Linha de dados das leituras: 'CAT E2005221 1,00 0,00 32.690,00 32.985,00 295,00'
2026-07-31 20:41:51,933 [INFO] app.core.extractor - Números encontrados na linha de leituras: ['1,00', '0,00', '32.690,00', '32.985,00', '295,00']
2026-07-31 20:41:51,934 [INFO] app.core.extractor - Leitura anterior encontrada: 32.690,00 -> 32690
2026-07-31 20:41:51,934 [INFO] app.core.extractor - Leitura atual encontrada: 32.985,00 -> 32985
2026-07-31 20:41:51,935 [WARNING] app.core.normalizer - Não foi possível normalizar valor monetário ',': could not convert string to float: '.'
2026-07-31 20:41:51,936 [INFO] app.core.extractor - Extração concluída: UC=669.008.008-24 | Fatura=0202606071133140 | Referência=06/2026 | Valor=503.72 | Consumo=295 | Leitura Anterior=32690 | Leitura Atual=32985
2026-07-31 20:41:51,937 [INFO] werkzeug - 127.0.0.1 - - [31/Jul/2026 20:41:51] "POST /api/process HTTP/1.1" 200 -
2026-07-31 20:42:34,739 [INFO] werkzeug -  * Detected change in 'C:\\Users\\mathe\\Desktop\\py\\app\\core\\extractor.py', reloading
2026-07-31 20:42:35,126 [INFO] werkzeug -  * Restarting with stat
2026-07-31 20:42:36,626 [WARNING] werkzeug -  * Debugger is active!
2026-07-31 20:42:36,640 [INFO] werkzeug -  * Debugger PIN: 511-121-778
2026-07-31 20:42:38,886 [INFO] app.server - Arquivo salvo temporariamente: FLEXEIRAS_-_FATURAS_AGRUPADAS_EQTL_AL_COMP._06.2026_-_ASSISTENCIA_SOCIAL.pdf
2026-07-31 20:42:38,889 [INFO] werkzeug - 127.0.0.1 - - [31/Jul/2026 20:42:38] "POST /api/upload HTTP/1.1" 200 -
2026-07-31 20:42:38,894 [INFO] app.core.pdf_reader - Lendo PDF: C:\Users\mathe\Desktop\py\uploads\FLEXEIRAS_-_FATURAS_AGRUPADAS_EQTL_AL_COMP._06.2026_-_ASSISTENCIA_SOCIAL.pdf
2026-07-31 20:42:39,246 [INFO] app.core.pdf_reader - Texto extraído da página 1
2026-07-31 20:42:39,348 [INFO] app.core.pdf_reader - Texto extraído da página 2
2026-07-31 20:42:39,522 [INFO] app.core.pdf_reader - Texto extraído da página 3
2026-07-31 20:42:39,682 [INFO] app.core.pdf_reader - Texto extraído da página 4
2026-07-31 20:42:39,689 [WARNING] app.core.pdf_reader - Página 5 sem texto selecionável.
2026-07-31 20:42:39,821 [INFO] app.core.pdf_reader - Texto extraído da página 6
2026-07-31 20:42:39,823 [WARNING] app.core.pdf_reader - Página 7 sem texto selecionável.
2026-07-31 20:42:40,014 [INFO] app.core.pdf_reader - Texto extraído da página 8
2026-07-31 20:42:40,018 [WARNING] app.core.pdf_reader - Página 9 sem texto selecionável.
2026-07-31 20:42:40,020 [INFO] app.core.extractor - Iniciando extração da fatura.
2026-07-31 20:42:40,031 [INFO] app.core.extractor - Cliente encontrado: MUNICIPIO DE FLEXEIRAS
2026-07-31 20:42:40,035 [INFO] app.core.normalizer - UC normalizada com sucesso: '669.008.008-24'
2026-07-31 20:42:40,040 [INFO] app.core.extractor - UC encontrada: '669.008.008-24'
2026-07-31 20:42:40,042 [INFO] app.core.extractor - Medidor encontrado: Cte
2026-07-31 20:42:40,044 [INFO] app.core.extractor - Local da unidade encontrado: FLEXEIRAS
2026-07-31 20:42:40,047 [INFO] app.core.extractor - Conta/mês encontrado: 06/2026
2026-07-31 20:42:40,049 [INFO] app.core.extractor - Vencimento encontrado: 2026-07-23
2026-07-31 20:42:40,051 [INFO] app.core.extractor - Classificação encontrada: B3
2026-07-31 20:42:40,056 [INFO] app.core.extractor - Subclasse encontrada: 5178411600
2026-07-31 20:42:40,059 [INFO] app.core.extractor - Tipo de fornecimento encontrado: 1,00
2026-07-31 20:42:40,061 [INFO] app.core.extractor - Linha de dados das leituras: 'CAT E2005221 1,00 0,00 32.690,00 32.985,00 295,00'
2026-07-31 20:42:40,063 [INFO] app.core.extractor - Números encontrados na linha de leituras: ['1,00', '0,00', '32.690,00', '32.985,00', '295,00']
2026-07-31 20:42:40,064 [INFO] app.core.extractor - Leitura anterior: 32690
2026-07-31 20:42:40,065 [INFO] app.core.extractor - Leitura atual: 32985
2026-07-31 20:42:40,066 [INFO] app.core.extractor - Consumo encontrado: 295.0 kWh
2026-07-31 20:42:40,067 [INFO] app.core.extractor - Total a pagar encontrado: R$ 503.72
2026-07-31 20:42:40,068 [INFO] app.core.extractor - Extração concluída - Cliente: MUNICIPIO DE FLEXEIRAS | UC: 669.008.008-24 | Medidor: Cte | Local: FLEXEIRAS | Conta/Mês: 06/2026 | Vencimento: 2026-07-23 | Classificação: B3 | Subclasse: 5178411600 | Tipo Fornecimento: 1,00 | Leitura Anterior: 32690 | Leitura Atual: 32985 | Consumo: 295.0 | Total: 503.72
2026-07-31 20:42:40,072 [INFO] werkzeug - 127.0.0.1 - - [31/Jul/2026 20:42:40] "POST /api/process HTTP/1.1" 200 -
2026-07-31 20:43:15,234 [INFO] werkzeug - [31m[1mWARNING: This is a development server. Do not use it in a production deployment. Use a production WSGI server instead.[0m
 * Running on http://127.0.0.1:5000
2026-07-31 20:43:15,234 [INFO] werkzeug - [33mPress CTRL+C to quit[0m
2026-07-31 20:43:15,235 [INFO] werkzeug -  * Restarting with stat
2026-07-31 20:43:16,918 [WARNING] werkzeug -  * Debugger is active!
2026-07-31 20:43:16,927 [INFO] werkzeug -  * Debugger PIN: 511-121-778
2026-07-31 20:43:18,678 [INFO] werkzeug - 127.0.0.1 - - [31/Jul/2026 20:43:18] "GET / HTTP/1.1" 200 -
2026-07-31 20:43:18,708 [INFO] werkzeug - 127.0.0.1 - - [31/Jul/2026 20:43:18] "[36mGET /static/js/app.js HTTP/1.1[0m" 304 -
2026-07-31 20:43:18,709 [INFO] werkzeug - 127.0.0.1 - - [31/Jul/2026 20:43:18] "[36mGET /static/css/style.css HTTP/1.1[0m" 304 -
2026-07-31 20:43:23,769 [INFO] app.server - Arquivo salvo temporariamente: FLEXEIRAS_-_FATURAS_AGRUPADAS_EQTL_AL_COMP._06.2026_-_ASSISTENCIA_SOCIAL.pdf
2026-07-31 20:43:23,786 [INFO] werkzeug - 127.0.0.1 - - [31/Jul/2026 20:43:23] "POST /api/upload HTTP/1.1" 200 -
2026-07-31 20:43:23,802 [INFO] app.core.pdf_reader - Lendo PDF: C:\Users\mathe\Desktop\py\uploads\FLEXEIRAS_-_FATURAS_AGRUPADAS_EQTL_AL_COMP._06.2026_-_ASSISTENCIA_SOCIAL.pdf
2026-07-31 20:43:24,002 [INFO] app.core.pdf_reader - Texto extraído da página 1
2026-07-31 20:43:24,076 [INFO] app.core.pdf_reader - Texto extraído da página 2
2026-07-31 20:43:24,214 [INFO] app.core.pdf_reader - Texto extraído da página 3
2026-07-31 20:43:24,377 [INFO] app.core.pdf_reader - Texto extraído da página 4
2026-07-31 20:43:24,383 [WARNING] app.core.pdf_reader - Página 5 sem texto selecionável.
2026-07-31 20:43:24,488 [INFO] app.core.pdf_reader - Texto extraído da página 6
2026-07-31 20:43:24,490 [WARNING] app.core.pdf_reader - Página 7 sem texto selecionável.
2026-07-31 20:43:24,669 [INFO] app.core.pdf_reader - Texto extraído da página 8
2026-07-31 20:43:24,673 [WARNING] app.core.pdf_reader - Página 9 sem texto selecionável.
2026-07-31 20:43:24,675 [INFO] app.core.extractor - Iniciando extração da fatura.
2026-07-31 20:43:24,684 [INFO] app.core.extractor - Cliente encontrado: MUNICIPIO DE FLEXEIRAS
2026-07-31 20:43:24,685 [INFO] app.core.normalizer - UC normalizada com sucesso: '669.008.008-24'
2026-07-31 20:43:24,688 [INFO] app.core.extractor - UC encontrada: '669.008.008-24'
2026-07-31 20:43:24,689 [INFO] app.core.extractor - Medidor encontrado: Cte
2026-07-31 20:43:24,690 [INFO] app.core.extractor - Local da unidade encontrado: FLEXEIRAS
2026-07-31 20:43:24,695 [INFO] app.core.extractor - Conta/mês encontrado: 06/2026
2026-07-31 20:43:24,696 [INFO] app.core.extractor - Vencimento encontrado: 2026-07-23
2026-07-31 20:43:24,697 [INFO] app.core.extractor - Classificação encontrada: B3
2026-07-31 20:43:24,700 [INFO] app.core.extractor - Subclasse encontrada: 5178411600
2026-07-31 20:43:24,702 [INFO] app.core.extractor - Tipo de fornecimento encontrado: 1,00
2026-07-31 20:43:24,705 [INFO] app.core.extractor - Linha de dados das leituras: 'CAT E2005221 1,00 0,00 32.690,00 32.985,00 295,00'
2026-07-31 20:43:24,705 [INFO] app.core.extractor - Números encontrados na linha de leituras: ['1,00', '0,00', '32.690,00', '32.985,00', '295,00']
2026-07-31 20:43:24,706 [INFO] app.core.extractor - Leitura anterior: 32690
2026-07-31 20:43:24,707 [INFO] app.core.extractor - Leitura atual: 32985
2026-07-31 20:43:24,709 [INFO] app.core.extractor - Consumo encontrado: 295.0 kWh
2026-07-31 20:43:24,712 [INFO] app.core.extractor - Total a pagar encontrado: R$ 503.72
2026-07-31 20:43:24,713 [INFO] app.core.extractor - Extração concluída - Cliente: MUNICIPIO DE FLEXEIRAS | UC: 669.008.008-24 | Medidor: Cte | Local: FLEXEIRAS | Conta/Mês: 06/2026 | Vencimento: 2026-07-23 | Classificação: B3 | Subclasse: 5178411600 | Tipo Fornecimento: 1,00 | Leitura Anterior: 32690 | Leitura Atual: 32985 | Consumo: 295.0 | Total: 503.72
2026-07-31 20:43:24,714 [INFO] werkzeug - 127.0.0.1 - - [31/Jul/2026 20:43:24] "POST /api/process HTTP/1.1" 200 -
2026-07-31 20:44:53,218 [INFO] app.server - Arquivo salvo temporariamente: FLEXEIRAS_-_FATURAS_AGRUPADAS_EQTL_AL_COMP._06.2026_-_ASSISTENCIA_SOCIAL.pdf
2026-07-31 20:44:53,220 [INFO] werkzeug - 127.0.0.1 - - [31/Jul/2026 20:44:53] "POST /api/upload HTTP/1.1" 200 -
2026-07-31 20:44:53,230 [INFO] app.core.pdf_reader - Lendo PDF: C:\Users\mathe\Desktop\py\uploads\FLEXEIRAS_-_FATURAS_AGRUPADAS_EQTL_AL_COMP._06.2026_-_ASSISTENCIA_SOCIAL.pdf
2026-07-31 20:44:53,422 [INFO] app.core.pdf_reader - Texto extraído da página 1
2026-07-31 20:44:53,521 [INFO] app.core.pdf_reader - Texto extraído da página 2
2026-07-31 20:44:53,746 [INFO] app.core.pdf_reader - Texto extraído da página 3
2026-07-31 20:44:54,034 [INFO] app.core.pdf_reader - Texto extraído da página 4
2026-07-31 20:44:54,050 [WARNING] app.core.pdf_reader - Página 5 sem texto selecionável.
2026-07-31 20:44:54,158 [INFO] app.core.pdf_reader - Texto extraído da página 6
2026-07-31 20:44:54,160 [WARNING] app.core.pdf_reader - Página 7 sem texto selecionável.
2026-07-31 20:44:54,256 [INFO] app.core.pdf_reader - Texto extraído da página 8
2026-07-31 20:44:54,258 [WARNING] app.core.pdf_reader - Página 9 sem texto selecionável.
2026-07-31 20:44:54,259 [INFO] app.core.extractor - Iniciando extração da fatura.
2026-07-31 20:44:54,261 [INFO] app.core.extractor - Cliente encontrado: MUNICIPIO DE FLEXEIRAS
2026-07-31 20:44:54,262 [INFO] app.core.normalizer - UC normalizada com sucesso: '669.008.008-24'
2026-07-31 20:44:54,263 [INFO] app.core.extractor - UC encontrada: '669.008.008-24'
2026-07-31 20:44:54,263 [INFO] app.core.extractor - Medidor encontrado: Cte
2026-07-31 20:44:54,263 [INFO] app.core.extractor - Local da unidade encontrado: FLEXEIRAS
2026-07-31 20:44:54,264 [INFO] app.core.extractor - Conta/mês encontrado: 06/2026
2026-07-31 20:44:54,265 [INFO] app.core.extractor - Vencimento encontrado: 2026-07-23
2026-07-31 20:44:54,265 [INFO] app.core.extractor - Classificação encontrada: B3
2026-07-31 20:44:54,265 [INFO] app.core.extractor - Subclasse encontrada: 5178411600
2026-07-31 20:44:54,266 [INFO] app.core.extractor - Tipo de fornecimento encontrado: 1,00
2026-07-31 20:44:54,266 [INFO] app.core.extractor - Linha de dados das leituras: 'CAT E2005221 1,00 0,00 32.690,00 32.985,00 295,00'
2026-07-31 20:44:54,267 [INFO] app.core.extractor - Números encontrados na linha de leituras: ['1,00', '0,00', '32.690,00', '32.985,00', '295,00']
2026-07-31 20:44:54,267 [INFO] app.core.extractor - Leitura anterior: 32690
2026-07-31 20:44:54,267 [INFO] app.core.extractor - Leitura atual: 32985
2026-07-31 20:44:54,267 [INFO] app.core.extractor - Consumo encontrado: 295.0 kWh
2026-07-31 20:44:54,268 [INFO] app.core.extractor - Total a pagar encontrado: R$ 503.72
2026-07-31 20:44:54,269 [INFO] app.core.extractor - Extração concluída - Cliente: MUNICIPIO DE FLEXEIRAS | UC: 669.008.008-24 | Medidor: Cte | Local: FLEXEIRAS | Conta/Mês: 06/2026 | Vencimento: 2026-07-23 | Classificação: B3 | Subclasse: 5178411600 | Tipo Fornecimento: 1,00 | Leitura Anterior: 32690 | Leitura Atual: 32985 | Consumo: 295.0 | Total: 503.72
2026-07-31 20:44:54,270 [INFO] werkzeug - 127.0.0.1 - - [31/Jul/2026 20:44:54] "POST /api/process HTTP/1.1" 200 -
2026-07-31 20:44:56,063 [INFO] app.server - Arquivo salvo temporariamente: FLEXEIRAS_-_FATURAS_AGRUPADAS_EQTL_AL_COMP._06.2026_-_ASSISTENCIA_SOCIAL.pdf
2026-07-31 20:44:56,064 [INFO] werkzeug - 127.0.0.1 - - [31/Jul/2026 20:44:56] "POST /api/upload HTTP/1.1" 200 -
2026-07-31 20:44:56,085 [INFO] app.core.pdf_reader - Lendo PDF: C:\Users\mathe\Desktop\py\uploads\FLEXEIRAS_-_FATURAS_AGRUPADAS_EQTL_AL_COMP._06.2026_-_ASSISTENCIA_SOCIAL.pdf
2026-07-31 20:44:56,327 [INFO] app.core.pdf_reader - Texto extraído da página 1
2026-07-31 20:44:56,418 [INFO] app.core.pdf_reader - Texto extraído da página 2
2026-07-31 20:44:56,559 [INFO] app.core.pdf_reader - Texto extraído da página 3
2026-07-31 20:44:56,727 [INFO] app.core.pdf_reader - Texto extraído da página 4
2026-07-31 20:44:56,736 [WARNING] app.core.pdf_reader - Página 5 sem texto selecionável.
2026-07-31 20:44:56,835 [INFO] app.core.pdf_reader - Texto extraído da página 6
2026-07-31 20:44:56,836 [WARNING] app.core.pdf_reader - Página 7 sem texto selecionável.
2026-07-31 20:44:56,957 [INFO] app.core.pdf_reader - Texto extraído da página 8
2026-07-31 20:44:56,960 [WARNING] app.core.pdf_reader - Página 9 sem texto selecionável.
2026-07-31 20:44:56,961 [INFO] app.core.extractor - Iniciando extração da fatura.
2026-07-31 20:44:56,965 [INFO] app.core.extractor - Cliente encontrado: MUNICIPIO DE FLEXEIRAS
2026-07-31 20:44:56,967 [INFO] app.core.normalizer - UC normalizada com sucesso: '669.008.008-24'
2026-07-31 20:44:56,967 [INFO] app.core.extractor - UC encontrada: '669.008.008-24'
2026-07-31 20:44:56,968 [INFO] app.core.extractor - Medidor encontrado: Cte
2026-07-31 20:44:56,968 [INFO] app.core.extractor - Local da unidade encontrado: FLEXEIRAS
2026-07-31 20:44:56,969 [INFO] app.core.extractor - Conta/mês encontrado: 06/2026
2026-07-31 20:44:56,970 [INFO] app.core.extractor - Vencimento encontrado: 2026-07-23
2026-07-31 20:44:56,971 [INFO] app.core.extractor - Classificação encontrada: B3
2026-07-31 20:44:56,971 [INFO] app.core.extractor - Subclasse encontrada: 5178411600
2026-07-31 20:44:56,972 [INFO] app.core.extractor - Tipo de fornecimento encontrado: 1,00
2026-07-31 20:44:56,972 [INFO] app.core.extractor - Linha de dados das leituras: 'CAT E2005221 1,00 0,00 32.690,00 32.985,00 295,00'
2026-07-31 20:44:56,973 [INFO] app.core.extractor - Números encontrados na linha de leituras: ['1,00', '0,00', '32.690,00', '32.985,00', '295,00']
2026-07-31 20:44:56,974 [INFO] app.core.extractor - Leitura anterior: 32690
2026-07-31 20:44:56,974 [INFO] app.core.extractor - Leitura atual: 32985
2026-07-31 20:44:56,975 [INFO] app.core.extractor - Consumo encontrado: 295.0 kWh
2026-07-31 20:44:56,975 [INFO] app.core.extractor - Total a pagar encontrado: R$ 503.72
2026-07-31 20:44:56,976 [INFO] app.core.extractor - Extração concluída - Cliente: MUNICIPIO DE FLEXEIRAS | UC: 669.008.008-24 | Medidor: Cte | Local: FLEXEIRAS | Conta/Mês: 06/2026 | Vencimento: 2026-07-23 | Classificação: B3 | Subclasse: 5178411600 | Tipo Fornecimento: 1,00 | Leitura Anterior: 32690 | Leitura Atual: 32985 | Consumo: 295.0 | Total: 503.72
2026-07-31 20:44:56,977 [INFO] werkzeug - 127.0.0.1 - - [31/Jul/2026 20:44:56] "POST /api/process HTTP/1.1" 200 -
2026-07-31 20:45:02,078 [INFO] werkzeug - 127.0.0.1 - - [31/Jul/2026 20:45:02] "GET / HTTP/1.1" 200 -
2026-07-31 20:45:02,118 [INFO] werkzeug - 127.0.0.1 - - [31/Jul/2026 20:45:02] "[36mGET /static/css/style.css HTTP/1.1[0m" 304 -
2026-07-31 20:45:02,119 [INFO] werkzeug - 127.0.0.1 - - [31/Jul/2026 20:45:02] "GET /static/js/app.js HTTP/1.1" 200 -
2026-07-31 20:45:09,045 [INFO] app.server - Arquivo salvo temporariamente: FLEXEIRAS_-_FATURAS_AGRUPADAS_EQTL_AL_COMP._06.2026_-_ASSISTENCIA_SOCIAL.pdf
2026-07-31 20:45:09,047 [INFO] werkzeug - 127.0.0.1 - - [31/Jul/2026 20:45:09] "POST /api/upload HTTP/1.1" 200 -
2026-07-31 20:45:09,054 [INFO] app.core.pdf_reader - Lendo PDF: C:\Users\mathe\Desktop\py\uploads\FLEXEIRAS_-_FATURAS_AGRUPADAS_EQTL_AL_COMP._06.2026_-_ASSISTENCIA_SOCIAL.pdf
2026-07-31 20:45:09,588 [INFO] app.core.pdf_reader - Texto extraído da página 1
2026-07-31 20:45:09,734 [INFO] app.core.pdf_reader - Texto extraído da página 2
2026-07-31 20:45:09,867 [INFO] app.core.pdf_reader - Texto extraído da página 3
2026-07-31 20:45:10,083 [INFO] app.core.pdf_reader - Texto extraído da página 4
2026-07-31 20:45:10,098 [WARNING] app.core.pdf_reader - Página 5 sem texto selecionável.
2026-07-31 20:45:10,220 [INFO] app.core.pdf_reader - Texto extraído da página 6
2026-07-31 20:45:10,222 [WARNING] app.core.pdf_reader - Página 7 sem texto selecionável.
2026-07-31 20:45:10,318 [INFO] app.core.pdf_reader - Texto extraído da página 8
2026-07-31 20:45:10,320 [WARNING] app.core.pdf_reader - Página 9 sem texto selecionável.
2026-07-31 20:45:10,321 [INFO] app.core.extractor - Iniciando extração da fatura.
2026-07-31 20:45:10,323 [INFO] app.core.extractor - Cliente encontrado: MUNICIPIO DE FLEXEIRAS
2026-07-31 20:45:10,324 [INFO] app.core.normalizer - UC normalizada com sucesso: '669.008.008-24'
2026-07-31 20:45:10,325 [INFO] app.core.extractor - UC encontrada: '669.008.008-24'
2026-07-31 20:45:10,326 [INFO] app.core.extractor - Medidor encontrado: Cte
2026-07-31 20:45:10,326 [INFO] app.core.extractor - Local da unidade encontrado: FLEXEIRAS
2026-07-31 20:45:10,327 [INFO] app.core.extractor - Conta/mês encontrado: 06/2026
2026-07-31 20:45:10,328 [INFO] app.core.extractor - Vencimento encontrado: 2026-07-23
2026-07-31 20:45:10,328 [INFO] app.core.extractor - Classificação encontrada: B3
2026-07-31 20:45:10,329 [INFO] app.core.extractor - Subclasse encontrada: 5178411600
2026-07-31 20:45:10,329 [INFO] app.core.extractor - Tipo de fornecimento encontrado: 1,00
2026-07-31 20:45:10,330 [INFO] app.core.extractor - Linha de dados das leituras: 'CAT E2005221 1,00 0,00 32.690,00 32.985,00 295,00'
2026-07-31 20:45:10,331 [INFO] app.core.extractor - Números encontrados na linha de leituras: ['1,00', '0,00', '32.690,00', '32.985,00', '295,00']
2026-07-31 20:45:10,331 [INFO] app.core.extractor - Leitura anterior: 32690
2026-07-31 20:45:10,332 [INFO] app.core.extractor - Leitura atual: 32985
2026-07-31 20:45:10,332 [INFO] app.core.extractor - Consumo encontrado: 295.0 kWh
2026-07-31 20:45:10,332 [INFO] app.core.extractor - Total a pagar encontrado: R$ 503.72
2026-07-31 20:45:10,332 [INFO] app.core.extractor - Extração concluída - Cliente: MUNICIPIO DE FLEXEIRAS | UC: 669.008.008-24 | Medidor: Cte | Local: FLEXEIRAS | Conta/Mês: 06/2026 | Vencimento: 2026-07-23 | Classificação: B3 | Subclasse: 5178411600 | Tipo Fornecimento: 1,00 | Leitura Anterior: 32690 | Leitura Atual: 32985 | Consumo: 295.0 | Total: 503.72
2026-07-31 20:45:10,333 [INFO] werkzeug - 127.0.0.1 - - [31/Jul/2026 20:45:10] "POST /api/process HTTP/1.1" 200 -
2026-07-31 20:45:47,391 [INFO] werkzeug - 127.0.0.1 - - [31/Jul/2026 20:45:47] "GET /?utm_source=chatgpt.com HTTP/1.1" 200 -
2026-07-31 20:45:53,258 [INFO] app.server - Arquivo salvo temporariamente: FLEXEIRAS_-_FATURAS_AGRUPADAS_EQTL_AL_COMP._06.2026_-_ASSISTENCIA_SOCIAL.pdf
2026-07-31 20:45:53,259 [INFO] werkzeug - 127.0.0.1 - - [31/Jul/2026 20:45:53] "POST /api/upload HTTP/1.1" 200 -
2026-07-31 20:45:53,265 [INFO] app.core.pdf_reader - Lendo PDF: C:\Users\mathe\Desktop\py\uploads\FLEXEIRAS_-_FATURAS_AGRUPADAS_EQTL_AL_COMP._06.2026_-_ASSISTENCIA_SOCIAL.pdf
2026-07-31 20:45:53,638 [INFO] app.core.pdf_reader - Texto extraído da página 1
2026-07-31 20:45:53,785 [INFO] app.core.pdf_reader - Texto extraído da página 2
2026-07-31 20:45:53,927 [INFO] app.core.pdf_reader - Texto extraído da página 3
2026-07-31 20:45:54,154 [INFO] app.core.pdf_reader - Texto extraído da página 4
2026-07-31 20:45:54,160 [WARNING] app.core.pdf_reader - Página 5 sem texto selecionável.
2026-07-31 20:45:54,253 [INFO] app.core.pdf_reader - Texto extraído da página 6
2026-07-31 20:45:54,255 [WARNING] app.core.pdf_reader - Página 7 sem texto selecionável.
2026-07-31 20:45:54,369 [INFO] app.core.pdf_reader - Texto extraído da página 8
2026-07-31 20:45:54,371 [WARNING] app.core.pdf_reader - Página 9 sem texto selecionável.
2026-07-31 20:45:54,372 [INFO] app.core.extractor - Iniciando extração da fatura.
2026-07-31 20:45:54,375 [INFO] app.core.extractor - Cliente encontrado: MUNICIPIO DE FLEXEIRAS
2026-07-31 20:45:54,376 [INFO] app.core.normalizer - UC normalizada com sucesso: '669.008.008-24'
2026-07-31 20:45:54,376 [INFO] app.core.extractor - UC encontrada: '669.008.008-24'
2026-07-31 20:45:54,380 [INFO] app.core.extractor - Medidor encontrado: Cte
2026-07-31 20:45:54,381 [INFO] app.core.extractor - Local da unidade encontrado: FLEXEIRAS
2026-07-31 20:45:54,381 [INFO] app.core.extractor - Conta/mês encontrado: 06/2026
2026-07-31 20:45:54,382 [INFO] app.core.extractor - Vencimento encontrado: 2026-07-23
2026-07-31 20:45:54,382 [INFO] app.core.extractor - Classificação encontrada: B3
2026-07-31 20:45:54,383 [INFO] app.core.extractor - Subclasse encontrada: 5178411600
2026-07-31 20:45:54,383 [INFO] app.core.extractor - Tipo de fornecimento encontrado: 1,00
2026-07-31 20:45:54,383 [INFO] app.core.extractor - Linha de dados das leituras: 'CAT E2005221 1,00 0,00 32.690,00 32.985,00 295,00'
2026-07-31 20:45:54,384 [INFO] app.core.extractor - Números encontrados na linha de leituras: ['1,00', '0,00', '32.690,00', '32.985,00', '295,00']
2026-07-31 20:45:54,385 [INFO] app.core.extractor - Leitura anterior: 32690
2026-07-31 20:45:54,385 [INFO] app.core.extractor - Leitura atual: 32985
2026-07-31 20:45:54,385 [INFO] app.core.extractor - Consumo encontrado: 295.0 kWh
2026-07-31 20:45:54,385 [INFO] app.core.extractor - Total a pagar encontrado: R$ 503.72
2026-07-31 20:45:54,386 [INFO] app.core.extractor - Extração concluída - Cliente: MUNICIPIO DE FLEXEIRAS | UC: 669.008.008-24 | Medidor: Cte | Local: FLEXEIRAS | Conta/Mês: 06/2026 | Vencimento: 2026-07-23 | Classificação: B3 | Subclasse: 5178411600 | Tipo Fornecimento: 1,00 | Leitura Anterior: 32690 | Leitura Atual: 32985 | Consumo: 295.0 | Total: 503.72
2026-07-31 20:45:54,387 [INFO] werkzeug - 127.0.0.1 - - [31/Jul/2026 20:45:54] "POST /api/process HTTP/1.1" 200 -
2026-07-31 20:48:17,434 [INFO] app.server - Arquivo salvo temporariamente: FLEXEIRAS_-_FATURAS_AGRUPADAS_EQTL_AL_COMP._06.2026_-_ASSISTENCIA_SOCIAL.pdf
2026-07-31 20:48:17,437 [INFO] werkzeug - 127.0.0.1 - - [31/Jul/2026 20:48:17] "POST /api/upload HTTP/1.1" 200 -
2026-07-31 20:48:17,456 [INFO] app.core.pdf_reader - Lendo PDF: C:\Users\mathe\Desktop\py\uploads\FLEXEIRAS_-_FATURAS_AGRUPADAS_EQTL_AL_COMP._06.2026_-_ASSISTENCIA_SOCIAL.pdf
2026-07-31 20:48:17,664 [INFO] app.core.pdf_reader - Texto extraído da página 1
2026-07-31 20:48:17,738 [INFO] app.core.pdf_reader - Texto extraído da página 2
2026-07-31 20:48:18,081 [INFO] app.core.pdf_reader - Texto extraído da página 3
2026-07-31 20:48:18,217 [INFO] app.core.pdf_reader - Texto extraído da página 4
2026-07-31 20:48:18,230 [WARNING] app.core.pdf_reader - Página 5 sem texto selecionável.
2026-07-31 20:48:18,429 [INFO] app.core.pdf_reader - Texto extraído da página 6
2026-07-31 20:48:18,432 [WARNING] app.core.pdf_reader - Página 7 sem texto selecionável.
2026-07-31 20:48:18,626 [INFO] app.core.pdf_reader - Texto extraído da página 8
2026-07-31 20:48:18,629 [WARNING] app.core.pdf_reader - Página 9 sem texto selecionável.
2026-07-31 20:48:18,631 [INFO] app.core.extractor - Iniciando extração da fatura.
2026-07-31 20:48:18,638 [INFO] app.core.extractor - Cliente encontrado: MUNICIPIO DE FLEXEIRAS
2026-07-31 20:48:18,639 [INFO] app.core.normalizer - UC normalizada com sucesso: '669.008.008-24'
2026-07-31 20:48:18,639 [INFO] app.core.extractor - UC encontrada: '669.008.008-24'
2026-07-31 20:48:18,640 [INFO] app.core.extractor - Medidor encontrado: Cte
2026-07-31 20:48:18,642 [INFO] app.core.extractor - Local da unidade encontrado: FLEXEIRAS
2026-07-31 20:48:18,645 [INFO] app.core.extractor - Conta/mês encontrado: 06/2026
2026-07-31 20:48:18,645 [INFO] app.core.extractor - Vencimento encontrado: 2026-07-23
2026-07-31 20:48:18,646 [INFO] app.core.extractor - Classificação encontrada: B3
2026-07-31 20:48:18,648 [INFO] app.core.extractor - Subclasse encontrada: 5178411600
2026-07-31 20:48:18,648 [INFO] app.core.extractor - Tipo de fornecimento encontrado: 1,00
2026-07-31 20:48:18,649 [INFO] app.core.extractor - Linha de dados das leituras: 'CAT E2005221 1,00 0,00 32.690,00 32.985,00 295,00'
2026-07-31 20:48:18,650 [INFO] app.core.extractor - Números encontrados na linha de leituras: ['1,00', '0,00', '32.690,00', '32.985,00', '295,00']
2026-07-31 20:48:18,651 [INFO] app.core.extractor - Leitura anterior: 32690
2026-07-31 20:48:18,655 [INFO] app.core.extractor - Leitura atual: 32985
2026-07-31 20:48:18,656 [INFO] app.core.extractor - Consumo encontrado: 295.0 kWh
2026-07-31 20:48:18,657 [INFO] app.core.extractor - Total a pagar encontrado: R$ 503.72
2026-07-31 20:48:18,657 [INFO] app.core.extractor - Extração concluída - Cliente: MUNICIPIO DE FLEXEIRAS | UC: 669.008.008-24 | Medidor: Cte | Local: FLEXEIRAS | Conta/Mês: 06/2026 | Vencimento: 2026-07-23 | Classificação: B3 | Subclasse: 5178411600 | Tipo Fornecimento: 1,00 | Leitura Anterior: 32690 | Leitura Atual: 32985 | Consumo: 295.0 | Total: 503.72
2026-07-31 20:48:18,658 [INFO] werkzeug - 127.0.0.1 - - [31/Jul/2026 20:48:18] "POST /api/process HTTP/1.1" 200 -
2026-07-31 20:51:05,191 [INFO] werkzeug -  * Detected change in 'C:\\Users\\mathe\\Desktop\\py\\app\\core\\extractor.py', reloading
2026-07-31 20:51:05,447 [INFO] werkzeug -  * Restarting with stat
2026-07-31 20:51:07,151 [WARNING] werkzeug -  * Debugger is active!
2026-07-31 20:51:07,168 [INFO] werkzeug -  * Debugger PIN: 511-121-778
2026-07-31 20:51:07,569 [INFO] app.server - Arquivo salvo temporariamente: FLEXEIRAS_-_FATURAS_AGRUPADAS_EQTL_AL_COMP._06.2026_-_ASSISTENCIA_SOCIAL.pdf
2026-07-31 20:51:07,573 [INFO] werkzeug - 127.0.0.1 - - [31/Jul/2026 20:51:07] "POST /api/upload HTTP/1.1" 200 -
2026-07-31 20:51:07,582 [INFO] app.core.pdf_reader - Lendo PDF: C:\Users\mathe\Desktop\py\uploads\FLEXEIRAS_-_FATURAS_AGRUPADAS_EQTL_AL_COMP._06.2026_-_ASSISTENCIA_SOCIAL.pdf
2026-07-31 20:51:07,710 [INFO] app.core.pdf_reader - Texto extraído da página 1
2026-07-31 20:51:07,763 [INFO] app.core.pdf_reader - Texto extraído da página 2
2026-07-31 20:51:07,826 [INFO] app.core.pdf_reader - Texto extraído da página 3
2026-07-31 20:51:07,968 [INFO] app.core.pdf_reader - Texto extraído da página 4
2026-07-31 20:51:07,978 [WARNING] app.core.pdf_reader - Página 5 sem texto selecionável.
2026-07-31 20:51:08,114 [INFO] app.core.pdf_reader - Texto extraído da página 6
2026-07-31 20:51:08,115 [WARNING] app.core.pdf_reader - Página 7 sem texto selecionável.
2026-07-31 20:51:08,232 [INFO] app.core.pdf_reader - Texto extraído da página 8
2026-07-31 20:51:08,235 [WARNING] app.core.pdf_reader - Página 9 sem texto selecionável.
2026-07-31 20:51:08,237 [INFO] app.core.extractor - Iniciando extração da fatura.
2026-07-31 20:51:08,242 [INFO] app.core.extractor - Cliente encontrado: MUNICIPIO DE FLEXEIRAS
2026-07-31 20:51:08,248 [INFO] app.core.normalizer - UC normalizada com sucesso: '669.008.008-24'
2026-07-31 20:51:08,249 [INFO] app.core.extractor - UC encontrada: '669.008.008-24'
2026-07-31 20:51:08,251 [INFO] app.core.extractor - Local da unidade encontrado: FLEXEIRAS
2026-07-31 20:51:08,252 [INFO] app.core.extractor - Conta/mês encontrado: 06/2026
2026-07-31 20:51:08,255 [INFO] app.core.extractor - Vencimento encontrado: 2026-07-23
2026-07-31 20:51:08,257 [INFO] app.core.extractor - Classificação encontrada: B3
2026-07-31 20:51:08,259 [INFO] app.core.extractor - Subclasse encontrada: 5178411600
2026-07-31 20:51:08,261 [INFO] app.core.extractor - Tipo de fornecimento encontrado: 1,00
2026-07-31 20:51:08,266 [INFO] app.core.extractor - Linha de dados das leituras: 'CAT E2005221 1,00 0,00 32.690,00 32.985,00 295,00'
2026-07-31 20:51:08,270 [INFO] app.core.extractor - Números encontrados na linha de leituras: ['1,00', '0,00', '32.690,00', '32.985,00', '295,00']
2026-07-31 20:51:08,272 [INFO] app.core.extractor - Leitura anterior: 32690
2026-07-31 20:51:08,275 [INFO] app.core.extractor - Leitura atual: 32985
2026-07-31 20:51:08,279 [INFO] app.core.extractor - Consumo encontrado: 295.0 kWh
2026-07-31 20:51:08,285 [INFO] app.core.extractor - Total a pagar encontrado: R$ 503.72
2026-07-31 20:51:08,291 [INFO] app.core.extractor - Extração concluída - Cliente: MUNICIPIO DE FLEXEIRAS | UC: 669.008.008-24 | Medidor: N/A | Local: FLEXEIRAS | Conta/Mês: 06/2026 | Vencimento: 2026-07-23 | Classificação: B3 | Subclasse: 5178411600 | Tipo Fornecimento: 1,00 | Leitura Anterior: 32690 | Leitura Atual: 32985 | Consumo: 295.0 | Total: 503.72
2026-07-31 20:51:08,300 [INFO] werkzeug - 127.0.0.1 - - [31/Jul/2026 20:51:08] "POST /api/process HTTP/1.1" 200 -
2026-07-31 20:52:52,814 [INFO] werkzeug -  * Detected change in 'C:\\Users\\mathe\\Desktop\\py\\app\\core\\excel_writer.py', reloading
2026-07-31 20:52:52,976 [INFO] werkzeug -  * Restarting with stat
2026-07-31 20:52:54,315 [WARNING] werkzeug -  * Debugger is active!
2026-07-31 20:52:54,326 [INFO] werkzeug -  * Debugger PIN: 511-121-778
2026-07-31 20:55:32,438 [INFO] werkzeug - 127.0.0.1 - - [31/Jul/2026 20:55:32] "GET /?utm_source=chatgpt.com HTTP/1.1" 200 -
2026-07-31 20:55:32,468 [INFO] werkzeug - 127.0.0.1 - - [31/Jul/2026 20:55:32] "[36mGET /static/js/app.js HTTP/1.1[0m" 304 -
2026-07-31 20:55:32,471 [INFO] werkzeug - 127.0.0.1 - - [31/Jul/2026 20:55:32] "[36mGET /static/css/style.css HTTP/1.1[0m" 304 -
2026-07-31 20:55:38,694 [INFO] app.server - Arquivo salvo temporariamente: FLEXEIRAS_-_FATURAS_AGRUPADAS_EQTL_AL_COMP._06.2026_-_ASSISTENCIA_SOCIAL.pdf
2026-07-31 20:55:38,695 [INFO] werkzeug - 127.0.0.1 - - [31/Jul/2026 20:55:38] "POST /api/upload HTTP/1.1" 200 -
2026-07-31 20:55:38,700 [INFO] app.core.pdf_reader - Lendo PDF: C:\Users\mathe\Desktop\py\uploads\FLEXEIRAS_-_FATURAS_AGRUPADAS_EQTL_AL_COMP._06.2026_-_ASSISTENCIA_SOCIAL.pdf
2026-07-31 20:55:38,894 [INFO] app.core.pdf_reader - Texto extraído da página 1
2026-07-31 20:55:38,960 [INFO] app.core.pdf_reader - Texto extraído da página 2
2026-07-31 20:55:39,094 [INFO] app.core.pdf_reader - Texto extraído da página 3
2026-07-31 20:55:39,269 [INFO] app.core.pdf_reader - Texto extraído da página 4
2026-07-31 20:55:39,277 [WARNING] app.core.pdf_reader - Página 5 sem texto selecionável.
2026-07-31 20:55:39,371 [INFO] app.core.pdf_reader - Texto extraído da página 6
2026-07-31 20:55:39,373 [WARNING] app.core.pdf_reader - Página 7 sem texto selecionável.
2026-07-31 20:55:39,564 [INFO] app.core.pdf_reader - Texto extraído da página 8
2026-07-31 20:55:39,566 [WARNING] app.core.pdf_reader - Página 9 sem texto selecionável.
2026-07-31 20:55:39,567 [INFO] app.core.extractor - Iniciando extração da fatura.
2026-07-31 20:55:39,570 [INFO] app.core.extractor - Cliente encontrado: MUNICIPIO DE FLEXEIRAS
2026-07-31 20:55:39,572 [INFO] app.core.normalizer - UC normalizada com sucesso: '669.008.008-24'
2026-07-31 20:55:39,581 [INFO] app.core.extractor - UC encontrada: '669.008.008-24'
2026-07-31 20:55:39,589 [INFO] app.core.extractor - Local da unidade encontrado: FLEXEIRAS
2026-07-31 20:55:39,593 [INFO] app.core.extractor - Conta/mês encontrado: 06/2026
2026-07-31 20:55:39,594 [INFO] app.core.extractor - Vencimento encontrado: 2026-07-23
2026-07-31 20:55:39,595 [INFO] app.core.extractor - Classificação encontrada: B3
2026-07-31 20:55:39,600 [INFO] app.core.extractor - Subclasse encontrada: 5178411600
2026-07-31 20:55:39,602 [INFO] app.core.extractor - Tipo de fornecimento encontrado: 1,00
2026-07-31 20:55:39,603 [INFO] app.core.extractor - Linha de dados das leituras: 'CAT E2005221 1,00 0,00 32.690,00 32.985,00 295,00'
2026-07-31 20:55:39,603 [INFO] app.core.extractor - Números encontrados na linha de leituras: ['1,00', '0,00', '32.690,00', '32.985,00', '295,00']
2026-07-31 20:55:39,610 [INFO] app.core.extractor - Leitura anterior: 32690
2026-07-31 20:55:39,611 [INFO] app.core.extractor - Leitura atual: 32985
2026-07-31 20:55:39,611 [INFO] app.core.extractor - Consumo encontrado: 295.0 kWh
2026-07-31 20:55:39,615 [INFO] app.core.extractor - Total a pagar encontrado: R$ 503.72
2026-07-31 20:55:39,617 [INFO] app.core.extractor - Extração concluída - Cliente: MUNICIPIO DE FLEXEIRAS | UC: 669.008.008-24 | Medidor: N/A | Local: FLEXEIRAS | Conta/Mês: 06/2026 | Vencimento: 2026-07-23 | Classificação: B3 | Subclasse: 5178411600 | Tipo Fornecimento: 1,00 | Leitura Anterior: 32690 | Leitura Atual: 32985 | Consumo: 295.0 | Total: 503.72
2026-07-31 20:55:39,621 [INFO] werkzeug - 127.0.0.1 - - [31/Jul/2026 20:55:39] "POST /api/process HTTP/1.1" 200 -
2026-07-31 20:56:24,780 [INFO] app.server - Arquivo salvo temporariamente: FLEXEIRAS_-_FATURAS_AGRUPADAS_EQTL_AL_COMP._06.2026_-_ASSISTENCIA_SOCIAL.pdf
2026-07-31 20:56:24,783 [INFO] werkzeug - 127.0.0.1 - - [31/Jul/2026 20:56:24] "POST /api/upload HTTP/1.1" 200 -
2026-07-31 20:56:24,790 [INFO] app.core.pdf_reader - Lendo PDF: C:\Users\mathe\Desktop\py\uploads\FLEXEIRAS_-_FATURAS_AGRUPADAS_EQTL_AL_COMP._06.2026_-_ASSISTENCIA_SOCIAL.pdf
2026-07-31 20:56:24,999 [INFO] app.core.pdf_reader - Texto extraído da página 1
2026-07-31 20:56:25,070 [INFO] app.core.pdf_reader - Texto extraído da página 2
2026-07-31 20:56:25,188 [INFO] app.core.pdf_reader - Texto extraído da página 3
2026-07-31 20:56:25,334 [INFO] app.core.pdf_reader - Texto extraído da página 4
2026-07-31 20:56:25,341 [WARNING] app.core.pdf_reader - Página 5 sem texto selecionável.
2026-07-31 20:56:25,441 [INFO] app.core.pdf_reader - Texto extraído da página 6
2026-07-31 20:56:25,442 [WARNING] app.core.pdf_reader - Página 7 sem texto selecionável.
2026-07-31 20:56:25,625 [INFO] app.core.pdf_reader - Texto extraído da página 8
2026-07-31 20:56:25,627 [WARNING] app.core.pdf_reader - Página 9 sem texto selecionável.
2026-07-31 20:56:25,628 [INFO] app.core.extractor - Iniciando extração da fatura.
2026-07-31 20:56:25,631 [INFO] app.core.extractor - Cliente encontrado: MUNICIPIO DE FLEXEIRAS
2026-07-31 20:56:25,632 [INFO] app.core.normalizer - UC normalizada com sucesso: '669.008.008-24'
2026-07-31 20:56:25,632 [INFO] app.core.extractor - UC encontrada: '669.008.008-24'
2026-07-31 20:56:25,635 [INFO] app.core.extractor - Local da unidade encontrado: FLEXEIRAS
2026-07-31 20:56:25,635 [INFO] app.core.extractor - Conta/mês encontrado: 06/2026
2026-07-31 20:56:25,640 [INFO] app.core.extractor - Vencimento encontrado: 2026-07-23
2026-07-31 20:56:25,660 [INFO] app.core.extractor - Classificação encontrada: B3
2026-07-31 20:56:25,675 [INFO] app.core.extractor - Subclasse encontrada: 5178411600
2026-07-31 20:56:25,683 [INFO] app.core.extractor - Tipo de fornecimento encontrado: 1,00
2026-07-31 20:56:25,690 [INFO] app.core.extractor - Linha de dados das leituras: 'CAT E2005221 1,00 0,00 32.690,00 32.985,00 295,00'
2026-07-31 20:56:25,705 [INFO] app.core.extractor - Números encontrados na linha de leituras: ['1,00', '0,00', '32.690,00', '32.985,00', '295,00']
2026-07-31 20:56:25,720 [INFO] app.core.extractor - Leitura anterior: 32690
2026-07-31 20:56:25,730 [INFO] app.core.extractor - Leitura atual: 32985
2026-07-31 20:56:25,736 [INFO] app.core.extractor - Consumo encontrado: 295.0 kWh
2026-07-31 20:56:25,747 [INFO] app.core.extractor - Total a pagar encontrado: R$ 503.72
2026-07-31 20:56:25,760 [INFO] app.core.extractor - Extração concluída - Cliente: MUNICIPIO DE FLEXEIRAS | UC: 669.008.008-24 | Medidor: N/A | Local: FLEXEIRAS | Conta/Mês: 06/2026 | Vencimento: 2026-07-23 | Classificação: B3 | Subclasse: 5178411600 | Tipo Fornecimento: 1,00 | Leitura Anterior: 32690 | Leitura Atual: 32985 | Consumo: 295.0 | Total: 503.72
2026-07-31 20:56:25,770 [INFO] werkzeug - 127.0.0.1 - - [31/Jul/2026 20:56:25] "POST /api/process HTTP/1.1" 200 -
2026-07-31 20:58:09,116 [INFO] werkzeug - 127.0.0.1 - - [31/Jul/2026 20:58:09] "GET /?utm_source=chatgpt.com HTTP/1.1" 200 -
2026-07-31 20:58:09,138 [INFO] werkzeug - 127.0.0.1 - - [31/Jul/2026 20:58:09] "[36mGET /static/css/style.css HTTP/1.1[0m" 304 -
2026-07-31 20:58:09,140 [INFO] werkzeug - 127.0.0.1 - - [31/Jul/2026 20:58:09] "[36mGET /static/js/app.js HTTP/1.1[0m" 304 -
2026-07-31 20:58:15,104 [INFO] app.server - Arquivo salvo temporariamente: FLEXEIRAS_-_FATURAS_AGRUPADAS_EQTL_AL_COMP._06.2026_-_ASSISTENCIA_SOCIAL.pdf
2026-07-31 20:58:15,106 [INFO] werkzeug - 127.0.0.1 - - [31/Jul/2026 20:58:15] "POST /api/upload HTTP/1.1" 200 -
2026-07-31 20:58:15,115 [INFO] app.core.pdf_reader - Lendo PDF: C:\Users\mathe\Desktop\py\uploads\FLEXEIRAS_-_FATURAS_AGRUPADAS_EQTL_AL_COMP._06.2026_-_ASSISTENCIA_SOCIAL.pdf
2026-07-31 20:58:15,312 [INFO] app.core.pdf_reader - Texto extraído da página 1
2026-07-31 20:58:15,382 [INFO] app.core.pdf_reader - Texto extraído da página 2
2026-07-31 20:58:15,499 [INFO] app.core.pdf_reader - Texto extraído da página 3
2026-07-31 20:58:15,662 [INFO] app.core.pdf_reader - Texto extraído da página 4
2026-07-31 20:58:15,670 [WARNING] app.core.pdf_reader - Página 5 sem texto selecionável.
2026-07-31 20:58:15,769 [INFO] app.core.pdf_reader - Texto extraído da página 6
2026-07-31 20:58:15,774 [WARNING] app.core.pdf_reader - Página 7 sem texto selecionável.
2026-07-31 20:58:15,971 [INFO] app.core.pdf_reader - Texto extraído da página 8
2026-07-31 20:58:15,974 [WARNING] app.core.pdf_reader - Página 9 sem texto selecionável.
2026-07-31 20:58:15,976 [INFO] app.core.extractor - Iniciando extração da fatura.
2026-07-31 20:58:15,978 [INFO] app.core.extractor - Cliente encontrado: MUNICIPIO DE FLEXEIRAS
2026-07-31 20:58:15,979 [INFO] app.core.normalizer - UC normalizada com sucesso: '669.008.008-24'
2026-07-31 20:58:15,980 [INFO] app.core.extractor - UC encontrada: '669.008.008-24'
2026-07-31 20:58:15,981 [INFO] app.core.extractor - Local da unidade encontrado: FLEXEIRAS
2026-07-31 20:58:15,982 [INFO] app.core.extractor - Conta/mês encontrado: 06/2026
2026-07-31 20:58:15,987 [INFO] app.core.extractor - Vencimento encontrado: 2026-07-23
2026-07-31 20:58:16,001 [INFO] app.core.extractor - Classificação encontrada: B3
2026-07-31 20:58:16,014 [INFO] app.core.extractor - Subclasse encontrada: 5178411600
2026-07-31 20:58:16,016 [INFO] app.core.extractor - Tipo de fornecimento encontrado: 1,00
2026-07-31 20:58:16,016 [INFO] app.core.extractor - Linha de dados das leituras: 'CAT E2005221 1,00 0,00 32.690,00 32.985,00 295,00'
2026-07-31 20:58:16,017 [INFO] app.core.extractor - Números encontrados na linha de leituras: ['1,00', '0,00', '32.690,00', '32.985,00', '295,00']
2026-07-31 20:58:16,018 [INFO] app.core.extractor - Leitura anterior: 32690
2026-07-31 20:58:16,018 [INFO] app.core.extractor - Leitura atual: 32985
2026-07-31 20:58:16,018 [INFO] app.core.extractor - Consumo encontrado: 295.0 kWh
2026-07-31 20:58:16,019 [INFO] app.core.extractor - Total a pagar encontrado: R$ 503.72
2026-07-31 20:58:16,019 [INFO] app.core.extractor - Extração concluída - Cliente: MUNICIPIO DE FLEXEIRAS | UC: 669.008.008-24 | Medidor: N/A | Local: FLEXEIRAS | Conta/Mês: 06/2026 | Vencimento: 2026-07-23 | Classificação: B3 | Subclasse: 5178411600 | Tipo Fornecimento: 1,00 | Leitura Anterior: 32690 | Leitura Atual: 32985 | Consumo: 295.0 | Total: 503.72
2026-07-31 20:58:16,019 [INFO] werkzeug - 127.0.0.1 - - [31/Jul/2026 20:58:16] "POST /api/process HTTP/1.1" 200 -
2026-07-31 20:59:48,071 [INFO] app.server - Arquivo salvo temporariamente: FLEXEIRAS_-_FATURAS_AGRUPADAS_EQTL_AL_COMP._06.2026_-_ASSISTENCIA_SOCIAL.pdf
2026-07-31 20:59:48,072 [INFO] app.server - Arquivo salvo temporariamente: Fatura.pdf
2026-07-31 20:59:48,073 [INFO] werkzeug - 127.0.0.1 - - [31/Jul/2026 20:59:48] "POST /api/upload HTTP/1.1" 200 -
2026-07-31 20:59:48,080 [INFO] app.core.pdf_reader - Lendo PDF: C:\Users\mathe\Desktop\py\uploads\FLEXEIRAS_-_FATURAS_AGRUPADAS_EQTL_AL_COMP._06.2026_-_ASSISTENCIA_SOCIAL.pdf
2026-07-31 20:59:48,694 [INFO] app.core.pdf_reader - Texto extraído da página 1
2026-07-31 20:59:48,798 [INFO] app.core.pdf_reader - Texto extraído da página 2
2026-07-31 20:59:48,979 [INFO] app.core.pdf_reader - Texto extraído da página 3
2026-07-31 20:59:49,227 [INFO] app.core.pdf_reader - Texto extraído da página 4
2026-07-31 20:59:49,233 [WARNING] app.core.pdf_reader - Página 5 sem texto selecionável.
2026-07-31 20:59:49,378 [INFO] app.core.pdf_reader - Texto extraído da página 6
2026-07-31 20:59:49,381 [WARNING] app.core.pdf_reader - Página 7 sem texto selecionável.
2026-07-31 20:59:49,491 [INFO] app.core.pdf_reader - Texto extraído da página 8
2026-07-31 20:59:49,493 [WARNING] app.core.pdf_reader - Página 9 sem texto selecionável.
2026-07-31 20:59:49,494 [INFO] app.core.extractor - Iniciando extração da fatura.
2026-07-31 20:59:49,496 [INFO] app.core.extractor - Cliente encontrado: MUNICIPIO DE FLEXEIRAS
2026-07-31 20:59:49,496 [INFO] app.core.normalizer - UC normalizada com sucesso: '669.008.008-24'
2026-07-31 20:59:49,497 [INFO] app.core.extractor - UC encontrada: '669.008.008-24'
2026-07-31 20:59:49,497 [INFO] app.core.extractor - Local da unidade encontrado: FLEXEIRAS
2026-07-31 20:59:49,498 [INFO] app.core.extractor - Conta/mês encontrado: 06/2026
2026-07-31 20:59:49,498 [INFO] app.core.extractor - Vencimento encontrado: 2026-07-23
2026-07-31 20:59:49,498 [INFO] app.core.extractor - Classificação encontrada: B3
2026-07-31 20:59:49,498 [INFO] app.core.extractor - Subclasse encontrada: 5178411600
2026-07-31 20:59:49,499 [INFO] app.core.extractor - Tipo de fornecimento encontrado: 1,00
2026-07-31 20:59:49,499 [INFO] app.core.extractor - Linha de dados das leituras: 'CAT E2005221 1,00 0,00 32.690,00 32.985,00 295,00'
2026-07-31 20:59:49,499 [INFO] app.core.extractor - Números encontrados na linha de leituras: ['1,00', '0,00', '32.690,00', '32.985,00', '295,00']
2026-07-31 20:59:49,500 [INFO] app.core.extractor - Leitura anterior: 32690
2026-07-31 20:59:49,500 [INFO] app.core.extractor - Leitura atual: 32985
2026-07-31 20:59:49,500 [INFO] app.core.extractor - Consumo encontrado: 295.0 kWh
2026-07-31 20:59:49,501 [INFO] app.core.extractor - Total a pagar encontrado: R$ 503.72
2026-07-31 20:59:49,501 [INFO] app.core.extractor - Extração concluída - Cliente: MUNICIPIO DE FLEXEIRAS | UC: 669.008.008-24 | Medidor: N/A | Local: FLEXEIRAS | Conta/Mês: 06/2026 | Vencimento: 2026-07-23 | Classificação: B3 | Subclasse: 5178411600 | Tipo Fornecimento: 1,00 | Leitura Anterior: 32690 | Leitura Atual: 32985 | Consumo: 295.0 | Total: 503.72
2026-07-31 20:59:49,502 [INFO] app.core.pdf_reader - Lendo PDF: C:\Users\mathe\Desktop\py\uploads\Fatura.pdf
2026-07-31 20:59:49,637 [INFO] app.core.pdf_reader - Texto extraído da página 1
2026-07-31 20:59:49,637 [INFO] app.core.extractor - Iniciando extração da fatura.
2026-07-31 20:59:49,639 [WARNING] app.core.extractor - UC não encontrada pelo extrator.
2026-07-31 20:59:49,640 [WARNING] app.core.extractor - Cabeçalho de leituras não encontrado.
2026-07-31 20:59:49,640 [INFO] app.core.extractor - Extração concluída - Cliente: N/A | UC: N/A | Medidor: N/A | Local: N/A | Conta/Mês: N/A | Vencimento: N/A | Classificação: N/A | Subclasse: N/A | Tipo Fornecimento: N/A | Leitura Anterior: 0 | Leitura Atual: 0 | Consumo: 0.0 | Total: 0.0
2026-07-31 20:59:49,641 [INFO] werkzeug - 127.0.0.1 - - [31/Jul/2026 20:59:49] "POST /api/process HTTP/1.1" 200 -
2026-07-31 21:00:31,300 [INFO] app.server - Arquivo salvo temporariamente: Fatura.pdf
2026-07-31 21:00:31,301 [INFO] werkzeug - 127.0.0.1 - - [31/Jul/2026 21:00:31] "POST /api/upload HTTP/1.1" 200 -
2026-07-31 21:00:31,308 [INFO] app.core.pdf_reader - Lendo PDF: C:\Users\mathe\Desktop\py\uploads\Fatura.pdf
2026-07-31 21:00:31,445 [INFO] app.core.pdf_reader - Texto extraído da página 1
2026-07-31 21:00:31,446 [INFO] app.core.extractor - Iniciando extração da fatura.
2026-07-31 21:00:31,447 [WARNING] app.core.extractor - UC não encontrada pelo extrator.
2026-07-31 21:00:31,448 [WARNING] app.core.extractor - Cabeçalho de leituras não encontrado.
2026-07-31 21:00:31,448 [INFO] app.core.extractor - Extração concluída - Cliente: N/A | UC: N/A | Medidor: N/A | Local: N/A | Conta/Mês: N/A | Vencimento: N/A | Classificação: N/A | Subclasse: N/A | Tipo Fornecimento: N/A | Leitura Anterior: 0 | Leitura Atual: 0 | Consumo: 0.0 | Total: 0.0
2026-07-31 21:00:31,449 [INFO] werkzeug - 127.0.0.1 - - [31/Jul/2026 21:00:31] "POST /api/process HTTP/1.1" 200 -
2026-07-31 21:01:30,220 [INFO] werkzeug -  * Detected change in 'C:\\Users\\mathe\\Desktop\\py\\app\\core\\extractor.py', reloading
2026-07-31 21:01:30,388 [INFO] werkzeug -  * Restarting with stat
2026-07-31 21:01:31,809 [WARNING] werkzeug -  * Debugger is active!
2026-07-31 21:01:31,818 [INFO] werkzeug -  * Debugger PIN: 511-121-778
2026-07-31 21:01:32,757 [INFO] app.server - Arquivo salvo temporariamente: Fatura.pdf
2026-07-31 21:01:32,758 [INFO] werkzeug - 127.0.0.1 - - [31/Jul/2026 21:01:32] "POST /api/upload HTTP/1.1" 200 -
2026-07-31 21:01:32,762 [INFO] app.core.pdf_reader - Lendo PDF: C:\Users\mathe\Desktop\py\uploads\Fatura.pdf
2026-07-31 21:01:32,834 [INFO] app.core.pdf_reader - Texto extraído da página 1
2026-07-31 21:01:32,834 [INFO] app.core.extractor - Iniciando extração da fatura.
2026-07-31 21:01:32,836 [INFO] app.core.extractor - Cliente encontrado: N/A
2026-07-31 21:01:32,837 [INFO] app.core.extractor - Endereço encontrado: N/A
2026-07-31 21:01:32,841 [INFO] app.core.extractor - Valor total: R$ 0.00
2026-07-31 21:01:32,843 [INFO] app.core.extractor - Extração concluída - Cliente: N/A | CNPJ: N/A | UC: N/A | Medidor: N/A | Endereço: N/A | Grupo Tensão: N/A | Subgrupo: N/A | Classificação: N/A | Subclasse: N/A | Tipo Fornecimento: N/A | Modalidade Tarifária: N/A | Leitura Anterior: 0 | Leitura Atual: 0 | Consumo: 0.0 | Competência: N/A | Vencimento: N/A | Valor Total: 0.0 | NF: N/A | Emissão: N/A
2026-07-31 21:01:32,844 [INFO] werkzeug - 127.0.0.1 - - [31/Jul/2026 21:01:32] "POST /api/process HTTP/1.1" 200 -
2026-07-31 21:01:34,319 [INFO] app.server - Arquivo salvo temporariamente: Fatura.pdf
2026-07-31 21:01:34,320 [INFO] werkzeug - 127.0.0.1 - - [31/Jul/2026 21:01:34] "POST /api/upload HTTP/1.1" 200 -
2026-07-31 21:01:34,326 [INFO] app.core.pdf_reader - Lendo PDF: C:\Users\mathe\Desktop\py\uploads\Fatura.pdf
2026-07-31 21:01:34,531 [INFO] app.core.pdf_reader - Texto extraído da página 1
2026-07-31 21:01:34,538 [INFO] app.core.extractor - Iniciando extração da fatura.
2026-07-31 21:01:34,544 [INFO] app.core.extractor - Cliente encontrado: N/A
2026-07-31 21:01:34,551 [INFO] app.core.extractor - Endereço encontrado: N/A
2026-07-31 21:01:34,552 [INFO] app.core.extractor - Valor total: R$ 0.00
2026-07-31 21:01:34,559 [INFO] app.core.extractor - Extração concluída - Cliente: N/A | CNPJ: N/A | UC: N/A | Medidor: N/A | Endereço: N/A | Grupo Tensão: N/A | Subgrupo: N/A | Classificação: N/A | Subclasse: N/A | Tipo Fornecimento: N/A | Modalidade Tarifária: N/A | Leitura Anterior: 0 | Leitura Atual: 0 | Consumo: 0.0 | Competência: N/A | Vencimento: N/A | Valor Total: 0.0 | NF: N/A | Emissão: N/A
2026-07-31 21:01:34,566 [INFO] werkzeug - 127.0.0.1 - - [31/Jul/2026 21:01:34] "POST /api/process HTTP/1.1" 200 -
2026-07-31 21:02:30,467 [INFO] werkzeug -  * Detected change in 'C:\\Users\\mathe\\Desktop\\py\\app\\core\\extractor.py', reloading
2026-07-31 21:02:30,804 [INFO] werkzeug -  * Restarting with stat
2026-07-31 21:02:32,399 [WARNING] werkzeug -  * Debugger is active!
2026-07-31 21:02:32,413 [INFO] werkzeug -  * Debugger PIN: 511-121-778
2026-07-31 21:02:32,797 [INFO] app.server - Arquivo salvo temporariamente: Fatura.pdf
2026-07-31 21:02:32,805 [INFO] werkzeug - 127.0.0.1 - - [31/Jul/2026 21:02:32] "POST /api/upload HTTP/1.1" 200 -
2026-07-31 21:02:32,814 [INFO] app.core.pdf_reader - Lendo PDF: C:\Users\mathe\Desktop\py\uploads\Fatura.pdf
2026-07-31 21:02:32,925 [INFO] app.core.pdf_reader - Texto extraído da página 1
2026-07-31 21:02:32,940 [INFO] app.core.extractor - Iniciando extração da fatura.
2026-07-31 21:02:32,957 [INFO] app.core.extractor - Extração concluída - Cliente: N/A | UC: N/A | Medidor: N/A | Local: N/A | Conta/Mês: N/A | Vencimento: N/A | Classificação: N/A | Subclasse: N/A | Tipo Fornecimento: N/A | Leitura Anterior: 0 | Leitura Atual: 0 | Consumo: 0.0 | Total: 0.0
2026-07-31 21:02:32,962 [INFO] werkzeug - 127.0.0.1 - - [31/Jul/2026 21:02:32] "POST /api/process HTTP/1.1" 200 -
2026-07-31 21:02:35,501 [INFO] werkzeug - 127.0.0.1 - - [31/Jul/2026 21:02:35] "GET /?utm_source=chatgpt.com HTTP/1.1" 200 -
2026-07-31 21:02:35,519 [INFO] werkzeug - 127.0.0.1 - - [31/Jul/2026 21:02:35] "[36mGET /static/js/app.js HTTP/1.1[0m" 304 -
2026-07-31 21:02:35,522 [INFO] werkzeug - 127.0.0.1 - - [31/Jul/2026 21:02:35] "[36mGET /static/css/style.css HTTP/1.1[0m" 304 -
2026-07-31 21:04:21,818 [INFO] app.server - Arquivo salvo temporariamente: Fatura_certa.pdf
2026-07-31 21:04:21,831 [INFO] werkzeug - 127.0.0.1 - - [31/Jul/2026 21:04:21] "POST /api/upload HTTP/1.1" 200 -
2026-07-31 21:04:21,865 [INFO] app.core.pdf_reader - Lendo PDF: C:\Users\mathe\Desktop\py\uploads\Fatura_certa.pdf
2026-07-31 21:04:23,030 [INFO] app.core.pdf_reader - Texto extraído da página 1
2026-07-31 21:04:23,049 [INFO] app.core.extractor - Iniciando extração da fatura.
2026-07-31 21:04:23,072 [INFO] app.core.extractor - Extração concluída - Cliente: N/A | UC: N/A | Medidor: N/A | Local: N/A | Conta/Mês: N/A | Vencimento: N/A | Classificação: N/A | Subclasse: N/A | Tipo Fornecimento: N/A | Leitura Anterior: 0 | Leitura Atual: 0 | Consumo: 0.0 | Total: 0.0
2026-07-31 21:04:23,104 [INFO] werkzeug - 127.0.0.1 - - [31/Jul/2026 21:04:23] "POST /api/process HTTP/1.1" 200 -
2026-08-01 11:20:14,575 [INFO] werkzeug -  * Detected change in 'C:\\Users\\mathe\\Desktop\\py\\app\\core\\extractor.py', reloading
2026-08-01 11:20:14,770 [INFO] werkzeug -  * Restarting with stat
2026-08-01 11:20:16,351 [WARNING] werkzeug -  * Debugger is active!
2026-08-01 11:20:16,358 [INFO] werkzeug -  * Debugger PIN: 511-121-778
2026-08-01 11:21:30,084 [INFO] werkzeug -  * Detected change in 'C:\\Users\\mathe\\Desktop\\py\\app\\core\\normalizer.py', reloading
2026-08-01 11:21:30,195 [INFO] werkzeug -  * Restarting with stat
2026-08-01 11:21:31,154 [WARNING] werkzeug -  * Debugger is active!
2026-08-01 11:21:31,161 [INFO] werkzeug -  * Debugger PIN: 511-121-778
2026-08-01 11:22:01,196 [INFO] werkzeug -  * Detected change in 'C:\\Users\\mathe\\Desktop\\py\\app\\core\\excel_writer.py', reloading
2026-08-01 11:22:01,332 [INFO] werkzeug -  * Restarting with stat
2026-08-01 11:22:02,283 [WARNING] werkzeug -  * Debugger is active!
2026-08-01 11:22:02,289 [INFO] werkzeug -  * Debugger PIN: 511-121-778
2026-08-01 11:22:45,494 [INFO] werkzeug -  * Detected change in 'C:\\Users\\mathe\\Desktop\\py\\app\\core\\excel_writer.py', reloading
2026-08-01 11:22:45,638 [INFO] werkzeug -  * Restarting with stat
2026-08-01 11:22:46,686 [WARNING] werkzeug -  * Debugger is active!
2026-08-01 11:22:46,692 [INFO] werkzeug -  * Debugger PIN: 511-121-778
2026-08-01 11:25:13,276 [INFO] werkzeug -  * Detected change in 'C:\\Users\\mathe\\Desktop\\py\\tests\\test_extractor.py', reloading
2026-08-01 11:25:13,408 [INFO] werkzeug -  * Restarting with stat
2026-08-01 11:25:14,404 [WARNING] werkzeug -  * Debugger is active!
2026-08-01 11:25:14,409 [INFO] werkzeug -  * Debugger PIN: 511-121-778
2026-08-01 11:26:12,076 [INFO] werkzeug -  * Detected change in 'C:\\Users\\mathe\\Desktop\\py\\app\\core\\extractor.py', reloading
2026-08-01 11:26:12,205 [INFO] werkzeug -  * Restarting with stat
2026-08-01 11:26:13,169 [WARNING] werkzeug -  * Debugger is active!
2026-08-01 11:26:13,174 [INFO] werkzeug -  * Debugger PIN: 511-121-778
2026-08-01 11:27:51,602 [INFO] werkzeug -  * Detected change in 'C:\\Users\\mathe\\Desktop\\py\\tests\\test_extractor.py', reloading
2026-08-01 11:27:51,710 [INFO] werkzeug -  * Restarting with stat
2026-08-01 11:27:52,567 [WARNING] werkzeug -  * Debugger is active!
2026-08-01 11:27:52,573 [INFO] werkzeug -  * Debugger PIN: 511-121-778
2026-08-01 11:31:50,151 [INFO] werkzeug - 127.0.0.1 - - [01/Aug/2026 11:31:50] "GET /?utm_source=chatgpt.com HTTP/1.1" 200 -
2026-08-01 11:31:50,187 [INFO] werkzeug - 127.0.0.1 - - [01/Aug/2026 11:31:50] "[36mGET /static/css/style.css HTTP/1.1[0m" 304 -
2026-08-01 11:31:50,188 [INFO] werkzeug - 127.0.0.1 - - [01/Aug/2026 11:31:50] "GET /static/js/app.js HTTP/1.1" 200 -
2026-08-01 11:31:57,301 [INFO] app.server - Arquivo salvo temporariamente: Fatura_certa.pdf
2026-08-01 11:31:57,302 [INFO] werkzeug - 127.0.0.1 - - [01/Aug/2026 11:31:57] "POST /api/upload HTTP/1.1" 200 -
2026-08-01 11:31:57,305 [INFO] app.core.pdf_reader - Lendo PDF: C:\Users\mathe\Desktop\py\uploads\Fatura_certa.pdf
2026-08-01 11:31:57,376 [INFO] app.core.pdf_reader - Texto extraído da página 1
2026-08-01 11:31:57,378 [INFO] app.core.normalizer - UC normalizada com sucesso: '669.008.008-24'
2026-08-01 11:31:57,382 [INFO] app.core.extractor - Invoice extraction completed: {'cliente': 'N/A', 'uc': '669.008.008-24', 'medidor': 'N/A', 'local_unidade': 'CASADAMERENDA R. CELALCANTARA, S/N, NOTAFISCALNº071133140-SÉRIE000/ CEP: 57995-000-CENTRO-FLEXEIRAS-AL DATADEEMISSÃO: 03/06/2026', 'conta_mes': '06/2026', 'vencimento': '2026-07-23', 'classificacao': 'PODERPÚBLICOMUNICIPAL MODALIDADETARIFÁRIA: B3_OUTROS', 'subclasse': 'MUNICIPALSERVICOSPUBLICOS', 'tipo_fornecimento': 'N/A', 'leitura_anterior': 0, 'leitura_atual': 0, 'consumo_kwh': 0.0, 'total_pagar': 0.0}
2026-08-01 11:31:57,383 [INFO] werkzeug - 127.0.0.1 - - [01/Aug/2026 11:31:57] "POST /api/process HTTP/1.1" 200 -
2026-08-01 11:36:58,491 [INFO] werkzeug -  * Detected change in 'C:\\Users\\mathe\\Desktop\\py\\app\\core\\pdf_reader.py', reloading
2026-08-01 11:36:58,637 [INFO] werkzeug -  * Restarting with stat
2026-08-01 11:36:59,739 [WARNING] werkzeug -  * Debugger is active!
2026-08-01 11:36:59,746 [INFO] werkzeug -  * Debugger PIN: 511-121-778
2026-08-01 11:37:14,867 [INFO] werkzeug -  * Detected change in 'C:\\Users\\mathe\\Desktop\\py\\app\\core\\extractor.py', reloading
2026-08-01 11:37:15,047 [INFO] werkzeug -  * Restarting with stat
2026-08-01 11:37:16,098 [WARNING] werkzeug -  * Debugger is active!
2026-08-01 11:37:16,104 [INFO] werkzeug -  * Debugger PIN: 511-121-778
2026-08-01 11:37:54,804 [INFO] werkzeug -  * Detected change in 'C:\\Users\\mathe\\Desktop\\py\\app\\core\\extractor.py', reloading
2026-08-01 11:37:54,994 [INFO] werkzeug -  * Restarting with stat
2026-08-01 11:37:55,982 [WARNING] werkzeug -  * Debugger is active!
2026-08-01 11:37:55,988 [INFO] werkzeug -  * Debugger PIN: 511-121-778
2026-08-01 11:38:30,585 [INFO] werkzeug -  * Detected change in 'C:\\Users\\mathe\\Desktop\\py\\app\\core\\extractor.py', reloading
2026-08-01 11:38:30,742 [INFO] werkzeug -  * Restarting with stat
2026-08-01 11:38:31,722 [WARNING] werkzeug -  * Debugger is active!
2026-08-01 11:38:31,728 [INFO] werkzeug -  * Debugger PIN: 511-121-778
2026-08-01 11:39:01,739 [INFO] werkzeug -  * Detected change in 'C:\\Users\\mathe\\Desktop\\py\\tests\\test_extractor.py', reloading
2026-08-01 11:39:01,903 [INFO] werkzeug -  * Restarting with stat
2026-08-01 11:39:02,848 [WARNING] werkzeug -  * Debugger is active!
2026-08-01 11:39:02,854 [INFO] werkzeug -  * Debugger PIN: 511-121-778
2026-08-01 11:39:38,033 [INFO] werkzeug -  * Detected change in 'C:\\Users\\mathe\\Desktop\\py\\app\\core\\extractor.py', reloading
2026-08-01 11:39:38,205 [INFO] werkzeug -  * Restarting with stat
2026-08-01 11:39:39,163 [WARNING] werkzeug -  * Debugger is active!
2026-08-01 11:39:39,168 [INFO] werkzeug -  * Debugger PIN: 511-121-778
2026-08-01 11:40:31,384 [INFO] werkzeug -  * Detected change in 'C:\\Users\\mathe\\Desktop\\py\\app\\core\\extractor.py', reloading
2026-08-01 11:40:31,556 [INFO] werkzeug -  * Restarting with stat
2026-08-01 11:40:32,574 [WARNING] werkzeug -  * Debugger is active!
2026-08-01 11:40:32,580 [INFO] werkzeug -  * Debugger PIN: 511-121-778
2026-08-01 11:42:23,209 [INFO] werkzeug -  * Detected change in 'C:\\Users\\mathe\\Desktop\\py\\app\\core\\extractor.py', reloading
2026-08-01 11:42:23,395 [INFO] werkzeug -  * Restarting with stat
2026-08-01 11:42:24,410 [WARNING] werkzeug -  * Debugger is active!
2026-08-01 11:42:24,416 [INFO] werkzeug -  * Debugger PIN: 511-121-778
2026-08-01 11:42:50,484 [INFO] werkzeug -  * Detected change in 'C:\\Users\\mathe\\Desktop\\py\\app\\core\\extractor.py', reloading
2026-08-01 11:42:50,624 [INFO] werkzeug -  * Restarting with stat
2026-08-01 11:42:51,558 [WARNING] werkzeug -  * Debugger is active!
2026-08-01 11:42:51,564 [INFO] werkzeug -  * Debugger PIN: 511-121-778
2026-08-01 11:47:28,598 [INFO] app.server - Arquivo salvo temporariamente: Fatura_certa.pdf
2026-08-01 11:47:28,599 [INFO] werkzeug - 127.0.0.1 - - [01/Aug/2026 11:47:28] "POST /api/upload HTTP/1.1" 200 -
2026-08-01 11:47:28,604 [INFO] app.core.pdf_reader - Lendo PDF: C:\Users\mathe\Desktop\py\uploads\Fatura_certa.pdf
2026-08-01 11:47:28,696 [INFO] app.core.pdf_reader - Texto extraído da página 1
2026-08-01 11:47:28,697 [INFO] app.core.normalizer - UC normalizada com sucesso: '669.008.008-24'
2026-08-01 11:47:28,700 [INFO] app.core.extractor - Invoice extraction completed: {'cliente': 'MUNICIPIODEFLEXEIRAS', 'uc': '669.008.008-24', 'medidor': 'E2005221', 'local_unidade': 'CASADAMERENDA, R. CELALCANTARA, S/N,', 'conta_mes': '06/2026', 'vencimento': '2026-07-23', 'classificacao': 'PODERPÚBLICOMUNICIPAL', 'subclasse': 'MUNICIPALSERVICOSPUBLICOS', 'tipo_fornecimento': 'MONOFÁSICO', 'leitura_anterior': 32690, 'leitura_atual': 32985, 'consumo_kwh': 295.0, 'total_pagar': 0.0}
2026-08-01 11:47:28,700 [INFO] werkzeug - 127.0.0.1 - - [01/Aug/2026 11:47:28] "POST /api/process HTTP/1.1" 200 -
2026-08-01 11:48:40,737 [INFO] werkzeug -  * Detected change in 'C:\\Users\\mathe\\Desktop\\py\\app\\core\\extractor.py', reloading
2026-08-01 11:48:40,855 [INFO] werkzeug -  * Restarting with stat
2026-08-01 11:48:41,774 [WARNING] werkzeug -  * Debugger is active!
2026-08-01 11:48:41,780 [INFO] werkzeug -  * Debugger PIN: 511-121-778
2026-08-01 11:49:40,729 [INFO] werkzeug -  * Detected change in 'C:\\Users\\mathe\\Desktop\\py\\app\\core\\extractor.py', reloading
2026-08-01 11:49:40,853 [INFO] werkzeug -  * Restarting with stat
2026-08-01 11:49:41,760 [WARNING] werkzeug -  * Debugger is active!
2026-08-01 11:49:41,767 [INFO] werkzeug -  * Debugger PIN: 511-121-778
2026-08-01 11:50:34,399 [INFO] werkzeug -  * Detected change in 'C:\\Users\\mathe\\Desktop\\py\\app\\core\\extractor.py', reloading
2026-08-01 11:50:34,509 [INFO] werkzeug -  * Restarting with stat
2026-08-01 11:50:35,360 [WARNING] werkzeug -  * Debugger is active!
2026-08-01 11:50:35,366 [INFO] werkzeug -  * Debugger PIN: 511-121-778
2026-08-01 11:51:20,818 [INFO] werkzeug -  * Detected change in 'C:\\Users\\mathe\\Desktop\\py\\app\\core\\extractor.py', reloading
2026-08-01 11:51:20,948 [INFO] werkzeug -  * Restarting with stat
2026-08-01 11:51:21,907 [WARNING] werkzeug -  * Debugger is active!
2026-08-01 11:51:21,912 [INFO] werkzeug -  * Debugger PIN: 511-121-778
2026-08-01 12:11:15,793 [INFO] app.server - Arquivo salvo temporariamente: Fatura_certa.pdf
2026-08-01 12:11:15,794 [INFO] werkzeug - 127.0.0.1 - - [01/Aug/2026 12:11:15] "POST /api/upload HTTP/1.1" 200 -
2026-08-01 12:11:15,800 [INFO] app.core.pdf_reader - Lendo PDF: C:\Users\mathe\Desktop\py\uploads\Fatura_certa.pdf
2026-08-01 12:11:15,880 [INFO] app.core.pdf_reader - Texto extraído da página 1
2026-08-01 12:11:15,882 [INFO] app.core.normalizer - UC normalizada com sucesso: '669.008.008-24'
2026-08-01 12:11:15,887 [INFO] app.core.extractor - Invoice extraction completed: {'cliente': 'MUNICIPIODEFLEXEIRAS', 'uc': '669.008.008-24', 'medidor': 'E2005221', 'local_unidade': 'CASADAMERENDA, R. CELALCANTARA, S/N,', 'conta_mes': '06/2026', 'vencimento': '2026-07-23', 'classificacao': 'PODERPÚBLICOMUNICIPAL', 'subclasse': 'MUNICIPALSERVICOSPUBLICOS', 'tipo_fornecimento': 'MONOFÁSICO', 'leitura_anterior': 32690, 'leitura_atual': 32985, 'consumo_kwh': 295.0, 'total_pagar': 0.0}
2026-08-01 12:11:15,888 [INFO] werkzeug - 127.0.0.1 - - [01/Aug/2026 12:11:15] "POST /api/process HTTP/1.1" 200 -
2026-08-01 17:11:08,982 [INFO] app.server - Arquivo salvo temporariamente: Fatura_certa.pdf
2026-08-01 17:11:08,988 [INFO] app.server - Arquivo salvo temporariamente: pdf_fatura.pdf
2026-08-01 17:11:08,990 [INFO] werkzeug - 127.0.0.1 - - [01/Aug/2026 17:11:08] "POST /api/upload HTTP/1.1" 200 -
2026-08-01 17:11:08,994 [INFO] app.core.pdf_reader - Lendo PDF: C:\Users\mathe\Desktop\py\uploads\Fatura_certa.pdf
2026-08-01 17:11:09,061 [INFO] app.core.pdf_reader - Texto extraído da página 1
2026-08-01 17:11:09,062 [INFO] app.core.normalizer - UC normalizada com sucesso: '669.008.008-24'
2026-08-01 17:11:09,063 [INFO] app.core.extractor - Invoice extraction completed: {'cliente': 'MUNICIPIODEFLEXEIRAS', 'uc': '669.008.008-24', 'medidor': 'E2005221', 'local_unidade': 'CASADAMERENDA, R. CELALCANTARA, S/N,', 'conta_mes': '06/2026', 'vencimento': '2026-07-23', 'classificacao': 'PODERPÚBLICOMUNICIPAL', 'subclasse': 'MUNICIPALSERVICOSPUBLICOS', 'tipo_fornecimento': 'MONOFÁSICO', 'leitura_anterior': 32690, 'leitura_atual': 32985, 'consumo_kwh': 295.0, 'total_pagar': 0.0}
2026-08-01 17:11:09,064 [INFO] app.core.pdf_reader - Lendo PDF: C:\Users\mathe\Desktop\py\uploads\pdf_fatura.pdf
2026-08-01 17:11:09,141 [INFO] app.core.pdf_reader - Texto extraído da página 1
2026-08-01 17:11:09,223 [INFO] app.core.pdf_reader - Texto extraído da página 2
2026-08-01 17:11:09,300 [INFO] app.core.pdf_reader - Texto extraído da página 3
2026-08-01 17:11:09,442 [INFO] app.core.pdf_reader - Texto extraído da página 4
2026-08-01 17:11:09,528 [INFO] app.core.pdf_reader - Texto extraído da página 5
2026-08-01 17:11:09,611 [INFO] app.core.pdf_reader - Texto extraído da página 6
2026-08-01 17:11:09,696 [INFO] app.core.pdf_reader - Texto extraído da página 7
2026-08-01 17:11:09,798 [INFO] app.core.pdf_reader - Texto extraído da página 8
2026-08-01 17:11:09,883 [INFO] app.core.pdf_reader - Texto extraído da página 9
2026-08-01 17:11:09,952 [INFO] app.core.pdf_reader - Texto extraído da página 10
2026-08-01 17:11:10,043 [INFO] app.core.pdf_reader - Texto extraído da página 11
2026-08-01 17:11:10,124 [INFO] app.core.pdf_reader - Texto extraído da página 12
2026-08-01 17:11:10,200 [INFO] app.core.pdf_reader - Texto extraído da página 13
2026-08-01 17:11:10,276 [INFO] app.core.pdf_reader - Texto extraído da página 14
2026-08-01 17:11:10,376 [INFO] app.core.pdf_reader - Texto extraído da página 15
2026-08-01 17:11:10,377 [INFO] app.core.normalizer - UC normalizada com sucesso: '522.046.008-04'
2026-08-01 17:11:10,383 [INFO] app.core.extractor - Invoice extraction completed: {'cliente': 'MUNICIPIODEFLEXEIRAS', 'uc': '522.046.008-04', 'medidor': 'E3252034', 'local_unidade': 'IP, R. PROFMARIAISABELCOSTASOUZA, S/N,', 'conta_mes': '05/2026', 'vencimento': '2026-06-23', 'classificacao': 'ILUMINAÇÃOPÚBLICA', 'subclasse': 'ADMINISTRACAOPUBLICAEMGERAL-ILUMINACAOPUBLICA', 'tipo_fornecimento': 'MONOFÁSICO', 'leitura_anterior': 8982, 'leitura_atual': 9288, 'consumo_kwh': 306.0, 'total_pagar': 0.0}
2026-08-01 17:11:10,384 [INFO] werkzeug - 127.0.0.1 - - [01/Aug/2026 17:11:10] "POST /api/process HTTP/1.1" 200 -
2026-08-01 17:11:13,900 [INFO] app.server - Arquivo salvo temporariamente: pdf_fatura.pdf
2026-08-01 17:11:13,901 [INFO] werkzeug - 127.0.0.1 - - [01/Aug/2026 17:11:13] "POST /api/upload HTTP/1.1" 200 -
2026-08-01 17:11:13,907 [INFO] app.core.pdf_reader - Lendo PDF: C:\Users\mathe\Desktop\py\uploads\pdf_fatura.pdf
2026-08-01 17:11:13,992 [INFO] app.core.pdf_reader - Texto extraído da página 1
2026-08-01 17:11:14,058 [INFO] app.core.pdf_reader - Texto extraído da página 2
2026-08-01 17:11:14,116 [INFO] app.core.pdf_reader - Texto extraído da página 3
2026-08-01 17:11:14,305 [INFO] app.core.pdf_reader - Texto extraído da página 4
2026-08-01 17:11:14,380 [INFO] app.core.pdf_reader - Texto extraído da página 5
2026-08-01 17:11:14,479 [INFO] app.core.pdf_reader - Texto extraído da página 6
2026-08-01 17:11:14,572 [INFO] app.core.pdf_reader - Texto extraído da página 7
2026-08-01 17:11:14,656 [INFO] app.core.pdf_reader - Texto extraído da página 8
2026-08-01 17:11:14,762 [INFO] app.core.pdf_reader - Texto extraído da página 9
2026-08-01 17:11:14,850 [INFO] app.core.pdf_reader - Texto extraído da página 10
2026-08-01 17:11:14,951 [INFO] app.core.pdf_reader - Texto extraído da página 11
2026-08-01 17:11:15,053 [INFO] app.core.pdf_reader - Texto extraído da página 12
2026-08-01 17:11:15,146 [INFO] app.core.pdf_reader - Texto extraído da página 13
2026-08-01 17:11:15,230 [INFO] app.core.pdf_reader - Texto extraído da página 14
2026-08-01 17:11:15,317 [INFO] app.core.pdf_reader - Texto extraído da página 15
2026-08-01 17:11:15,318 [INFO] app.core.normalizer - UC normalizada com sucesso: '522.046.008-04'
2026-08-01 17:11:15,325 [INFO] app.core.extractor - Invoice extraction completed: {'cliente': 'MUNICIPIODEFLEXEIRAS', 'uc': '522.046.008-04', 'medidor': 'E3252034', 'local_unidade': 'IP, R. PROFMARIAISABELCOSTASOUZA, S/N,', 'conta_mes': '05/2026', 'vencimento': '2026-06-23', 'classificacao': 'ILUMINAÇÃOPÚBLICA', 'subclasse': 'ADMINISTRACAOPUBLICAEMGERAL-ILUMINACAOPUBLICA', 'tipo_fornecimento': 'MONOFÁSICO', 'leitura_anterior': 8982, 'leitura_atual': 9288, 'consumo_kwh': 306.0, 'total_pagar': 0.0}
2026-08-01 17:11:15,325 [INFO] werkzeug - 127.0.0.1 - - [01/Aug/2026 17:11:15] "POST /api/process HTTP/1.1" 200 -
2026-08-01 17:16:10,871 [INFO] werkzeug -  * Detected change in 'C:\\Users\\mathe\\Desktop\\py\\app\\core\\pdf_reader.py', reloading
2026-08-01 17:16:11,084 [INFO] werkzeug -  * Restarting with stat
2026-08-01 17:16:12,641 [WARNING] werkzeug -  * Debugger is active!
2026-08-01 17:16:12,648 [INFO] werkzeug -  * Debugger PIN: 511-121-778
2026-08-01 17:19:25,622 [INFO] werkzeug -  * Detected change in 'C:\\Users\\mathe\\Desktop\\py\\app\\server.py', reloading
2026-08-01 17:19:25,758 [INFO] werkzeug -  * Restarting with stat
2026-08-01 17:19:26,655 [WARNING] werkzeug -  * Debugger is active!
2026-08-01 17:19:26,660 [INFO] werkzeug -  * Debugger PIN: 511-121-778
2026-08-01 17:19:31,029 [INFO] werkzeug -  * Detected change in 'C:\\Users\\mathe\\Desktop\\py\\app\\server.py', reloading
2026-08-01 17:19:31,167 [INFO] werkzeug -  * Restarting with stat
2026-08-01 17:19:32,049 [WARNING] werkzeug -  * Debugger is active!
2026-08-01 17:19:32,055 [INFO] werkzeug -  * Debugger PIN: 511-121-778
2026-08-01 17:20:34,762 [INFO] app.server - Arquivo salvo temporariamente: pdf_fatura.pdf
2026-08-01 17:20:34,763 [INFO] werkzeug - 127.0.0.1 - - [01/Aug/2026 17:20:34] "POST /api/upload HTTP/1.1" 200 -
2026-08-01 17:20:34,895 [INFO] app.core.pdf_reader - Texto extraído da página 1
2026-08-01 17:20:34,989 [INFO] app.core.pdf_reader - Texto extraído da página 2
2026-08-01 17:20:35,079 [INFO] app.core.pdf_reader - Texto extraído da página 3
2026-08-01 17:20:35,165 [INFO] app.core.pdf_reader - Texto extraído da página 4
2026-08-01 17:20:35,236 [INFO] app.core.pdf_reader - Texto extraído da página 5
2026-08-01 17:20:35,392 [INFO] app.core.pdf_reader - Texto extraído da página 6
2026-08-01 17:20:35,467 [INFO] app.core.pdf_reader - Texto extraído da página 7
2026-08-01 17:20:35,555 [INFO] app.core.pdf_reader - Texto extraído da página 8
2026-08-01 17:20:35,638 [INFO] app.core.pdf_reader - Texto extraído da página 9
2026-08-01 17:20:35,719 [INFO] app.core.pdf_reader - Texto extraído da página 10
2026-08-01 17:20:35,814 [INFO] app.core.pdf_reader - Texto extraído da página 11
2026-08-01 17:20:35,897 [INFO] app.core.pdf_reader - Texto extraído da página 12
2026-08-01 17:20:35,991 [INFO] app.core.pdf_reader - Texto extraído da página 13
2026-08-01 17:20:36,069 [INFO] app.core.pdf_reader - Texto extraído da página 14
2026-08-01 17:20:36,135 [INFO] app.core.pdf_reader - Texto extraído da página 15
2026-08-01 17:20:36,136 [INFO] app.core.normalizer - UC normalizada com sucesso: '522.046.008-04'
2026-08-01 17:20:36,140 [INFO] app.core.extractor - Invoice extraction completed: {'cliente': 'MUNICIPIODEFLEXEIRAS', 'uc': '522.046.008-04', 'medidor': 'N/A', 'local_unidade': 'IP, R. PROFMARIAISABELCOSTASOUZA, S/N,', 'conta_mes': '05/2026', 'vencimento': '2026-06-23', 'classificacao': 'ILUMINAÇÃOPÚBLICA', 'subclasse': 'ADMINISTRACAOPUBLICAEMGERAL-ILUMINACAOPUBLICA', 'tipo_fornecimento': 'MONOFÁSICO', 'leitura_anterior': 0, 'leitura_atual': 0, 'consumo_kwh': 0.0, 'total_pagar': 0.0}
2026-08-01 17:20:36,141 [INFO] app.core.normalizer - UC normalizada com sucesso: '520.367.008-46'
2026-08-01 17:20:36,142 [INFO] app.core.extractor - Invoice extraction completed: {'cliente': 'MUNICIPIODEFLEXEIRAS', 'uc': '520.367.008-46', 'medidor': 'N/A', 'local_unidade': 'ILUMINAÇÃOPUBLICA-CIRCUITOEXCLUS, R. DOMOTORISTA, S/N, IP', 'conta_mes': '05/2026', 'vencimento': '2026-06-23', 'classificacao': 'ILUMINAÇÃOPÚBLICA', 'subclasse': 'ADMINISTRACAOPUBLICAEMGERAL-ILUMINACAOPUBLICA', 'tipo_fornecimento': 'MONOFÁSICO', 'leitura_anterior': 0, 'leitura_atual': 0, 'consumo_kwh': 0.0, 'total_pagar': 0.0}
2026-08-01 17:20:36,142 [INFO] app.core.normalizer - UC normalizada com sucesso: '395.907.008-01'
2026-08-01 17:20:36,144 [INFO] app.core.extractor - Invoice extraction completed: {'cliente': 'MUNICIPIODEFLEXEIRAS', 'uc': '395.907.008-01', 'medidor': 'N/A', 'local_unidade': 'PRACAMULTIEVENTOS AVROSITACALHEIROS, S/N,', 'conta_mes': '05/2026', 'vencimento': '2026-06-23', 'classificacao': 'ILUMINAÇÃOPÚBLICA', 'subclasse': 'ADMINISTRACAOPUBLICAEMGERAL-ILUMINACAOPUBLICA', 'tipo_fornecimento': 'TRIFÁSICO', 'leitura_anterior': 0, 'leitura_atual': 0, 'consumo_kwh': 0.0, 'total_pagar': 0.0}
2026-08-01 17:20:36,145 [INFO] app.core.normalizer - UC normalizada com sucesso: '601.699.008-97'
2026-08-01 17:20:36,145 [INFO] app.core.extractor - Invoice extraction completed: {'cliente': 'MUNICIPIODEFLEXEIRAS', 'uc': '601.699.008-97', 'medidor': 'N/A', 'local_unidade': 'ip, R. JOSEGOMESDELIMA, S/N,', 'conta_mes': '05/2026', 'vencimento': '2026-06-23', 'classificacao': 'ILUMINAÇÃOPÚBLICA', 'subclasse': 'ADMINISTRACAOPUBLICAEMGERAL-ILUMINACAOPUBLICA', 'tipo_fornecimento': 'MONOFÁSICO', 'leitura_anterior': 0, 'leitura_atual': 0, 'consumo_kwh': 0.0, 'total_pagar': 0.0}
2026-08-01 17:20:36,146 [INFO] app.core.normalizer - UC normalizada com sucesso: '519.021.008-71'
2026-08-01 17:20:36,147 [INFO] app.core.extractor - Invoice extraction completed: {'cliente': 'MUNICIPIODEFLEXEIRAS', 'uc': '519.021.008-71', 'medidor': 'N/A', 'local_unidade': "IPMIRANTEDACAIXAD'AGUA CJNOVAFLEXEIRAS, S/N, MIRANTEDACAIXADAGUA", 'conta_mes': '05/2026', 'vencimento': '2026-06-23', 'classificacao': 'ILUMINAÇÃOPÚBLICA', 'subclasse': 'ADMINISTRACAOPUBLICAEMGERAL-ILUMINACAOPUBLICA', 'tipo_fornecimento': 'MONOFÁSICO', 'leitura_anterior': 0, 'leitura_atual': 0, 'consumo_kwh': 0.0, 'total_pagar': 0.0}
2026-08-01 17:20:36,148 [INFO] app.core.normalizer - UC normalizada com sucesso: '521.854.008-13'
2026-08-01 17:20:36,149 [INFO] app.core.extractor - Invoice extraction completed: {'cliente': 'MUNICIPIODEFLEXEIRAS', 'uc': '521.854.008-13', 'medidor': 'N/A', 'local_unidade': 'IP, R. MANOELFRANCISCODIAS, S/N,', 'conta_mes': '05/2026', 'vencimento': '2026-06-23', 'classificacao': 'ILUMINAÇÃOPÚBLICA', 'subclasse': 'ADMINISTRACAOPUBLICAEMGERAL-ILUMINACAOPUBLICA', 'tipo_fornecimento': 'MONOFÁSICO', 'leitura_anterior': 0, 'leitura_atual': 0, 'consumo_kwh': 0.0, 'total_pagar': 0.0}
2026-08-01 17:20:36,150 [INFO] app.core.normalizer - UC normalizada com sucesso: '650.695.008-35'
2026-08-01 17:20:36,151 [INFO] app.core.extractor - Invoice extraction completed: {'cliente': 'MUNICIPIODEFLEXEIRAS', 'uc': '650.695.008-35', 'medidor': 'N/A', 'local_unidade': 'Emporio AVROSITACALHEIROS, S/N,', 'conta_mes': '05/2026', 'vencimento': '2026-06-23', 'classificacao': 'ILUMINAÇÃOPÚBLICA', 'subclasse': 'ADMINISTRACAOPUBLICAEMGERAL-ILUMINACAOPUBLICA', 'tipo_fornecimento': 'TRIFÁSICO', 'leitura_anterior': 0, 'leitura_atual': 0, 'consumo_kwh': 0.0, 'total_pagar': 0.0}
2026-08-01 17:20:36,151 [INFO] app.core.normalizer - UC normalizada com sucesso: '473.773.008-70'
2026-08-01 17:20:36,152 [INFO] app.core.extractor - Invoice extraction completed: {'cliente': 'MUNICIPIODEFLEXEIRAS', 'uc': '473.773.008-70', 'medidor': 'N/A', 'local_unidade': 'IL. PUBLICACALCADAOCENTRO, R. CELALCANTARA, S/N,', 'conta_mes': '05/2026', 'vencimento': '2026-06-23', 'classificacao': 'ILUMINAÇÃOPÚBLICA', 'subclasse': 'ADMINISTRACAOPUBLICAEMGERAL-ILUMINACAOPUBLICA', 'tipo_fornecimento': 'MONOFÁSICO', 'leitura_anterior': 0, 'leitura_atual': 0, 'consumo_kwh': 0.0, 'total_pagar': 0.0}
2026-08-01 17:20:36,153 [INFO] app.core.normalizer - UC normalizada com sucesso: '461.662.008-44'
2026-08-01 17:20:36,154 [INFO] app.core.extractor - Invoice extraction completed: {'cliente': 'MUNICIPIODEFLEXEIRAS', 'uc': '461.662.008-44', 'medidor': 'N/A', 'local_unidade': 'PRACACJNOVAFLEXEIRASII CJNOVAFLEXEIRASII, S/N,', 'conta_mes': '05/2026', 'vencimento': '2026-06-23', 'classificacao': 'ILUMINAÇÃOPÚBLICA', 'subclasse': 'ADMINISTRACAOPUBLICAEMGERAL-ILUMINACAOPUBLICA', 'tipo_fornecimento': 'MONOFÁSICO', 'leitura_anterior': 0, 'leitura_atual': 0, 'consumo_kwh': 0.0, 'total_pagar': 0.0}
2026-08-01 17:20:36,155 [INFO] app.core.normalizer - UC normalizada com sucesso: '205.627.008-79'
2026-08-01 17:20:36,156 [INFO] app.core.extractor - Invoice extraction completed: {'cliente': 'MUNICIPIODEFLEXEIRAS', 'uc': '205.627.008-79', 'medidor': 'N/A', 'local_unidade': 'ILUMINACAOPUBLICA, R. CELALCANTARA, S/N,', 'conta_mes': '05/2026', 'vencimento': '2026-06-23', 'classificacao': 'ILUMINAÇÃOPÚBLICA', 'subclasse': 'ADMINISTRACAOPUBLICAEMGERAL-ILUMINACAOPUBLICA', 'tipo_fornecimento': 'MONOFÁSICO', 'leitura_anterior': 0, 'leitura_atual': 0, 'consumo_kwh': 0.0, 'total_pagar': 0.0}
2026-08-01 17:20:36,156 [INFO] app.core.normalizer - UC normalizada com sucesso: '281.609.008-09'
2026-08-01 17:20:36,158 [INFO] app.core.extractor - Invoice extraction completed: {'cliente': 'MUNICIPIODEFLEXEIRAS', 'uc': '281.609.008-09', 'medidor': 'E3252034', 'local_unidade': 'PRACAPREFJOSECAMILODOSSAN, R. CELALCANTARA, S/N,', 'conta_mes': '05/2026', 'vencimento': '2026-06-23', 'classificacao': 'ILUMINAÇÃOPÚBLICA', 'subclasse': 'ADMINISTRACAOPUBLICAEMGERAL-ILUMINACAOPUBLICA', 'tipo_fornecimento': 'TRIFÁSICO', 'leitura_anterior': 8982, 'leitura_atual': 9288, 'consumo_kwh': 306.0, 'total_pagar': 0.0}
2026-08-01 17:20:36,158 [INFO] app.core.normalizer - UC normalizada com sucesso: '523.003.008-62'
2026-08-01 17:20:36,159 [INFO] app.core.extractor - Invoice extraction completed: {'cliente': 'MUNICIPIODEFLEXEIRAS', 'uc': '523.003.008-62', 'medidor': 'N/A', 'local_unidade': 'IP-MIRANTENOVAFLEXEIRAS CJNOVAFLEXEIRASII, S/N,', 'conta_mes': '05/2026', 'vencimento': '2026-06-23', 'classificacao': 'ILUMINAÇÃOPÚBLICA', 'subclasse': 'ADMINISTRACAOPUBLICAEMGERAL-ILUMINACAOPUBLICA', 'tipo_fornecimento': 'MONOFÁSICO', 'leitura_anterior': 0, 'leitura_atual': 0, 'consumo_kwh': 0.0, 'total_pagar': 0.0}
2026-08-01 17:20:36,160 [INFO] app.core.normalizer - UC normalizada com sucesso: '489.486.008-41'
2026-08-01 17:20:36,161 [INFO] app.core.extractor - Invoice extraction completed: {'cliente': 'MUNICIPIODEFLEXEIRAS', 'uc': '489.486.008-41', 'medidor': 'N/A', 'local_unidade': 'ILPÚBLICAPRAÇAPADRECÍCERO, R. STOANTONIO, S/N,', 'conta_mes': '05/2026', 'vencimento': '2026-06-23', 'classificacao': 'ILUMINAÇÃOPÚBLICA', 'subclasse': 'ADMINISTRACAOPUBLICAEMGERAL-ILUMINACAOPUBLICA', 'tipo_fornecimento': 'MONOFÁSICO', 'leitura_anterior': 0, 'leitura_atual': 0, 'consumo_kwh': 0.0, 'total_pagar': 0.0}
2026-08-01 17:20:36,161 [INFO] app.core.normalizer - UC normalizada com sucesso: '679.501.008-41'
2026-08-01 17:20:36,162 [INFO] app.core.extractor - Invoice extraction completed: {'cliente': 'MUNICIPIODEFLEXEIRAS', 'uc': '679.501.008-41', 'medidor': 'N/A', 'local_unidade': 'IPCOPADASARVORES, R. CELALCANTARA, S/N, ILUMINACAODACOPADASAVORES', 'conta_mes': '05/2026', 'vencimento': '2026-06-23', 'classificacao': 'ILUMINAÇÃOPÚBLICA', 'subclasse': 'ADMINISTRACAOPUBLICAEMGERAL-ILUMINACAOPUBLICA', 'tipo_fornecimento': 'MONOFÁSICO', 'leitura_anterior': 0, 'leitura_atual': 0, 'consumo_kwh': 0.0, 'total_pagar': 0.0}
2026-08-01 17:20:36,162 [INFO] app.core.normalizer - UC normalizada com sucesso: '601.693.008-44'
2026-08-01 17:20:36,163 [INFO] app.core.extractor - Invoice extraction completed: {'cliente': 'MUNICIPIODEFLEXEIRAS', 'uc': '601.693.008-44', 'medidor': 'N/A', 'local_unidade': 'IP, R. POETAJOAODEDEUS, S/N,', 'conta_mes': '05/2026', 'vencimento': '2026-06-23', 'classificacao': 'ILUMINAÇÃOPÚBLICA', 'subclasse': 'ADMINISTRACAOPUBLICAEMGERAL-ILUMINACAOPUBLICA', 'tipo_fornecimento': 'MONOFÁSICO', 'leitura_anterior': 0, 'leitura_atual': 0, 'consumo_kwh': 0.0, 'total_pagar': 0.0}
2026-08-01 17:20:36,164 [INFO] werkzeug - 127.0.0.1 - - [01/Aug/2026 17:20:36] "POST /api/process HTTP/1.1" 200 -
2026-08-01 17:21:16,224 [INFO] app.server - Arquivo salvo temporariamente: pdf_fatura.pdf
2026-08-01 17:21:16,225 [INFO] werkzeug - 127.0.0.1 - - [01/Aug/2026 17:21:16] "POST /api/upload HTTP/1.1" 200 -
2026-08-01 17:21:16,342 [INFO] app.core.pdf_reader - Texto extraído da página 1
2026-08-01 17:21:16,429 [INFO] app.core.pdf_reader - Texto extraído da página 2
2026-08-01 17:21:16,506 [INFO] app.core.pdf_reader - Texto extraído da página 3
2026-08-01 17:21:16,609 [INFO] app.core.pdf_reader - Texto extraído da página 4
2026-08-01 17:21:16,696 [INFO] app.core.pdf_reader - Texto extraído da página 5
2026-08-01 17:21:16,874 [INFO] app.core.pdf_reader - Texto extraído da página 6
2026-08-01 17:21:16,954 [INFO] app.core.pdf_reader - Texto extraído da página 7
2026-08-01 17:21:17,038 [INFO] app.core.pdf_reader - Texto extraído da página 8
2026-08-01 17:21:17,134 [INFO] app.core.pdf_reader - Texto extraído da página 9
2026-08-01 17:21:17,208 [INFO] app.core.pdf_reader - Texto extraído da página 10
2026-08-01 17:21:17,299 [INFO] app.core.pdf_reader - Texto extraído da página 11
2026-08-01 17:21:17,405 [INFO] app.core.pdf_reader - Texto extraído da página 12
2026-08-01 17:21:17,508 [INFO] app.core.pdf_reader - Texto extraído da página 13
2026-08-01 17:21:17,600 [INFO] app.core.pdf_reader - Texto extraído da página 14
2026-08-01 17:21:17,707 [INFO] app.core.pdf_reader - Texto extraído da página 15
2026-08-01 17:21:17,708 [INFO] app.core.normalizer - UC normalizada com sucesso: '522.046.008-04'
2026-08-01 17:21:17,709 [INFO] app.core.extractor - Invoice extraction completed: {'cliente': 'MUNICIPIODEFLEXEIRAS', 'uc': '522.046.008-04', 'medidor': 'N/A', 'local_unidade': 'IP, R. PROFMARIAISABELCOSTASOUZA, S/N,', 'conta_mes': '05/2026', 'vencimento': '2026-06-23', 'classificacao': 'ILUMINAÇÃOPÚBLICA', 'subclasse': 'ADMINISTRACAOPUBLICAEMGERAL-ILUMINACAOPUBLICA', 'tipo_fornecimento': 'MONOFÁSICO', 'leitura_anterior': 0, 'leitura_atual': 0, 'consumo_kwh': 0.0, 'total_pagar': 0.0}
2026-08-01 17:21:17,709 [INFO] app.core.normalizer - UC normalizada com sucesso: '520.367.008-46'
2026-08-01 17:21:17,711 [INFO] app.core.extractor - Invoice extraction completed: {'cliente': 'MUNICIPIODEFLEXEIRAS', 'uc': '520.367.008-46', 'medidor': 'N/A', 'local_unidade': 'ILUMINAÇÃOPUBLICA-CIRCUITOEXCLUS, R. DOMOTORISTA, S/N, IP', 'conta_mes': '05/2026', 'vencimento': '2026-06-23', 'classificacao': 'ILUMINAÇÃOPÚBLICA', 'subclasse': 'ADMINISTRACAOPUBLICAEMGERAL-ILUMINACAOPUBLICA', 'tipo_fornecimento': 'MONOFÁSICO', 'leitura_anterior': 0, 'leitura_atual': 0, 'consumo_kwh': 0.0, 'total_pagar': 0.0}
2026-08-01 17:21:17,711 [INFO] app.core.normalizer - UC normalizada com sucesso: '395.907.008-01'
2026-08-01 17:21:17,713 [INFO] app.core.extractor - Invoice extraction completed: {'cliente': 'MUNICIPIODEFLEXEIRAS', 'uc': '395.907.008-01', 'medidor': 'N/A', 'local_unidade': 'PRACAMULTIEVENTOS AVROSITACALHEIROS, S/N,', 'conta_mes': '05/2026', 'vencimento': '2026-06-23', 'classificacao': 'ILUMINAÇÃOPÚBLICA', 'subclasse': 'ADMINISTRACAOPUBLICAEMGERAL-ILUMINACAOPUBLICA', 'tipo_fornecimento': 'TRIFÁSICO', 'leitura_anterior': 0, 'leitura_atual': 0, 'consumo_kwh': 0.0, 'total_pagar': 0.0}
2026-08-01 17:21:17,713 [INFO] app.core.normalizer - UC normalizada com sucesso: '601.699.008-97'
2026-08-01 17:21:17,714 [INFO] app.core.extractor - Invoice extraction completed: {'cliente': 'MUNICIPIODEFLEXEIRAS', 'uc': '601.699.008-97', 'medidor': 'N/A', 'local_unidade': 'ip, R. JOSEGOMESDELIMA, S/N,', 'conta_mes': '05/2026', 'vencimento': '2026-06-23', 'classificacao': 'ILUMINAÇÃOPÚBLICA', 'subclasse': 'ADMINISTRACAOPUBLICAEMGERAL-ILUMINACAOPUBLICA', 'tipo_fornecimento': 'MONOFÁSICO', 'leitura_anterior': 0, 'leitura_atual': 0, 'consumo_kwh': 0.0, 'total_pagar': 0.0}
2026-08-01 17:21:17,714 [INFO] app.core.normalizer - UC normalizada com sucesso: '519.021.008-71'
2026-08-01 17:21:17,716 [INFO] app.core.extractor - Invoice extraction completed: {'cliente': 'MUNICIPIODEFLEXEIRAS', 'uc': '519.021.008-71', 'medidor': 'N/A', 'local_unidade': "IPMIRANTEDACAIXAD'AGUA CJNOVAFLEXEIRAS, S/N, MIRANTEDACAIXADAGUA", 'conta_mes': '05/2026', 'vencimento': '2026-06-23', 'classificacao': 'ILUMINAÇÃOPÚBLICA', 'subclasse': 'ADMINISTRACAOPUBLICAEMGERAL-ILUMINACAOPUBLICA', 'tipo_fornecimento': 'MONOFÁSICO', 'leitura_anterior': 0, 'leitura_atual': 0, 'consumo_kwh': 0.0, 'total_pagar': 0.0}
2026-08-01 17:21:17,717 [INFO] app.core.normalizer - UC normalizada com sucesso: '521.854.008-13'
2026-08-01 17:21:17,718 [INFO] app.core.extractor - Invoice extraction completed: {'cliente': 'MUNICIPIODEFLEXEIRAS', 'uc': '521.854.008-13', 'medidor': 'N/A', 'local_unidade': 'IP, R. MANOELFRANCISCODIAS, S/N,', 'conta_mes': '05/2026', 'vencimento': '2026-06-23', 'classificacao': 'ILUMINAÇÃOPÚBLICA', 'subclasse': 'ADMINISTRACAOPUBLICAEMGERAL-ILUMINACAOPUBLICA', 'tipo_fornecimento': 'MONOFÁSICO', 'leitura_anterior': 0, 'leitura_atual': 0, 'consumo_kwh': 0.0, 'total_pagar': 0.0}
2026-08-01 17:21:17,718 [INFO] app.core.normalizer - UC normalizada com sucesso: '650.695.008-35'
2026-08-01 17:21:17,719 [INFO] app.core.extractor - Invoice extraction completed: {'cliente': 'MUNICIPIODEFLEXEIRAS', 'uc': '650.695.008-35', 'medidor': 'N/A', 'local_unidade': 'Emporio AVROSITACALHEIROS, S/N,', 'conta_mes': '05/2026', 'vencimento': '2026-06-23', 'classificacao': 'ILUMINAÇÃOPÚBLICA', 'subclasse': 'ADMINISTRACAOPUBLICAEMGERAL-ILUMINACAOPUBLICA', 'tipo_fornecimento': 'TRIFÁSICO', 'leitura_anterior': 0, 'leitura_atual': 0, 'consumo_kwh': 0.0, 'total_pagar': 0.0}
2026-08-01 17:21:17,720 [INFO] app.core.normalizer - UC normalizada com sucesso: '473.773.008-70'
2026-08-01 17:21:17,720 [INFO] app.core.extractor - Invoice extraction completed: {'cliente': 'MUNICIPIODEFLEXEIRAS', 'uc': '473.773.008-70', 'medidor': 'N/A', 'local_unidade': 'IL. PUBLICACALCADAOCENTRO, R. CELALCANTARA, S/N,', 'conta_mes': '05/2026', 'vencimento': '2026-06-23', 'classificacao': 'ILUMINAÇÃOPÚBLICA', 'subclasse': 'ADMINISTRACAOPUBLICAEMGERAL-ILUMINACAOPUBLICA', 'tipo_fornecimento': 'MONOFÁSICO', 'leitura_anterior': 0, 'leitura_atual': 0, 'consumo_kwh': 0.0, 'total_pagar': 0.0}
2026-08-01 17:21:17,721 [INFO] app.core.normalizer - UC normalizada com sucesso: '461.662.008-44'
2026-08-01 17:21:17,722 [INFO] app.core.extractor - Invoice extraction completed: {'cliente': 'MUNICIPIODEFLEXEIRAS', 'uc': '461.662.008-44', 'medidor': 'N/A', 'local_unidade': 'PRACACJNOVAFLEXEIRASII CJNOVAFLEXEIRASII, S/N,', 'conta_mes': '05/2026', 'vencimento': '2026-06-23', 'classificacao': 'ILUMINAÇÃOPÚBLICA', 'subclasse': 'ADMINISTRACAOPUBLICAEMGERAL-ILUMINACAOPUBLICA', 'tipo_fornecimento': 'MONOFÁSICO', 'leitura_anterior': 0, 'leitura_atual': 0, 'consumo_kwh': 0.0, 'total_pagar': 0.0}
2026-08-01 17:21:17,722 [INFO] app.core.normalizer - UC normalizada com sucesso: '205.627.008-79'
2026-08-01 17:21:17,723 [INFO] app.core.extractor - Invoice extraction completed: {'cliente': 'MUNICIPIODEFLEXEIRAS', 'uc': '205.627.008-79', 'medidor': 'N/A', 'local_unidade': 'ILUMINACAOPUBLICA, R. CELALCANTARA, S/N,', 'conta_mes': '05/2026', 'vencimento': '2026-06-23', 'classificacao': 'ILUMINAÇÃOPÚBLICA', 'subclasse': 'ADMINISTRACAOPUBLICAEMGERAL-ILUMINACAOPUBLICA', 'tipo_fornecimento': 'MONOFÁSICO', 'leitura_anterior': 0, 'leitura_atual': 0, 'consumo_kwh': 0.0, 'total_pagar': 0.0}
2026-08-01 17:21:17,723 [INFO] app.core.normalizer - UC normalizada com sucesso: '281.609.008-09'
2026-08-01 17:21:17,724 [INFO] app.core.extractor - Invoice extraction completed: {'cliente': 'MUNICIPIODEFLEXEIRAS', 'uc': '281.609.008-09', 'medidor': 'E3252034', 'local_unidade': 'PRACAPREFJOSECAMILODOSSAN, R. CELALCANTARA, S/N,', 'conta_mes': '05/2026', 'vencimento': '2026-06-23', 'classificacao': 'ILUMINAÇÃOPÚBLICA', 'subclasse': 'ADMINISTRACAOPUBLICAEMGERAL-ILUMINACAOPUBLICA', 'tipo_fornecimento': 'TRIFÁSICO', 'leitura_anterior': 8982, 'leitura_atual': 9288, 'consumo_kwh': 306.0, 'total_pagar': 0.0}
2026-08-01 17:21:17,724 [INFO] app.core.normalizer - UC normalizada com sucesso: '523.003.008-62'
2026-08-01 17:21:17,725 [INFO] app.core.extractor - Invoice extraction completed: {'cliente': 'MUNICIPIODEFLEXEIRAS', 'uc': '523.003.008-62', 'medidor': 'N/A', 'local_unidade': 'IP-MIRANTENOVAFLEXEIRAS CJNOVAFLEXEIRASII, S/N,', 'conta_mes': '05/2026', 'vencimento': '2026-06-23', 'classificacao': 'ILUMINAÇÃOPÚBLICA', 'subclasse': 'ADMINISTRACAOPUBLICAEMGERAL-ILUMINACAOPUBLICA', 'tipo_fornecimento': 'MONOFÁSICO', 'leitura_anterior': 0, 'leitura_atual': 0, 'consumo_kwh': 0.0, 'total_pagar': 0.0}
2026-08-01 17:21:17,726 [INFO] app.core.normalizer - UC normalizada com sucesso: '489.486.008-41'
2026-08-01 17:21:17,726 [INFO] app.core.extractor - Invoice extraction completed: {'cliente': 'MUNICIPIODEFLEXEIRAS', 'uc': '489.486.008-41', 'medidor': 'N/A', 'local_unidade': 'ILPÚBLICAPRAÇAPADRECÍCERO, R. STOANTONIO, S/N,', 'conta_mes': '05/2026', 'vencimento': '2026-06-23', 'classificacao': 'ILUMINAÇÃOPÚBLICA', 'subclasse': 'ADMINISTRACAOPUBLICAEMGERAL-ILUMINACAOPUBLICA', 'tipo_fornecimento': 'MONOFÁSICO', 'leitura_anterior': 0, 'leitura_atual': 0, 'consumo_kwh': 0.0, 'total_pagar': 0.0}
2026-08-01 17:21:17,727 [INFO] app.core.normalizer - UC normalizada com sucesso: '679.501.008-41'
2026-08-01 17:21:17,728 [INFO] app.core.extractor - Invoice extraction completed: {'cliente': 'MUNICIPIODEFLEXEIRAS', 'uc': '679.501.008-41', 'medidor': 'N/A', 'local_unidade': 'IPCOPADASARVORES, R. CELALCANTARA, S/N, ILUMINACAODACOPADASAVORES', 'conta_mes': '05/2026', 'vencimento': '2026-06-23', 'classificacao': 'ILUMINAÇÃOPÚBLICA', 'subclasse': 'ADMINISTRACAOPUBLICAEMGERAL-ILUMINACAOPUBLICA', 'tipo_fornecimento': 'MONOFÁSICO', 'leitura_anterior': 0, 'leitura_atual': 0, 'consumo_kwh': 0.0, 'total_pagar': 0.0}
2026-08-01 17:21:17,729 [INFO] app.core.normalizer - UC normalizada com sucesso: '601.693.008-44'
2026-08-01 17:21:17,730 [INFO] app.core.extractor - Invoice extraction completed: {'cliente': 'MUNICIPIODEFLEXEIRAS', 'uc': '601.693.008-44', 'medidor': 'N/A', 'local_unidade': 'IP, R. POETAJOAODEDEUS, S/N,', 'conta_mes': '05/2026', 'vencimento': '2026-06-23', 'classificacao': 'ILUMINAÇÃOPÚBLICA', 'subclasse': 'ADMINISTRACAOPUBLICAEMGERAL-ILUMINACAOPUBLICA', 'tipo_fornecimento': 'MONOFÁSICO', 'leitura_anterior': 0, 'leitura_atual': 0, 'consumo_kwh': 0.0, 'total_pagar': 0.0}
2026-08-01 17:21:17,730 [INFO] werkzeug - 127.0.0.1 - - [01/Aug/2026 17:21:17] "POST /api/process HTTP/1.1" 200 -
2026-08-01 17:34:17,822 [INFO] werkzeug -  * Detected change in 'C:\\Users\\mathe\\Desktop\\py\\app\\core\\invoice_processor.py', reloading
2026-08-01 17:34:18,028 [INFO] werkzeug -  * Restarting with stat
2026-08-01 17:34:19,372 [WARNING] werkzeug -  * Debugger is active!
2026-08-01 17:34:19,379 [INFO] werkzeug -  * Debugger PIN: 511-121-778
2026-08-01 17:35:55,612 [INFO] werkzeug -  * Detected change in 'C:\\Users\\mathe\\Desktop\\py\\app\\core\\excel_writer.py', reloading
2026-08-01 17:35:55,733 [INFO] werkzeug -  * Restarting with stat
2026-08-01 17:35:56,661 [WARNING] werkzeug -  * Debugger is active!
2026-08-01 17:35:56,667 [INFO] werkzeug -  * Debugger PIN: 511-121-778
2026-08-01 17:36:57,482 [INFO] werkzeug -  * Detected change in 'C:\\Users\\mathe\\Desktop\\py\\tests\\test_invoice_processor.py', reloading
2026-08-01 17:36:57,649 [INFO] werkzeug -  * Restarting with stat
2026-08-01 17:36:58,614 [WARNING] werkzeug -  * Debugger is active!
2026-08-01 17:36:58,620 [INFO] werkzeug -  * Debugger PIN: 511-121-778
2026-08-01 17:37:30,724 [INFO] werkzeug -  * Detected change in 'C:\\Users\\mathe\\Desktop\\py\\tests\\test_invoice_processor.py', reloading
2026-08-01 17:37:30,840 [INFO] werkzeug -  * Restarting with stat
2026-08-01 17:37:31,793 [WARNING] werkzeug -  * Debugger is active!
2026-08-01 17:37:31,799 [INFO] werkzeug -  * Debugger PIN: 511-121-778
2026-08-01 17:38:20,843 [INFO] werkzeug -  * Detected change in 'C:\\Users\\mathe\\Desktop\\py\\app\\core\\invoice_processor.py', reloading
2026-08-01 17:38:20,984 [INFO] werkzeug -  * Restarting with stat
2026-08-01 17:38:21,887 [WARNING] werkzeug -  * Debugger is active!
2026-08-01 17:38:21,893 [INFO] werkzeug -  * Debugger PIN: 511-121-778
2026-08-01 17:39:08,324 [INFO] werkzeug -  * Detected change in 'C:\\Users\\mathe\\Desktop\\py\\tests\\test_invoice_processor.py', reloading
2026-08-01 17:39:08,472 [INFO] werkzeug -  * Restarting with stat
2026-08-01 17:39:09,399 [WARNING] werkzeug -  * Debugger is active!
2026-08-01 17:39:09,406 [INFO] werkzeug -  * Debugger PIN: 511-121-778
2026-08-01 17:39:22,333 [INFO] app.server - Arquivo salvo temporariamente: pdf_fatura.pdf
2026-08-01 17:39:22,334 [INFO] werkzeug - 127.0.0.1 - - [01/Aug/2026 17:39:22] "POST /api/upload HTTP/1.1" 200 -
2026-08-01 17:39:22,448 [INFO] app.core.pdf_reader - Texto extraído da página 1
2026-08-01 17:39:22,538 [INFO] app.core.pdf_reader - Texto extraído da página 2
2026-08-01 17:39:22,644 [INFO] app.core.pdf_reader - Texto extraído da página 3
2026-08-01 17:39:22,748 [INFO] app.core.pdf_reader - Texto extraído da página 4
2026-08-01 17:39:22,842 [INFO] app.core.pdf_reader - Texto extraído da página 5
2026-08-01 17:39:23,004 [INFO] app.core.pdf_reader - Texto extraído da página 6
2026-08-01 17:39:23,099 [INFO] app.core.pdf_reader - Texto extraído da página 7
2026-08-01 17:39:23,190 [INFO] app.core.pdf_reader - Texto extraído da página 8
2026-08-01 17:39:23,277 [INFO] app.core.pdf_reader - Texto extraído da página 9
2026-08-01 17:39:23,373 [INFO] app.core.pdf_reader - Texto extraído da página 10
2026-08-01 17:39:23,484 [INFO] app.core.pdf_reader - Texto extraído da página 11
2026-08-01 17:39:23,581 [INFO] app.core.pdf_reader - Texto extraído da página 12
2026-08-01 17:39:23,677 [INFO] app.core.pdf_reader - Texto extraído da página 13
2026-08-01 17:39:23,755 [INFO] app.core.pdf_reader - Texto extraído da página 14
2026-08-01 17:39:23,833 [INFO] app.core.pdf_reader - Texto extraído da página 15
2026-08-01 17:39:23,836 [INFO] app.core.normalizer - UC normalizada com sucesso: '522.046.008-04'
2026-08-01 17:39:23,840 [INFO] app.core.extractor - Invoice extraction completed: {'cliente': 'MUNICIPIODEFLEXEIRAS', 'uc': '522.046.008-04', 'medidor': 'N/A', 'local_unidade': 'IP, R. PROFMARIAISABELCOSTASOUZA, S/N,', 'conta_mes': '05/2026', 'vencimento': '2026-06-23', 'classificacao': 'ILUMINAÇÃOPÚBLICA', 'subclasse': 'ADMINISTRACAOPUBLICAEMGERAL-ILUMINACAOPUBLICA', 'tipo_fornecimento': 'MONOFÁSICO', 'leitura_anterior': 0, 'leitura_atual': 0, 'consumo_kwh': 0.0, 'total_pagar': 0.0}
2026-08-01 17:39:23,840 [INFO] app.core.normalizer - UC normalizada com sucesso: '520.367.008-46'
2026-08-01 17:39:23,841 [INFO] app.core.extractor - Invoice extraction completed: {'cliente': 'MUNICIPIODEFLEXEIRAS', 'uc': '520.367.008-46', 'medidor': 'N/A', 'local_unidade': 'ILUMINAÇÃOPUBLICA-CIRCUITOEXCLUS, R. DOMOTORISTA, S/N, IP', 'conta_mes': '05/2026', 'vencimento': '2026-06-23', 'classificacao': 'ILUMINAÇÃOPÚBLICA', 'subclasse': 'ADMINISTRACAOPUBLICAEMGERAL-ILUMINACAOPUBLICA', 'tipo_fornecimento': 'MONOFÁSICO', 'leitura_anterior': 0, 'leitura_atual': 0, 'consumo_kwh': 0.0, 'total_pagar': 0.0}
2026-08-01 17:39:23,842 [INFO] app.core.normalizer - UC normalizada com sucesso: '395.907.008-01'
2026-08-01 17:39:23,844 [INFO] app.core.extractor - Invoice extraction completed: {'cliente': 'MUNICIPIODEFLEXEIRAS', 'uc': '395.907.008-01', 'medidor': 'N/A', 'local_unidade': 'PRACAMULTIEVENTOS AVROSITACALHEIROS, S/N,', 'conta_mes': '05/2026', 'vencimento': '2026-06-23', 'classificacao': 'ILUMINAÇÃOPÚBLICA', 'subclasse': 'ADMINISTRACAOPUBLICAEMGERAL-ILUMINACAOPUBLICA', 'tipo_fornecimento': 'TRIFÁSICO', 'leitura_anterior': 0, 'leitura_atual': 0, 'consumo_kwh': 0.0, 'total_pagar': 0.0}
2026-08-01 17:39:23,844 [INFO] app.core.normalizer - UC normalizada com sucesso: '601.699.008-97'
2026-08-01 17:39:23,845 [INFO] app.core.extractor - Invoice extraction completed: {'cliente': 'MUNICIPIODEFLEXEIRAS', 'uc': '601.699.008-97', 'medidor': 'N/A', 'local_unidade': 'ip, R. JOSEGOMESDELIMA, S/N,', 'conta_mes': '05/2026', 'vencimento': '2026-06-23', 'classificacao': 'ILUMINAÇÃOPÚBLICA', 'subclasse': 'ADMINISTRACAOPUBLICAEMGERAL-ILUMINACAOPUBLICA', 'tipo_fornecimento': 'MONOFÁSICO', 'leitura_anterior': 0, 'leitura_atual': 0, 'consumo_kwh': 0.0, 'total_pagar': 0.0}
2026-08-01 17:39:23,845 [INFO] app.core.normalizer - UC normalizada com sucesso: '519.021.008-71'
2026-08-01 17:39:23,847 [INFO] app.core.extractor - Invoice extraction completed: {'cliente': 'MUNICIPIODEFLEXEIRAS', 'uc': '519.021.008-71', 'medidor': 'N/A', 'local_unidade': "IPMIRANTEDACAIXAD'AGUA CJNOVAFLEXEIRAS, S/N, MIRANTEDACAIXADAGUA", 'conta_mes': '05/2026', 'vencimento': '2026-06-23', 'classificacao': 'ILUMINAÇÃOPÚBLICA', 'subclasse': 'ADMINISTRACAOPUBLICAEMGERAL-ILUMINACAOPUBLICA', 'tipo_fornecimento': 'MONOFÁSICO', 'leitura_anterior': 0, 'leitura_atual': 0, 'consumo_kwh': 0.0, 'total_pagar': 0.0}
2026-08-01 17:39:23,847 [INFO] app.core.normalizer - UC normalizada com sucesso: '521.854.008-13'
2026-08-01 17:39:23,848 [INFO] app.core.extractor - Invoice extraction completed: {'cliente': 'MUNICIPIODEFLEXEIRAS', 'uc': '521.854.008-13', 'medidor': 'N/A', 'local_unidade': 'IP, R. MANOELFRANCISCODIAS, S/N,', 'conta_mes': '05/2026', 'vencimento': '2026-06-23', 'classificacao': 'ILUMINAÇÃOPÚBLICA', 'subclasse': 'ADMINISTRACAOPUBLICAEMGERAL-ILUMINACAOPUBLICA', 'tipo_fornecimento': 'MONOFÁSICO', 'leitura_anterior': 0, 'leitura_atual': 0, 'consumo_kwh': 0.0, 'total_pagar': 0.0}
2026-08-01 17:39:23,849 [INFO] app.core.normalizer - UC normalizada com sucesso: '650.695.008-35'
2026-08-01 17:39:23,850 [INFO] app.core.extractor - Invoice extraction completed: {'cliente': 'MUNICIPIODEFLEXEIRAS', 'uc': '650.695.008-35', 'medidor': 'N/A', 'local_unidade': 'Emporio AVROSITACALHEIROS, S/N,', 'conta_mes': '05/2026', 'vencimento': '2026-06-23', 'classificacao': 'ILUMINAÇÃOPÚBLICA', 'subclasse': 'ADMINISTRACAOPUBLICAEMGERAL-ILUMINACAOPUBLICA', 'tipo_fornecimento': 'TRIFÁSICO', 'leitura_anterior': 0, 'leitura_atual': 0, 'consumo_kwh': 0.0, 'total_pagar': 0.0}
2026-08-01 17:39:23,850 [INFO] app.core.normalizer - UC normalizada com sucesso: '473.773.008-70'
2026-08-01 17:39:23,851 [INFO] app.core.extractor - Invoice extraction completed: {'cliente': 'MUNICIPIODEFLEXEIRAS', 'uc': '473.773.008-70', 'medidor': 'N/A', 'local_unidade': 'IL. PUBLICACALCADAOCENTRO, R. CELALCANTARA, S/N,', 'conta_mes': '05/2026', 'vencimento': '2026-06-23', 'classificacao': 'ILUMINAÇÃOPÚBLICA', 'subclasse': 'ADMINISTRACAOPUBLICAEMGERAL-ILUMINACAOPUBLICA', 'tipo_fornecimento': 'MONOFÁSICO', 'leitura_anterior': 0, 'leitura_atual': 0, 'consumo_kwh': 0.0, 'total_pagar': 0.0}
2026-08-01 17:39:23,852 [INFO] app.core.normalizer - UC normalizada com sucesso: '461.662.008-44'
2026-08-01 17:39:23,853 [INFO] app.core.extractor - Invoice extraction completed: {'cliente': 'MUNICIPIODEFLEXEIRAS', 'uc': '461.662.008-44', 'medidor': 'N/A', 'local_unidade': 'PRACACJNOVAFLEXEIRASII CJNOVAFLEXEIRASII, S/N,', 'conta_mes': '05/2026', 'vencimento': '2026-06-23', 'classificacao': 'ILUMINAÇÃOPÚBLICA', 'subclasse': 'ADMINISTRACAOPUBLICAEMGERAL-ILUMINACAOPUBLICA', 'tipo_fornecimento': 'MONOFÁSICO', 'leitura_anterior': 0, 'leitura_atual': 0, 'consumo_kwh': 0.0, 'total_pagar': 0.0}
2026-08-01 17:39:23,854 [INFO] app.core.normalizer - UC normalizada com sucesso: '205.627.008-79'
2026-08-01 17:39:23,854 [INFO] app.core.extractor - Invoice extraction completed: {'cliente': 'MUNICIPIODEFLEXEIRAS', 'uc': '205.627.008-79', 'medidor': 'N/A', 'local_unidade': 'ILUMINACAOPUBLICA, R. CELALCANTARA, S/N,', 'conta_mes': '05/2026', 'vencimento': '2026-06-23', 'classificacao': 'ILUMINAÇÃOPÚBLICA', 'subclasse': 'ADMINISTRACAOPUBLICAEMGERAL-ILUMINACAOPUBLICA', 'tipo_fornecimento': 'MONOFÁSICO', 'leitura_anterior': 0, 'leitura_atual': 0, 'consumo_kwh': 0.0, 'total_pagar': 0.0}
2026-08-01 17:39:23,855 [INFO] app.core.normalizer - UC normalizada com sucesso: '281.609.008-09'
2026-08-01 17:39:23,856 [INFO] app.core.extractor - Invoice extraction completed: {'cliente': 'MUNICIPIODEFLEXEIRAS', 'uc': '281.609.008-09', 'medidor': 'E3252034', 'local_unidade': 'PRACAPREFJOSECAMILODOSSAN, R. CELALCANTARA, S/N,', 'conta_mes': '05/2026', 'vencimento': '2026-06-23', 'classificacao': 'ILUMINAÇÃOPÚBLICA', 'subclasse': 'ADMINISTRACAOPUBLICAEMGERAL-ILUMINACAOPUBLICA', 'tipo_fornecimento': 'TRIFÁSICO', 'leitura_anterior': 8982, 'leitura_atual': 9288, 'consumo_kwh': 306.0, 'total_pagar': 0.0}
2026-08-01 17:39:23,856 [INFO] app.core.normalizer - UC normalizada com sucesso: '523.003.008-62'
2026-08-01 17:39:23,857 [INFO] app.core.extractor - Invoice extraction completed: {'cliente': 'MUNICIPIODEFLEXEIRAS', 'uc': '523.003.008-62', 'medidor': 'N/A', 'local_unidade': 'IP-MIRANTENOVAFLEXEIRAS CJNOVAFLEXEIRASII, S/N,', 'conta_mes': '05/2026', 'vencimento': '2026-06-23', 'classificacao': 'ILUMINAÇÃOPÚBLICA', 'subclasse': 'ADMINISTRACAOPUBLICAEMGERAL-ILUMINACAOPUBLICA', 'tipo_fornecimento': 'MONOFÁSICO', 'leitura_anterior': 0, 'leitura_atual': 0, 'consumo_kwh': 0.0, 'total_pagar': 0.0}
2026-08-01 17:39:23,857 [INFO] app.core.normalizer - UC normalizada com sucesso: '489.486.008-41'
2026-08-01 17:39:23,858 [INFO] app.core.extractor - Invoice extraction completed: {'cliente': 'MUNICIPIODEFLEXEIRAS', 'uc': '489.486.008-41', 'medidor': 'N/A', 'local_unidade': 'ILPÚBLICAPRAÇAPADRECÍCERO, R. STOANTONIO, S/N,', 'conta_mes': '05/2026', 'vencimento': '2026-06-23', 'classificacao': 'ILUMINAÇÃOPÚBLICA', 'subclasse': 'ADMINISTRACAOPUBLICAEMGERAL-ILUMINACAOPUBLICA', 'tipo_fornecimento': 'MONOFÁSICO', 'leitura_anterior': 0, 'leitura_atual': 0, 'consumo_kwh': 0.0, 'total_pagar': 0.0}
2026-08-01 17:39:23,859 [INFO] app.core.normalizer - UC normalizada com sucesso: '679.501.008-41'
2026-08-01 17:39:23,860 [INFO] app.core.extractor - Invoice extraction completed: {'cliente': 'MUNICIPIODEFLEXEIRAS', 'uc': '679.501.008-41', 'medidor': 'N/A', 'local_unidade': 'IPCOPADASARVORES, R. CELALCANTARA, S/N, ILUMINACAODACOPADASAVORES', 'conta_mes': '05/2026', 'vencimento': '2026-06-23', 'classificacao': 'ILUMINAÇÃOPÚBLICA', 'subclasse': 'ADMINISTRACAOPUBLICAEMGERAL-ILUMINACAOPUBLICA', 'tipo_fornecimento': 'MONOFÁSICO', 'leitura_anterior': 0, 'leitura_atual': 0, 'consumo_kwh': 0.0, 'total_pagar': 0.0}
2026-08-01 17:39:23,861 [INFO] app.core.normalizer - UC normalizada com sucesso: '601.693.008-44'
2026-08-01 17:39:23,862 [INFO] app.core.extractor - Invoice extraction completed: {'cliente': 'MUNICIPIODEFLEXEIRAS', 'uc': '601.693.008-44', 'medidor': 'N/A', 'local_unidade': 'IP, R. POETAJOAODEDEUS, S/N,', 'conta_mes': '05/2026', 'vencimento': '2026-06-23', 'classificacao': 'ILUMINAÇÃOPÚBLICA', 'subclasse': 'ADMINISTRACAOPUBLICAEMGERAL-ILUMINACAOPUBLICA', 'tipo_fornecimento': 'MONOFÁSICO', 'leitura_anterior': 0, 'leitura_atual': 0, 'consumo_kwh': 0.0, 'total_pagar': 0.0}
2026-08-01 17:39:23,862 [INFO] werkzeug - 127.0.0.1 - - [01/Aug/2026 17:39:23] "POST /api/process HTTP/1.1" 200 -
2026-08-01 17:39:31,295 [INFO] app.server - Arquivo salvo temporariamente: pdf_fatura.pdf
2026-08-01 17:39:31,296 [INFO] werkzeug - 127.0.0.1 - - [01/Aug/2026 17:39:31] "POST /api/upload HTTP/1.1" 200 -
2026-08-01 17:39:31,407 [INFO] app.core.pdf_reader - Texto extraído da página 1
2026-08-01 17:39:31,483 [INFO] app.core.pdf_reader - Texto extraído da página 2
2026-08-01 17:39:31,566 [INFO] app.core.pdf_reader - Texto extraído da página 3
2026-08-01 17:39:31,649 [INFO] app.core.pdf_reader - Texto extraído da página 4
2026-08-01 17:39:31,735 [INFO] app.core.pdf_reader - Texto extraído da página 5
2026-08-01 17:39:31,923 [INFO] app.core.pdf_reader - Texto extraído da página 6
2026-08-01 17:39:31,992 [INFO] app.core.pdf_reader - Texto extraído da página 7
2026-08-01 17:39:32,068 [INFO] app.core.pdf_reader - Texto extraído da página 8
2026-08-01 17:39:32,163 [INFO] app.core.pdf_reader - Texto extraído da página 9
2026-08-01 17:39:32,247 [INFO] app.core.pdf_reader - Texto extraído da página 10
2026-08-01 17:39:32,324 [INFO] app.core.pdf_reader - Texto extraído da página 11
2026-08-01 17:39:32,421 [INFO] app.core.pdf_reader - Texto extraído da página 12
2026-08-01 17:39:32,525 [INFO] app.core.pdf_reader - Texto extraído da página 13
2026-08-01 17:39:32,612 [INFO] app.core.pdf_reader - Texto extraído da página 14
2026-08-01 17:39:32,694 [INFO] app.core.pdf_reader - Texto extraído da página 15
2026-08-01 17:39:32,695 [INFO] app.core.normalizer - UC normalizada com sucesso: '522.046.008-04'
2026-08-01 17:39:32,697 [INFO] app.core.extractor - Invoice extraction completed: {'cliente': 'MUNICIPIODEFLEXEIRAS', 'uc': '522.046.008-04', 'medidor': 'N/A', 'local_unidade': 'IP, R. PROFMARIAISABELCOSTASOUZA, S/N,', 'conta_mes': '05/2026', 'vencimento': '2026-06-23', 'classificacao': 'ILUMINAÇÃOPÚBLICA', 'subclasse': 'ADMINISTRACAOPUBLICAEMGERAL-ILUMINACAOPUBLICA', 'tipo_fornecimento': 'MONOFÁSICO', 'leitura_anterior': 0, 'leitura_atual': 0, 'consumo_kwh': 0.0, 'total_pagar': 0.0}
2026-08-01 17:39:32,697 [INFO] app.core.normalizer - UC normalizada com sucesso: '520.367.008-46'
2026-08-01 17:39:32,698 [INFO] app.core.extractor - Invoice extraction completed: {'cliente': 'MUNICIPIODEFLEXEIRAS', 'uc': '520.367.008-46', 'medidor': 'N/A', 'local_unidade': 'ILUMINAÇÃOPUBLICA-CIRCUITOEXCLUS, R. DOMOTORISTA, S/N, IP', 'conta_mes': '05/2026', 'vencimento': '2026-06-23', 'classificacao': 'ILUMINAÇÃOPÚBLICA', 'subclasse': 'ADMINISTRACAOPUBLICAEMGERAL-ILUMINACAOPUBLICA', 'tipo_fornecimento': 'MONOFÁSICO', 'leitura_anterior': 0, 'leitura_atual': 0, 'consumo_kwh': 0.0, 'total_pagar': 0.0}
2026-08-01 17:39:32,698 [INFO] app.core.normalizer - UC normalizada com sucesso: '395.907.008-01'
2026-08-01 17:39:32,699 [INFO] app.core.extractor - Invoice extraction completed: {'cliente': 'MUNICIPIODEFLEXEIRAS', 'uc': '395.907.008-01', 'medidor': 'N/A', 'local_unidade': 'PRACAMULTIEVENTOS AVROSITACALHEIROS, S/N,', 'conta_mes': '05/2026', 'vencimento': '2026-06-23', 'classificacao': 'ILUMINAÇÃOPÚBLICA', 'subclasse': 'ADMINISTRACAOPUBLICAEMGERAL-ILUMINACAOPUBLICA', 'tipo_fornecimento': 'TRIFÁSICO', 'leitura_anterior': 0, 'leitura_atual': 0, 'consumo_kwh': 0.0, 'total_pagar': 0.0}
2026-08-01 17:39:32,700 [INFO] app.core.normalizer - UC normalizada com sucesso: '601.699.008-97'
2026-08-01 17:39:32,700 [INFO] app.core.extractor - Invoice extraction completed: {'cliente': 'MUNICIPIODEFLEXEIRAS', 'uc': '601.699.008-97', 'medidor': 'N/A', 'local_unidade': 'ip, R. JOSEGOMESDELIMA, S/N,', 'conta_mes': '05/2026', 'vencimento': '2026-06-23', 'classificacao': 'ILUMINAÇÃOPÚBLICA', 'subclasse': 'ADMINISTRACAOPUBLICAEMGERAL-ILUMINACAOPUBLICA', 'tipo_fornecimento': 'MONOFÁSICO', 'leitura_anterior': 0, 'leitura_atual': 0, 'consumo_kwh': 0.0, 'total_pagar': 0.0}
2026-08-01 17:39:32,701 [INFO] app.core.normalizer - UC normalizada com sucesso: '519.021.008-71'
2026-08-01 17:39:32,702 [INFO] app.core.extractor - Invoice extraction completed: {'cliente': 'MUNICIPIODEFLEXEIRAS', 'uc': '519.021.008-71', 'medidor': 'N/A', 'local_unidade': "IPMIRANTEDACAIXAD'AGUA CJNOVAFLEXEIRAS, S/N, MIRANTEDACAIXADAGUA", 'conta_mes': '05/2026', 'vencimento': '2026-06-23', 'classificacao': 'ILUMINAÇÃOPÚBLICA', 'subclasse': 'ADMINISTRACAOPUBLICAEMGERAL-ILUMINACAOPUBLICA', 'tipo_fornecimento': 'MONOFÁSICO', 'leitura_anterior': 0, 'leitura_atual': 0, 'consumo_kwh': 0.0, 'total_pagar': 0.0}
2026-08-01 17:39:32,703 [INFO] app.core.normalizer - UC normalizada com sucesso: '521.854.008-13'
2026-08-01 17:39:32,704 [INFO] app.core.extractor - Invoice extraction completed: {'cliente': 'MUNICIPIODEFLEXEIRAS', 'uc': '521.854.008-13', 'medidor': 'N/A', 'local_unidade': 'IP, R. MANOELFRANCISCODIAS, S/N,', 'conta_mes': '05/2026', 'vencimento': '2026-06-23', 'classificacao': 'ILUMINAÇÃOPÚBLICA', 'subclasse': 'ADMINISTRACAOPUBLICAEMGERAL-ILUMINACAOPUBLICA', 'tipo_fornecimento': 'MONOFÁSICO', 'leitura_anterior': 0, 'leitura_atual': 0, 'consumo_kwh': 0.0, 'total_pagar': 0.0}
2026-08-01 17:39:32,704 [INFO] app.core.normalizer - UC normalizada com sucesso: '650.695.008-35'
2026-08-01 17:39:32,705 [INFO] app.core.extractor - Invoice extraction completed: {'cliente': 'MUNICIPIODEFLEXEIRAS', 'uc': '650.695.008-35', 'medidor': 'N/A', 'local_unidade': 'Emporio AVROSITACALHEIROS, S/N,', 'conta_mes': '05/2026', 'vencimento': '2026-06-23', 'classificacao': 'ILUMINAÇÃOPÚBLICA', 'subclasse': 'ADMINISTRACAOPUBLICAEMGERAL-ILUMINACAOPUBLICA', 'tipo_fornecimento': 'TRIFÁSICO', 'leitura_anterior': 0, 'leitura_atual': 0, 'consumo_kwh': 0.0, 'total_pagar': 0.0}
2026-08-01 17:39:32,705 [INFO] app.core.normalizer - UC normalizada com sucesso: '473.773.008-70'
2026-08-01 17:39:32,707 [INFO] app.core.extractor - Invoice extraction completed: {'cliente': 'MUNICIPIODEFLEXEIRAS', 'uc': '473.773.008-70', 'medidor': 'N/A', 'local_unidade': 'IL. PUBLICACALCADAOCENTRO, R. CELALCANTARA, S/N,', 'conta_mes': '05/2026', 'vencimento': '2026-06-23', 'classificacao': 'ILUMINAÇÃOPÚBLICA', 'subclasse': 'ADMINISTRACAOPUBLICAEMGERAL-ILUMINACAOPUBLICA', 'tipo_fornecimento': 'MONOFÁSICO', 'leitura_anterior': 0, 'leitura_atual': 0, 'consumo_kwh': 0.0, 'total_pagar': 0.0}
2026-08-01 17:39:32,707 [INFO] app.core.normalizer - UC normalizada com sucesso: '461.662.008-44'
2026-08-01 17:39:32,708 [INFO] app.core.extractor - Invoice extraction completed: {'cliente': 'MUNICIPIODEFLEXEIRAS', 'uc': '461.662.008-44', 'medidor': 'N/A', 'local_unidade': 'PRACACJNOVAFLEXEIRASII CJNOVAFLEXEIRASII, S/N,', 'conta_mes': '05/2026', 'vencimento': '2026-06-23', 'classificacao': 'ILUMINAÇÃOPÚBLICA', 'subclasse': 'ADMINISTRACAOPUBLICAEMGERAL-ILUMINACAOPUBLICA', 'tipo_fornecimento': 'MONOFÁSICO', 'leitura_anterior': 0, 'leitura_atual': 0, 'consumo_kwh': 0.0, 'total_pagar': 0.0}
2026-08-01 17:39:32,709 [INFO] app.core.normalizer - UC normalizada com sucesso: '205.627.008-79'
2026-08-01 17:39:32,709 [INFO] app.core.extractor - Invoice extraction completed: {'cliente': 'MUNICIPIODEFLEXEIRAS', 'uc': '205.627.008-79', 'medidor': 'N/A', 'local_unidade': 'ILUMINACAOPUBLICA, R. CELALCANTARA, S/N,', 'conta_mes': '05/2026', 'vencimento': '2026-06-23', 'classificacao': 'ILUMINAÇÃOPÚBLICA', 'subclasse': 'ADMINISTRACAOPUBLICAEMGERAL-ILUMINACAOPUBLICA', 'tipo_fornecimento': 'MONOFÁSICO', 'leitura_anterior': 0, 'leitura_atual': 0, 'consumo_kwh': 0.0, 'total_pagar': 0.0}
2026-08-01 17:39:32,709 [INFO] app.core.normalizer - UC normalizada com sucesso: '281.609.008-09'
2026-08-01 17:39:32,710 [INFO] app.core.extractor - Invoice extraction completed: {'cliente': 'MUNICIPIODEFLEXEIRAS', 'uc': '281.609.008-09', 'medidor': 'E3252034', 'local_unidade': 'PRACAPREFJOSECAMILODOSSAN, R. CELALCANTARA, S/N,', 'conta_mes': '05/2026', 'vencimento': '2026-06-23', 'classificacao': 'ILUMINAÇÃOPÚBLICA', 'subclasse': 'ADMINISTRACAOPUBLICAEMGERAL-ILUMINACAOPUBLICA', 'tipo_fornecimento': 'TRIFÁSICO', 'leitura_anterior': 8982, 'leitura_atual': 9288, 'consumo_kwh': 306.0, 'total_pagar': 0.0}
2026-08-01 17:39:32,710 [INFO] app.core.normalizer - UC normalizada com sucesso: '523.003.008-62'
2026-08-01 17:39:32,711 [INFO] app.core.extractor - Invoice extraction completed: {'cliente': 'MUNICIPIODEFLEXEIRAS', 'uc': '523.003.008-62', 'medidor': 'N/A', 'local_unidade': 'IP-MIRANTENOVAFLEXEIRAS CJNOVAFLEXEIRASII, S/N,', 'conta_mes': '05/2026', 'vencimento': '2026-06-23', 'classificacao': 'ILUMINAÇÃOPÚBLICA', 'subclasse': 'ADMINISTRACAOPUBLICAEMGERAL-ILUMINACAOPUBLICA', 'tipo_fornecimento': 'MONOFÁSICO', 'leitura_anterior': 0, 'leitura_atual': 0, 'consumo_kwh': 0.0, 'total_pagar': 0.0}
2026-08-01 17:39:32,711 [INFO] app.core.normalizer - UC normalizada com sucesso: '489.486.008-41'
2026-08-01 17:39:32,712 [INFO] app.core.extractor - Invoice extraction completed: {'cliente': 'MUNICIPIODEFLEXEIRAS', 'uc': '489.486.008-41', 'medidor': 'N/A', 'local_unidade': 'ILPÚBLICAPRAÇAPADRECÍCERO, R. STOANTONIO, S/N,', 'conta_mes': '05/2026', 'vencimento': '2026-06-23', 'classificacao': 'ILUMINAÇÃOPÚBLICA', 'subclasse': 'ADMINISTRACAOPUBLICAEMGERAL-ILUMINACAOPUBLICA', 'tipo_fornecimento': 'MONOFÁSICO', 'leitura_anterior': 0, 'leitura_atual': 0, 'consumo_kwh': 0.0, 'total_pagar': 0.0}
2026-08-01 17:39:32,712 [INFO] app.core.normalizer - UC normalizada com sucesso: '679.501.008-41'
2026-08-01 17:39:32,713 [INFO] app.core.extractor - Invoice extraction completed: {'cliente': 'MUNICIPIODEFLEXEIRAS', 'uc': '679.501.008-41', 'medidor': 'N/A', 'local_unidade': 'IPCOPADASARVORES, R. CELALCANTARA, S/N, ILUMINACAODACOPADASAVORES', 'conta_mes': '05/2026', 'vencimento': '2026-06-23', 'classificacao': 'ILUMINAÇÃOPÚBLICA', 'subclasse': 'ADMINISTRACAOPUBLICAEMGERAL-ILUMINACAOPUBLICA', 'tipo_fornecimento': 'MONOFÁSICO', 'leitura_anterior': 0, 'leitura_atual': 0, 'consumo_kwh': 0.0, 'total_pagar': 0.0}
2026-08-01 17:39:32,713 [INFO] app.core.normalizer - UC normalizada com sucesso: '601.693.008-44'
2026-08-01 17:39:32,714 [INFO] app.core.extractor - Invoice extraction completed: {'cliente': 'MUNICIPIODEFLEXEIRAS', 'uc': '601.693.008-44', 'medidor': 'N/A', 'local_unidade': 'IP, R. POETAJOAODEDEUS, S/N,', 'conta_mes': '05/2026', 'vencimento': '2026-06-23', 'classificacao': 'ILUMINAÇÃOPÚBLICA', 'subclasse': 'ADMINISTRACAOPUBLICAEMGERAL-ILUMINACAOPUBLICA', 'tipo_fornecimento': 'MONOFÁSICO', 'leitura_anterior': 0, 'leitura_atual': 0, 'consumo_kwh': 0.0, 'total_pagar': 0.0}
2026-08-01 17:39:32,715 [INFO] werkzeug - 127.0.0.1 - - [01/Aug/2026 17:39:32] "POST /api/process HTTP/1.1" 200 -
2026-08-01 17:40:25,580 [INFO] werkzeug - 127.0.0.1 - - [01/Aug/2026 17:40:25] "GET /?utm_source=chatgpt.com HTTP/1.1" 200 -
2026-08-01 17:40:25,605 [INFO] werkzeug - 127.0.0.1 - - [01/Aug/2026 17:40:25] "GET /static/js/app.js HTTP/1.1" 200 -
2026-08-01 17:40:25,608 [INFO] werkzeug - 127.0.0.1 - - [01/Aug/2026 17:40:25] "[36mGET /static/css/style.css HTTP/1.1[0m" 304 -
2026-08-01 17:40:30,354 [INFO] app.server - Arquivo salvo temporariamente: pdf_fatura.pdf
2026-08-01 17:40:30,355 [INFO] werkzeug - 127.0.0.1 - - [01/Aug/2026 17:40:30] "POST /api/upload HTTP/1.1" 200 -
2026-08-01 17:40:30,470 [INFO] app.core.pdf_reader - Texto extraído da página 1
2026-08-01 17:40:30,546 [INFO] app.core.pdf_reader - Texto extraído da página 2
2026-08-01 17:40:30,620 [INFO] app.core.pdf_reader - Texto extraído da página 3
2026-08-01 17:40:30,685 [INFO] app.core.pdf_reader - Texto extraído da página 4
2026-08-01 17:40:30,750 [INFO] app.core.pdf_reader - Texto extraído da página 5
2026-08-01 17:40:30,939 [INFO] app.core.pdf_reader - Texto extraído da página 6
2026-08-01 17:40:31,019 [INFO] app.core.pdf_reader - Texto extraído da página 7
2026-08-01 17:40:31,082 [INFO] app.core.pdf_reader - Texto extraído da página 8
2026-08-01 17:40:31,163 [INFO] app.core.pdf_reader - Texto extraído da página 9
2026-08-01 17:40:31,245 [INFO] app.core.pdf_reader - Texto extraído da página 10
2026-08-01 17:40:31,331 [INFO] app.core.pdf_reader - Texto extraído da página 11
2026-08-01 17:40:31,406 [INFO] app.core.pdf_reader - Texto extraído da página 12
2026-08-01 17:40:31,491 [INFO] app.core.pdf_reader - Texto extraído da página 13
2026-08-01 17:40:31,577 [INFO] app.core.pdf_reader - Texto extraído da página 14
2026-08-01 17:40:31,666 [INFO] app.core.pdf_reader - Texto extraído da página 15
2026-08-01 17:40:31,667 [INFO] app.core.normalizer - UC normalizada com sucesso: '522.046.008-04'
2026-08-01 17:40:31,668 [INFO] app.core.extractor - Invoice extraction completed: {'cliente': 'MUNICIPIODEFLEXEIRAS', 'uc': '522.046.008-04', 'medidor': 'N/A', 'local_unidade': 'IP, R. PROFMARIAISABELCOSTASOUZA, S/N,', 'conta_mes': '05/2026', 'vencimento': '2026-06-23', 'classificacao': 'ILUMINAÇÃOPÚBLICA', 'subclasse': 'ADMINISTRACAOPUBLICAEMGERAL-ILUMINACAOPUBLICA', 'tipo_fornecimento': 'MONOFÁSICO', 'leitura_anterior': 0, 'leitura_atual': 0, 'consumo_kwh': 0.0, 'total_pagar': 0.0}
2026-08-01 17:40:31,669 [INFO] app.core.normalizer - UC normalizada com sucesso: '520.367.008-46'
2026-08-01 17:40:31,669 [INFO] app.core.extractor - Invoice extraction completed: {'cliente': 'MUNICIPIODEFLEXEIRAS', 'uc': '520.367.008-46', 'medidor': 'N/A', 'local_unidade': 'ILUMINAÇÃOPUBLICA-CIRCUITOEXCLUS, R. DOMOTORISTA, S/N, IP', 'conta_mes': '05/2026', 'vencimento': '2026-06-23', 'classificacao': 'ILUMINAÇÃOPÚBLICA', 'subclasse': 'ADMINISTRACAOPUBLICAEMGERAL-ILUMINACAOPUBLICA', 'tipo_fornecimento': 'MONOFÁSICO', 'leitura_anterior': 0, 'leitura_atual': 0, 'consumo_kwh': 0.0, 'total_pagar': 0.0}
2026-08-01 17:40:31,670 [INFO] app.core.normalizer - UC normalizada com sucesso: '395.907.008-01'
2026-08-01 17:40:31,671 [INFO] app.core.extractor - Invoice extraction completed: {'cliente': 'MUNICIPIODEFLEXEIRAS', 'uc': '395.907.008-01', 'medidor': 'N/A', 'local_unidade': 'PRACAMULTIEVENTOS AVROSITACALHEIROS, S/N,', 'conta_mes': '05/2026', 'vencimento': '2026-06-23', 'classificacao': 'ILUMINAÇÃOPÚBLICA', 'subclasse': 'ADMINISTRACAOPUBLICAEMGERAL-ILUMINACAOPUBLICA', 'tipo_fornecimento': 'TRIFÁSICO', 'leitura_anterior': 0, 'leitura_atual': 0, 'consumo_kwh': 0.0, 'total_pagar': 0.0}
2026-08-01 17:40:31,671 [INFO] app.core.normalizer - UC normalizada com sucesso: '601.699.008-97'
2026-08-01 17:40:31,673 [INFO] app.core.extractor - Invoice extraction completed: {'cliente': 'MUNICIPIODEFLEXEIRAS', 'uc': '601.699.008-97', 'medidor': 'N/A', 'local_unidade': 'ip, R. JOSEGOMESDELIMA, S/N,', 'conta_mes': '05/2026', 'vencimento': '2026-06-23', 'classificacao': 'ILUMINAÇÃOPÚBLICA', 'subclasse': 'ADMINISTRACAOPUBLICAEMGERAL-ILUMINACAOPUBLICA', 'tipo_fornecimento': 'MONOFÁSICO', 'leitura_anterior': 0, 'leitura_atual': 0, 'consumo_kwh': 0.0, 'total_pagar': 0.0}
2026-08-01 17:40:31,673 [INFO] app.core.normalizer - UC normalizada com sucesso: '519.021.008-71'
2026-08-01 17:40:31,674 [INFO] app.core.extractor - Invoice extraction completed: {'cliente': 'MUNICIPIODEFLEXEIRAS', 'uc': '519.021.008-71', 'medidor': 'N/A', 'local_unidade': "IPMIRANTEDACAIXAD'AGUA CJNOVAFLEXEIRAS, S/N, MIRANTEDACAIXADAGUA", 'conta_mes': '05/2026', 'vencimento': '2026-06-23', 'classificacao': 'ILUMINAÇÃOPÚBLICA', 'subclasse': 'ADMINISTRACAOPUBLICAEMGERAL-ILUMINACAOPUBLICA', 'tipo_fornecimento': 'MONOFÁSICO', 'leitura_anterior': 0, 'leitura_atual': 0, 'consumo_kwh': 0.0, 'total_pagar': 0.0}
2026-08-01 17:40:31,675 [INFO] app.core.normalizer - UC normalizada com sucesso: '521.854.008-13'
2026-08-01 17:40:31,676 [INFO] app.core.extractor - Invoice extraction completed: {'cliente': 'MUNICIPIODEFLEXEIRAS', 'uc': '521.854.008-13', 'medidor': 'N/A', 'local_unidade': 'IP, R. MANOELFRANCISCODIAS, S/N,', 'conta_mes': '05/2026', 'vencimento': '2026-06-23', 'classificacao': 'ILUMINAÇÃOPÚBLICA', 'subclasse': 'ADMINISTRACAOPUBLICAEMGERAL-ILUMINACAOPUBLICA', 'tipo_fornecimento': 'MONOFÁSICO', 'leitura_anterior': 0, 'leitura_atual': 0, 'consumo_kwh': 0.0, 'total_pagar': 0.0}
2026-08-01 17:40:31,676 [INFO] app.core.normalizer - UC normalizada com sucesso: '650.695.008-35'
2026-08-01 17:40:31,677 [INFO] app.core.extractor - Invoice extraction completed: {'cliente': 'MUNICIPIODEFLEXEIRAS', 'uc': '650.695.008-35', 'medidor': 'N/A', 'local_unidade': 'Emporio AVROSITACALHEIROS, S/N,', 'conta_mes': '05/2026', 'vencimento': '2026-06-23', 'classificacao': 'ILUMINAÇÃOPÚBLICA', 'subclasse': 'ADMINISTRACAOPUBLICAEMGERAL-ILUMINACAOPUBLICA', 'tipo_fornecimento': 'TRIFÁSICO', 'leitura_anterior': 0, 'leitura_atual': 0, 'consumo_kwh': 0.0, 'total_pagar': 0.0}
2026-08-01 17:40:31,677 [INFO] app.core.normalizer - UC normalizada com sucesso: '473.773.008-70'
2026-08-01 17:40:31,678 [INFO] app.core.extractor - Invoice extraction completed: {'cliente': 'MUNICIPIODEFLEXEIRAS', 'uc': '473.773.008-70', 'medidor': 'N/A', 'local_unidade': 'IL. PUBLICACALCADAOCENTRO, R. CELALCANTARA, S/N,', 'conta_mes': '05/2026', 'vencimento': '2026-06-23', 'classificacao': 'ILUMINAÇÃOPÚBLICA', 'subclasse': 'ADMINISTRACAOPUBLICAEMGERAL-ILUMINACAOPUBLICA', 'tipo_fornecimento': 'MONOFÁSICO', 'leitura_anterior': 0, 'leitura_atual': 0, 'consumo_kwh': 0.0, 'total_pagar': 0.0}
2026-08-01 17:40:31,679 [INFO] app.core.normalizer - UC normalizada com sucesso: '461.662.008-44'
2026-08-01 17:40:31,680 [INFO] app.core.extractor - Invoice extraction completed: {'cliente': 'MUNICIPIODEFLEXEIRAS', 'uc': '461.662.008-44', 'medidor': 'N/A', 'local_unidade': 'PRACACJNOVAFLEXEIRASII CJNOVAFLEXEIRASII, S/N,', 'conta_mes': '05/2026', 'vencimento': '2026-06-23', 'classificacao': 'ILUMINAÇÃOPÚBLICA', 'subclasse': 'ADMINISTRACAOPUBLICAEMGERAL-ILUMINACAOPUBLICA', 'tipo_fornecimento': 'MONOFÁSICO', 'leitura_anterior': 0, 'leitura_atual': 0, 'consumo_kwh': 0.0, 'total_pagar': 0.0}
2026-08-01 17:40:31,681 [INFO] app.core.normalizer - UC normalizada com sucesso: '205.627.008-79'
2026-08-01 17:40:31,682 [INFO] app.core.extractor - Invoice extraction completed: {'cliente': 'MUNICIPIODEFLEXEIRAS', 'uc': '205.627.008-79', 'medidor': 'N/A', 'local_unidade': 'ILUMINACAOPUBLICA, R. CELALCANTARA, S/N,', 'conta_mes': '05/2026', 'vencimento': '2026-06-23', 'classificacao': 'ILUMINAÇÃOPÚBLICA', 'subclasse': 'ADMINISTRACAOPUBLICAEMGERAL-ILUMINACAOPUBLICA', 'tipo_fornecimento': 'MONOFÁSICO', 'leitura_anterior': 0, 'leitura_atual': 0, 'consumo_kwh': 0.0, 'total_pagar': 0.0}
2026-08-01 17:40:31,683 [INFO] app.core.normalizer - UC normalizada com sucesso: '281.609.008-09'
2026-08-01 17:40:31,684 [INFO] app.core.extractor - Invoice extraction completed: {'cliente': 'MUNICIPIODEFLEXEIRAS', 'uc': '281.609.008-09', 'medidor': 'E3252034', 'local_unidade': 'PRACAPREFJOSECAMILODOSSAN, R. CELALCANTARA, S/N,', 'conta_mes': '05/2026', 'vencimento': '2026-06-23', 'classificacao': 'ILUMINAÇÃOPÚBLICA', 'subclasse': 'ADMINISTRACAOPUBLICAEMGERAL-ILUMINACAOPUBLICA', 'tipo_fornecimento': 'TRIFÁSICO', 'leitura_anterior': 8982, 'leitura_atual': 9288, 'consumo_kwh': 306.0, 'total_pagar': 0.0}
2026-08-01 17:40:31,684 [INFO] app.core.normalizer - UC normalizada com sucesso: '523.003.008-62'
2026-08-01 17:40:31,686 [INFO] app.core.extractor - Invoice extraction completed: {'cliente': 'MUNICIPIODEFLEXEIRAS', 'uc': '523.003.008-62', 'medidor': 'N/A', 'local_unidade': 'IP-MIRANTENOVAFLEXEIRAS CJNOVAFLEXEIRASII, S/N,', 'conta_mes': '05/2026', 'vencimento': '2026-06-23', 'classificacao': 'ILUMINAÇÃOPÚBLICA', 'subclasse': 'ADMINISTRACAOPUBLICAEMGERAL-ILUMINACAOPUBLICA', 'tipo_fornecimento': 'MONOFÁSICO', 'leitura_anterior': 0, 'leitura_atual': 0, 'consumo_kwh': 0.0, 'total_pagar': 0.0}
2026-08-01 17:40:31,686 [INFO] app.core.normalizer - UC normalizada com sucesso: '489.486.008-41'
2026-08-01 17:40:31,688 [INFO] app.core.extractor - Invoice extraction completed: {'cliente': 'MUNICIPIODEFLEXEIRAS', 'uc': '489.486.008-41', 'medidor': 'N/A', 'local_unidade': 'ILPÚBLICAPRAÇAPADRECÍCERO, R. STOANTONIO, S/N,', 'conta_mes': '05/2026', 'vencimento': '2026-06-23', 'classificacao': 'ILUMINAÇÃOPÚBLICA', 'subclasse': 'ADMINISTRACAOPUBLICAEMGERAL-ILUMINACAOPUBLICA', 'tipo_fornecimento': 'MONOFÁSICO', 'leitura_anterior': 0, 'leitura_atual': 0, 'consumo_kwh': 0.0, 'total_pagar': 0.0}
2026-08-01 17:40:31,688 [INFO] app.core.normalizer - UC normalizada com sucesso: '679.501.008-41'
2026-08-01 17:40:31,690 [INFO] app.core.extractor - Invoice extraction completed: {'cliente': 'MUNICIPIODEFLEXEIRAS', 'uc': '679.501.008-41', 'medidor': 'N/A', 'local_unidade': 'IPCOPADASARVORES, R. CELALCANTARA, S/N, ILUMINACAODACOPADASAVORES', 'conta_mes': '05/2026', 'vencimento': '2026-06-23', 'classificacao': 'ILUMINAÇÃOPÚBLICA', 'subclasse': 'ADMINISTRACAOPUBLICAEMGERAL-ILUMINACAOPUBLICA', 'tipo_fornecimento': 'MONOFÁSICO', 'leitura_anterior': 0, 'leitura_atual': 0, 'consumo_kwh': 0.0, 'total_pagar': 0.0}
2026-08-01 17:40:31,690 [INFO] app.core.normalizer - UC normalizada com sucesso: '601.693.008-44'
2026-08-01 17:40:31,691 [INFO] app.core.extractor - Invoice extraction completed: {'cliente': 'MUNICIPIODEFLEXEIRAS', 'uc': '601.693.008-44', 'medidor': 'N/A', 'local_unidade': 'IP, R. POETAJOAODEDEUS, S/N,', 'conta_mes': '05/2026', 'vencimento': '2026-06-23', 'classificacao': 'ILUMINAÇÃOPÚBLICA', 'subclasse': 'ADMINISTRACAOPUBLICAEMGERAL-ILUMINACAOPUBLICA', 'tipo_fornecimento': 'MONOFÁSICO', 'leitura_anterior': 0, 'leitura_atual': 0, 'consumo_kwh': 0.0, 'total_pagar': 0.0}
2026-08-01 17:40:31,692 [INFO] werkzeug - 127.0.0.1 - - [01/Aug/2026 17:40:31] "POST /api/process HTTP/1.1" 200 -
2026-08-02 11:17:35,062 [INFO] werkzeug -  * Detected change in 'C:\\Users\\mathe\\Desktop\\py\\app\\core\\extractor.py', reloading
2026-08-02 11:17:35,281 [INFO] werkzeug -  * Restarting with stat
2026-08-02 11:17:36,855 [WARNING] werkzeug -  * Debugger is active!
2026-08-02 11:17:36,863 [INFO] werkzeug -  * Debugger PIN: 511-121-778
2026-08-02 11:18:17,747 [INFO] werkzeug -  * Detected change in 'C:\\Users\\mathe\\Desktop\\py\\tests\\test_extractor.py', reloading
2026-08-02 11:18:17,867 [INFO] werkzeug -  * Restarting with stat
2026-08-02 11:18:18,793 [WARNING] werkzeug -  * Debugger is active!
2026-08-02 11:18:18,800 [INFO] werkzeug -  * Debugger PIN: 511-121-778
2026-08-02 11:18:33,689 [INFO] werkzeug -  * Detected change in 'C:\\Users\\mathe\\Desktop\\py\\tests\\test_invoice_processor.py', reloading
2026-08-02 11:18:33,837 [INFO] werkzeug -  * Restarting with stat
2026-08-02 11:18:34,789 [WARNING] werkzeug -  * Debugger is active!
2026-08-02 11:18:34,795 [INFO] werkzeug -  * Debugger PIN: 511-121-778
2026-08-02 11:19:14,334 [INFO] werkzeug -  * Detected change in 'C:\\Users\\mathe\\Desktop\\py\\app\\core\\normalizer.py', reloading
2026-08-02 11:19:14,480 [INFO] werkzeug -  * Restarting with stat
2026-08-02 11:19:15,479 [WARNING] werkzeug -  * Debugger is active!
2026-08-02 11:19:15,485 [INFO] werkzeug -  * Debugger PIN: 511-121-778
2026-08-02 11:19:57,089 [INFO] werkzeug -  * Detected change in 'C:\\Users\\mathe\\Desktop\\py\\app\\core\\invoice_processor.py', reloading
2026-08-02 11:19:57,220 [INFO] werkzeug -  * Restarting with stat
2026-08-02 11:19:58,158 [WARNING] werkzeug -  * Debugger is active!
2026-08-02 11:19:58,165 [INFO] werkzeug -  * Debugger PIN: 511-121-778
2026-08-02 11:23:14,811 [INFO] werkzeug - 127.0.0.1 - - [02/Aug/2026 11:23:14] "GET /?utm_source=chatgpt.com HTTP/1.1" 200 -
2026-08-02 11:23:14,836 [INFO] werkzeug - 127.0.0.1 - - [02/Aug/2026 11:23:14] "[36mGET /static/js/app.js HTTP/1.1[0m" 304 -
2026-08-02 11:23:14,841 [INFO] werkzeug - 127.0.0.1 - - [02/Aug/2026 11:23:14] "[36mGET /static/css/style.css HTTP/1.1[0m" 304 -
2026-08-02 11:23:19,600 [INFO] app.server - Arquivo salvo temporariamente: pdf_fatura.pdf
2026-08-02 11:23:19,601 [INFO] werkzeug - 127.0.0.1 - - [02/Aug/2026 11:23:19] "POST /api/upload HTTP/1.1" 200 -
2026-08-02 11:23:19,700 [INFO] app.core.pdf_reader - Texto extraído da página 1
2026-08-02 11:23:19,783 [INFO] app.core.pdf_reader - Texto extraído da página 2
2026-08-02 11:23:19,861 [INFO] app.core.pdf_reader - Texto extraído da página 3
2026-08-02 11:23:19,942 [INFO] app.core.pdf_reader - Texto extraído da página 4
2026-08-02 11:23:20,024 [INFO] app.core.pdf_reader - Texto extraído da página 5
2026-08-02 11:23:20,139 [INFO] app.core.pdf_reader - Texto extraído da página 6
2026-08-02 11:23:20,230 [INFO] app.core.pdf_reader - Texto extraído da página 7
2026-08-02 11:23:20,311 [INFO] app.core.pdf_reader - Texto extraído da página 8
2026-08-02 11:23:20,391 [INFO] app.core.pdf_reader - Texto extraído da página 9
2026-08-02 11:23:20,471 [INFO] app.core.pdf_reader - Texto extraído da página 10
2026-08-02 11:23:20,556 [INFO] app.core.pdf_reader - Texto extraído da página 11
2026-08-02 11:23:20,643 [INFO] app.core.pdf_reader - Texto extraído da página 12
2026-08-02 11:23:20,725 [INFO] app.core.pdf_reader - Texto extraído da página 13
2026-08-02 11:23:20,827 [INFO] app.core.pdf_reader - Texto extraído da página 14
2026-08-02 11:23:20,914 [INFO] app.core.pdf_reader - Texto extraído da página 15
2026-08-02 11:23:20,917 [INFO] app.core.normalizer - UC normalizada com sucesso: '522.046.008-04'
2026-08-02 11:23:20,921 [INFO] app.core.extractor - Invoice extraction completed: {'cliente': 'MUNICIPIODEFLEXEIRAS', 'uc': '522.046.008-04', 'medidor': '17020234040', 'local_unidade': 'IP, R. PROFMARIAISABELCOSTASOUZA, S/N,', 'conta_mes': '05/2026', 'vencimento': '2026-06-23', 'classificacao': 'ILUMINAÇÃOPÚBLICA', 'subclasse': 'ADMINISTRACAOPUBLICAEMGERAL-ILUMINACAOPUBLICA', 'tipo_fornecimento': 'MONOFÁSICO', 'leitura_anterior': 7279, 'leitura_atual': 7435, 'consumo_kwh': 156.0, 'total_pagar': 93.85}
2026-08-02 11:23:20,922 [INFO] app.core.normalizer - UC normalizada com sucesso: '520.367.008-46'
2026-08-02 11:23:20,923 [INFO] app.core.extractor - Invoice extraction completed: {'cliente': 'MUNICIPIODEFLEXEIRAS', 'uc': '520.367.008-46', 'medidor': '17020132663', 'local_unidade': 'ILUMINAÇÃOPUBLICA-CIRCUITOEXCLUS, R. DOMOTORISTA, S/N, IP', 'conta_mes': '05/2026', 'vencimento': '2026-06-23', 'classificacao': 'ILUMINAÇÃOPÚBLICA', 'subclasse': 'ADMINISTRACAOPUBLICAEMGERAL-ILUMINACAOPUBLICA', 'tipo_fornecimento': 'MONOFÁSICO', 'leitura_anterior': 16404, 'leitura_atual': 16760, 'consumo_kwh': 356.0, 'total_pagar': 226.69}
2026-08-02 11:23:20,923 [INFO] app.core.normalizer - UC normalizada com sucesso: '395.907.008-01'
2026-08-02 11:23:20,924 [INFO] app.core.extractor - Invoice extraction completed: {'cliente': 'MUNICIPIODEFLEXEIRAS', 'uc': '395.907.008-01', 'medidor': '37030210183', 'local_unidade': 'PRACAMULTIEVENTOS AVROSITACALHEIROS, S/N,', 'conta_mes': '05/2026', 'vencimento': '2026-06-23', 'classificacao': 'ILUMINAÇÃOPÚBLICA', 'subclasse': 'ADMINISTRACAOPUBLICAEMGERAL-ILUMINACAOPUBLICA', 'tipo_fornecimento': 'TRIFÁSICO', 'leitura_anterior': 32307, 'leitura_atual': 33755, 'consumo_kwh': 1448.0, 'total_pagar': 871.2}
2026-08-02 11:23:20,925 [INFO] app.core.normalizer - UC normalizada com sucesso: '601.699.008-97'
2026-08-02 11:23:20,926 [INFO] app.core.extractor - Invoice extraction completed: {'cliente': 'MUNICIPIODEFLEXEIRAS', 'uc': '601.699.008-97', 'medidor': '13040260166', 'local_unidade': 'ip, R. JOSEGOMESDELIMA, S/N,', 'conta_mes': '05/2026', 'vencimento': '2026-06-23', 'classificacao': 'ILUMINAÇÃOPÚBLICA', 'subclasse': 'ADMINISTRACAOPUBLICAEMGERAL-ILUMINACAOPUBLICA', 'tipo_fornecimento': 'MONOFÁSICO', 'leitura_anterior': 5796, 'leitura_atual': 6001, 'consumo_kwh': 205.0, 'total_pagar': 123.33}
2026-08-02 11:23:20,926 [INFO] app.core.normalizer - UC normalizada com sucesso: '519.021.008-71'
2026-08-02 11:23:20,928 [INFO] app.core.extractor - Invoice extraction completed: {'cliente': 'MUNICIPIODEFLEXEIRAS', 'uc': '519.021.008-71', 'medidor': '17020755091', 'local_unidade': "IPMIRANTEDACAIXAD'AGUA CJNOVAFLEXEIRAS, S/N, MIRANTEDACAIXADAGUA", 'conta_mes': '05/2026', 'vencimento': '2026-06-23', 'classificacao': 'ILUMINAÇÃOPÚBLICA', 'subclasse': 'ADMINISTRACAOPUBLICAEMGERAL-ILUMINACAOPUBLICA', 'tipo_fornecimento': 'MONOFÁSICO', 'leitura_anterior': 3281, 'leitura_atual': 3903, 'consumo_kwh': 622.0, 'total_pagar': 366.09}
2026-08-02 11:23:20,928 [INFO] app.core.normalizer - UC normalizada com sucesso: '521.854.008-13'
2026-08-02 11:23:20,929 [INFO] app.core.extractor - Invoice extraction completed: {'cliente': 'MUNICIPIODEFLEXEIRAS', 'uc': '521.854.008-13', 'medidor': '17020234083', 'local_unidade': 'IP, R. MANOELFRANCISCODIAS, S/N,', 'conta_mes': '05/2026', 'vencimento': '2026-06-23', 'classificacao': 'ILUMINAÇÃOPÚBLICA', 'subclasse': 'ADMINISTRACAOPUBLICAEMGERAL-ILUMINACAOPUBLICA', 'tipo_fornecimento': 'MONOFÁSICO', 'leitura_anterior': 12088, 'leitura_atual': 12424, 'consumo_kwh': 336.0, 'total_pagar': 202.14}
2026-08-02 11:23:20,930 [INFO] app.core.normalizer - UC normalizada com sucesso: '650.695.008-35'
2026-08-02 11:23:20,931 [INFO] app.core.extractor - Invoice extraction completed: {'cliente': 'MUNICIPIODEFLEXEIRAS', 'uc': '650.695.008-35', 'medidor': '36030410399', 'local_unidade': 'Emporio AVROSITACALHEIROS, S/N,', 'conta_mes': '05/2026', 'vencimento': '2026-06-23', 'classificacao': 'ILUMINAÇÃOPÚBLICA', 'subclasse': 'ADMINISTRACAOPUBLICAEMGERAL-ILUMINACAOPUBLICA', 'tipo_fornecimento': 'TRIFÁSICO', 'leitura_anterior': 31682, 'leitura_atual': 34923, 'consumo_kwh': 3241.0, 'total_pagar': 1950.01}
2026-08-02 11:23:20,931 [INFO] app.core.normalizer - UC normalizada com sucesso: '473.773.008-70'
2026-08-02 11:23:20,932 [INFO] app.core.extractor - Invoice extraction completed: {'cliente': 'MUNICIPIODEFLEXEIRAS', 'uc': '473.773.008-70', 'medidor': '16012105308', 'local_unidade': 'IL. PUBLICACALCADAOCENTRO, R. CELALCANTARA, S/N,', 'conta_mes': '05/2026', 'vencimento': '2026-06-23', 'classificacao': 'ILUMINAÇÃOPÚBLICA', 'subclasse': 'ADMINISTRACAOPUBLICAEMGERAL-ILUMINACAOPUBLICA', 'tipo_fornecimento': 'MONOFÁSICO', 'leitura_anterior': 14409, 'leitura_atual': 14745, 'consumo_kwh': 336.0, 'total_pagar': 202.14}
2026-08-02 11:23:20,932 [INFO] app.core.normalizer - UC normalizada com sucesso: '461.662.008-44'
2026-08-02 11:23:20,933 [INFO] app.core.extractor - Invoice extraction completed: {'cliente': 'MUNICIPIODEFLEXEIRAS', 'uc': '461.662.008-44', 'medidor': '16012044813', 'local_unidade': 'PRACACJNOVAFLEXEIRASII CJNOVAFLEXEIRASII, S/N,', 'conta_mes': '05/2026', 'vencimento': '2026-06-23', 'classificacao': 'ILUMINAÇÃOPÚBLICA', 'subclasse': 'ADMINISTRACAOPUBLICAEMGERAL-ILUMINACAOPUBLICA', 'tipo_fornecimento': 'MONOFÁSICO', 'leitura_anterior': 33633, 'leitura_atual': 34339, 'consumo_kwh': 706.0, 'total_pagar': 437.27}
2026-08-02 11:23:20,934 [INFO] app.core.normalizer - UC normalizada com sucesso: '205.627.008-79'
2026-08-02 11:23:20,936 [INFO] app.core.extractor - Invoice extraction completed: {'cliente': 'MUNICIPIODEFLEXEIRAS', 'uc': '205.627.008-79', 'medidor': 'N/A', 'local_unidade': 'ILUMINACAOPUBLICA, R. CELALCANTARA, S/N,', 'conta_mes': '05/2026', 'vencimento': '2026-06-23', 'classificacao': 'ILUMINAÇÃOPÚBLICA', 'subclasse': 'ADMINISTRACAOPUBLICAEMGERAL-ILUMINACAOPUBLICA', 'tipo_fornecimento': 'MONOFÁSICO', 'leitura_anterior': 0, 'leitura_atual': 0, 'consumo_kwh': 0.0, 'total_pagar': 26195.4}
2026-08-02 11:23:20,937 [INFO] app.core.normalizer - UC normalizada com sucesso: '281.609.008-09'
2026-08-02 11:23:20,938 [INFO] app.core.extractor - Invoice extraction completed: {'cliente': 'MUNICIPIODEFLEXEIRAS', 'uc': '281.609.008-09', 'medidor': 'E3252034', 'local_unidade': 'PRACAPREFJOSECAMILODOSSAN, R. CELALCANTARA, S/N,', 'conta_mes': '05/2026', 'vencimento': '2026-06-23', 'classificacao': 'ILUMINAÇÃOPÚBLICA', 'subclasse': 'ADMINISTRACAOPUBLICAEMGERAL-ILUMINACAOPUBLICA', 'tipo_fornecimento': 'TRIFÁSICO', 'leitura_anterior': 8982, 'leitura_atual': 9288, 'consumo_kwh': 306.0, 'total_pagar': 184.09}
2026-08-02 11:23:20,939 [INFO] app.core.normalizer - UC normalizada com sucesso: '523.003.008-62'
2026-08-02 11:23:20,940 [INFO] app.core.extractor - Invoice extraction completed: {'cliente': 'MUNICIPIODEFLEXEIRAS', 'uc': '523.003.008-62', 'medidor': '17020234059', 'local_unidade': 'IP-MIRANTENOVAFLEXEIRAS CJNOVAFLEXEIRASII, S/N,', 'conta_mes': '05/2026', 'vencimento': '2026-06-23', 'classificacao': 'ILUMINAÇÃOPÚBLICA', 'subclasse': 'ADMINISTRACAOPUBLICAEMGERAL-ILUMINACAOPUBLICA', 'tipo_fornecimento': 'MONOFÁSICO', 'leitura_anterior': 11982, 'leitura_atual': 12156, 'consumo_kwh': 174.0, 'total_pagar': 117.18}
2026-08-02 11:23:20,940 [INFO] app.core.normalizer - UC normalizada com sucesso: '489.486.008-41'
2026-08-02 11:23:20,941 [INFO] app.core.extractor - Invoice extraction completed: {'cliente': 'MUNICIPIODEFLEXEIRAS', 'uc': '489.486.008-41', 'medidor': '16012150052', 'local_unidade': 'ILPÚBLICAPRAÇAPADRECÍCERO, R. STOANTONIO, S/N,', 'conta_mes': '05/2026', 'vencimento': '2026-06-23', 'classificacao': 'ILUMINAÇÃOPÚBLICA', 'subclasse': 'ADMINISTRACAOPUBLICAEMGERAL-ILUMINACAOPUBLICA', 'tipo_fornecimento': 'MONOFÁSICO', 'leitura_anterior': 11966, 'leitura_atual': 12191, 'consumo_kwh': 225.0, 'total_pagar': 135.34}
2026-08-02 11:23:20,942 [INFO] app.core.normalizer - UC normalizada com sucesso: '679.501.008-41'
2026-08-02 11:23:20,943 [INFO] app.core.extractor - Invoice extraction completed: {'cliente': 'MUNICIPIODEFLEXEIRAS', 'uc': '679.501.008-41', 'medidor': '17052226279', 'local_unidade': 'IPCOPADASARVORES, R. CELALCANTARA, S/N, ILUMINACAODACOPADASAVORES', 'conta_mes': '05/2026', 'vencimento': '2026-06-23', 'classificacao': 'ILUMINAÇÃOPÚBLICA', 'subclasse': 'ADMINISTRACAOPUBLICAEMGERAL-ILUMINACAOPUBLICA', 'tipo_fornecimento': 'MONOFÁSICO', 'leitura_anterior': 585, 'leitura_atual': 647, 'consumo_kwh': 62.0, 'total_pagar': 37.3}
2026-08-02 11:23:20,943 [INFO] app.core.normalizer - UC normalizada com sucesso: '601.693.008-44'
2026-08-02 11:23:20,944 [INFO] app.core.extractor - Invoice extraction completed: {'cliente': 'MUNICIPIODEFLEXEIRAS', 'uc': '601.693.008-44', 'medidor': '13040260190', 'local_unidade': 'IP, R. POETAJOAODEDEUS, S/N,', 'conta_mes': '05/2026', 'vencimento': '2026-06-23', 'classificacao': 'ILUMINAÇÃOPÚBLICA', 'subclasse': 'ADMINISTRACAOPUBLICAEMGERAL-ILUMINACAOPUBLICA', 'tipo_fornecimento': 'MONOFÁSICO', 'leitura_anterior': 4433, 'leitura_atual': 4543, 'consumo_kwh': 110.0, 'total_pagar': 66.17}
2026-08-02 11:23:20,945 [INFO] werkzeug - 127.0.0.1 - - [02/Aug/2026 11:23:20] "POST /api/process HTTP/1.1" 200 -
2026-08-02 15:36:52,022 [INFO] werkzeug - 127.0.0.1 - - [02/Aug/2026 15:36:52] "GET /?utm_source=chatgpt.com HTTP/1.1" 200 -
2026-08-02 15:36:52,042 [INFO] werkzeug - 127.0.0.1 - - [02/Aug/2026 15:36:52] "[36mGET /static/js/app.js HTTP/1.1[0m" 304 -
2026-08-02 15:36:52,043 [INFO] werkzeug - 127.0.0.1 - - [02/Aug/2026 15:36:52] "[36mGET /static/css/style.css HTTP/1.1[0m" 304 -
2026-08-02 15:36:59,525 [INFO] app.server - Arquivo salvo temporariamente: pdf_fatura.pdf
2026-08-02 15:36:59,525 [INFO] werkzeug - 127.0.0.1 - - [02/Aug/2026 15:36:59] "POST /api/upload HTTP/1.1" 200 -
2026-08-02 15:36:59,624 [INFO] app.core.pdf_reader - Texto extraído da página 1
2026-08-02 15:36:59,711 [INFO] app.core.pdf_reader - Texto extraído da página 2
2026-08-02 15:36:59,807 [INFO] app.core.pdf_reader - Texto extraído da página 3
2026-08-02 15:36:59,897 [INFO] app.core.pdf_reader - Texto extraído da página 4
2026-08-02 15:36:59,994 [INFO] app.core.pdf_reader - Texto extraído da página 5
2026-08-02 15:37:00,200 [INFO] app.core.pdf_reader - Texto extraído da página 6
2026-08-02 15:37:00,277 [INFO] app.core.pdf_reader - Texto extraído da página 7
2026-08-02 15:37:00,352 [INFO] app.core.pdf_reader - Texto extraído da página 8
2026-08-02 15:37:00,424 [INFO] app.core.pdf_reader - Texto extraído da página 9
2026-08-02 15:37:00,495 [INFO] app.core.pdf_reader - Texto extraído da página 10
2026-08-02 15:37:00,562 [INFO] app.core.pdf_reader - Texto extraído da página 11
2026-08-02 15:37:00,638 [INFO] app.core.pdf_reader - Texto extraído da página 12
2026-08-02 15:37:00,708 [INFO] app.core.pdf_reader - Texto extraído da página 13
2026-08-02 15:37:00,769 [INFO] app.core.pdf_reader - Texto extraído da página 14
2026-08-02 15:37:00,848 [INFO] app.core.pdf_reader - Texto extraído da página 15
2026-08-02 15:37:00,848 [INFO] app.core.normalizer - UC normalizada com sucesso: '522.046.008-04'
2026-08-02 15:37:00,849 [INFO] app.core.extractor - Invoice extraction completed: {'cliente': 'MUNICIPIODEFLEXEIRAS', 'uc': '522.046.008-04', 'medidor': '17020234040', 'local_unidade': 'IP, R. PROFMARIAISABELCOSTASOUZA, S/N,', 'conta_mes': '05/2026', 'vencimento': '2026-06-23', 'classificacao': 'ILUMINAÇÃOPÚBLICA', 'subclasse': 'ADMINISTRACAOPUBLICAEMGERAL-ILUMINACAOPUBLICA', 'tipo_fornecimento': 'MONOFÁSICO', 'leitura_anterior': 7279, 'leitura_atual': 7435, 'consumo_kwh': 156.0, 'total_pagar': 93.85}
2026-08-02 15:37:00,850 [INFO] app.core.normalizer - UC normalizada com sucesso: '520.367.008-46'
2026-08-02 15:37:00,851 [INFO] app.core.extractor - Invoice extraction completed: {'cliente': 'MUNICIPIODEFLEXEIRAS', 'uc': '520.367.008-46', 'medidor': '17020132663', 'local_unidade': 'ILUMINAÇÃOPUBLICA-CIRCUITOEXCLUS, R. DOMOTORISTA, S/N, IP', 'conta_mes': '05/2026', 'vencimento': '2026-06-23', 'classificacao': 'ILUMINAÇÃOPÚBLICA', 'subclasse': 'ADMINISTRACAOPUBLICAEMGERAL-ILUMINACAOPUBLICA', 'tipo_fornecimento': 'MONOFÁSICO', 'leitura_anterior': 16404, 'leitura_atual': 16760, 'consumo_kwh': 356.0, 'total_pagar': 226.69}
2026-08-02 15:37:00,851 [INFO] app.core.normalizer - UC normalizada com sucesso: '395.907.008-01'
2026-08-02 15:37:00,852 [INFO] app.core.extractor - Invoice extraction completed: {'cliente': 'MUNICIPIODEFLEXEIRAS', 'uc': '395.907.008-01', 'medidor': '37030210183', 'local_unidade': 'PRACAMULTIEVENTOS AVROSITACALHEIROS, S/N,', 'conta_mes': '05/2026', 'vencimento': '2026-06-23', 'classificacao': 'ILUMINAÇÃOPÚBLICA', 'subclasse': 'ADMINISTRACAOPUBLICAEMGERAL-ILUMINACAOPUBLICA', 'tipo_fornecimento': 'TRIFÁSICO', 'leitura_anterior': 32307, 'leitura_atual': 33755, 'consumo_kwh': 1448.0, 'total_pagar': 871.2}
2026-08-02 15:37:00,853 [INFO] app.core.normalizer - UC normalizada com sucesso: '601.699.008-97'
2026-08-02 15:37:00,854 [INFO] app.core.extractor - Invoice extraction completed: {'cliente': 'MUNICIPIODEFLEXEIRAS', 'uc': '601.699.008-97', 'medidor': '13040260166', 'local_unidade': 'ip, R. JOSEGOMESDELIMA, S/N,', 'conta_mes': '05/2026', 'vencimento': '2026-06-23', 'classificacao': 'ILUMINAÇÃOPÚBLICA', 'subclasse': 'ADMINISTRACAOPUBLICAEMGERAL-ILUMINACAOPUBLICA', 'tipo_fornecimento': 'MONOFÁSICO', 'leitura_anterior': 5796, 'leitura_atual': 6001, 'consumo_kwh': 205.0, 'total_pagar': 123.33}
2026-08-02 15:37:00,854 [INFO] app.core.normalizer - UC normalizada com sucesso: '519.021.008-71'
2026-08-02 15:37:00,856 [INFO] app.core.extractor - Invoice extraction completed: {'cliente': 'MUNICIPIODEFLEXEIRAS', 'uc': '519.021.008-71', 'medidor': '17020755091', 'local_unidade': "IPMIRANTEDACAIXAD'AGUA CJNOVAFLEXEIRAS, S/N, MIRANTEDACAIXADAGUA", 'conta_mes': '05/2026', 'vencimento': '2026-06-23', 'classificacao': 'ILUMINAÇÃOPÚBLICA', 'subclasse': 'ADMINISTRACAOPUBLICAEMGERAL-ILUMINACAOPUBLICA', 'tipo_fornecimento': 'MONOFÁSICO', 'leitura_anterior': 3281, 'leitura_atual': 3903, 'consumo_kwh': 622.0, 'total_pagar': 366.09}
2026-08-02 15:37:00,856 [INFO] app.core.normalizer - UC normalizada com sucesso: '521.854.008-13'
2026-08-02 15:37:00,857 [INFO] app.core.extractor - Invoice extraction completed: {'cliente': 'MUNICIPIODEFLEXEIRAS', 'uc': '521.854.008-13', 'medidor': '17020234083', 'local_unidade': 'IP, R. MANOELFRANCISCODIAS, S/N,', 'conta_mes': '05/2026', 'vencimento': '2026-06-23', 'classificacao': 'ILUMINAÇÃOPÚBLICA', 'subclasse': 'ADMINISTRACAOPUBLICAEMGERAL-ILUMINACAOPUBLICA', 'tipo_fornecimento': 'MONOFÁSICO', 'leitura_anterior': 12088, 'leitura_atual': 12424, 'consumo_kwh': 336.0, 'total_pagar': 202.14}
2026-08-02 15:37:00,858 [INFO] app.core.normalizer - UC normalizada com sucesso: '650.695.008-35'
2026-08-02 15:37:00,860 [INFO] app.core.extractor - Invoice extraction completed: {'cliente': 'MUNICIPIODEFLEXEIRAS', 'uc': '650.695.008-35', 'medidor': '36030410399', 'local_unidade': 'Emporio AVROSITACALHEIROS, S/N,', 'conta_mes': '05/2026', 'vencimento': '2026-06-23', 'classificacao': 'ILUMINAÇÃOPÚBLICA', 'subclasse': 'ADMINISTRACAOPUBLICAEMGERAL-ILUMINACAOPUBLICA', 'tipo_fornecimento': 'TRIFÁSICO', 'leitura_anterior': 31682, 'leitura_atual': 34923, 'consumo_kwh': 3241.0, 'total_pagar': 1950.01}
2026-08-02 15:37:00,862 [INFO] app.core.normalizer - UC normalizada com sucesso: '473.773.008-70'
2026-08-02 15:37:00,865 [INFO] app.core.extractor - Invoice extraction completed: {'cliente': 'MUNICIPIODEFLEXEIRAS', 'uc': '473.773.008-70', 'medidor': '16012105308', 'local_unidade': 'IL. PUBLICACALCADAOCENTRO, R. CELALCANTARA, S/N,', 'conta_mes': '05/2026', 'vencimento': '2026-06-23', 'classificacao': 'ILUMINAÇÃOPÚBLICA', 'subclasse': 'ADMINISTRACAOPUBLICAEMGERAL-ILUMINACAOPUBLICA', 'tipo_fornecimento': 'MONOFÁSICO', 'leitura_anterior': 14409, 'leitura_atual': 14745, 'consumo_kwh': 336.0, 'total_pagar': 202.14}
2026-08-02 15:37:00,865 [INFO] app.core.normalizer - UC normalizada com sucesso: '461.662.008-44'
2026-08-02 15:37:00,867 [INFO] app.core.extractor - Invoice extraction completed: {'cliente': 'MUNICIPIODEFLEXEIRAS', 'uc': '461.662.008-44', 'medidor': '16012044813', 'local_unidade': 'PRACACJNOVAFLEXEIRASII CJNOVAFLEXEIRASII, S/N,', 'conta_mes': '05/2026', 'vencimento': '2026-06-23', 'classificacao': 'ILUMINAÇÃOPÚBLICA', 'subclasse': 'ADMINISTRACAOPUBLICAEMGERAL-ILUMINACAOPUBLICA', 'tipo_fornecimento': 'MONOFÁSICO', 'leitura_anterior': 33633, 'leitura_atual': 34339, 'consumo_kwh': 706.0, 'total_pagar': 437.27}
2026-08-02 15:37:00,867 [INFO] app.core.normalizer - UC normalizada com sucesso: '205.627.008-79'
2026-08-02 15:37:00,869 [INFO] app.core.extractor - Invoice extraction completed: {'cliente': 'MUNICIPIODEFLEXEIRAS', 'uc': '205.627.008-79', 'medidor': 'N/A', 'local_unidade': 'ILUMINACAOPUBLICA, R. CELALCANTARA, S/N,', 'conta_mes': '05/2026', 'vencimento': '2026-06-23', 'classificacao': 'ILUMINAÇÃOPÚBLICA', 'subclasse': 'ADMINISTRACAOPUBLICAEMGERAL-ILUMINACAOPUBLICA', 'tipo_fornecimento': 'MONOFÁSICO', 'leitura_anterior': 0, 'leitura_atual': 0, 'consumo_kwh': 0.0, 'total_pagar': 26195.4}
2026-08-02 15:37:00,869 [INFO] app.core.normalizer - UC normalizada com sucesso: '281.609.008-09'
2026-08-02 15:37:00,871 [INFO] app.core.extractor - Invoice extraction completed: {'cliente': 'MUNICIPIODEFLEXEIRAS', 'uc': '281.609.008-09', 'medidor': 'E3252034', 'local_unidade': 'PRACAPREFJOSECAMILODOSSAN, R. CELALCANTARA, S/N,', 'conta_mes': '05/2026', 'vencimento': '2026-06-23', 'classificacao': 'ILUMINAÇÃOPÚBLICA', 'subclasse': 'ADMINISTRACAOPUBLICAEMGERAL-ILUMINACAOPUBLICA', 'tipo_fornecimento': 'TRIFÁSICO', 'leitura_anterior': 8982, 'leitura_atual': 9288, 'consumo_kwh': 306.0, 'total_pagar': 184.09}
2026-08-02 15:37:00,871 [INFO] app.core.normalizer - UC normalizada com sucesso: '523.003.008-62'
2026-08-02 15:37:00,873 [INFO] app.core.extractor - Invoice extraction completed: {'cliente': 'MUNICIPIODEFLEXEIRAS', 'uc': '523.003.008-62', 'medidor': '17020234059', 'local_unidade': 'IP-MIRANTENOVAFLEXEIRAS CJNOVAFLEXEIRASII, S/N,', 'conta_mes': '05/2026', 'vencimento': '2026-06-23', 'classificacao': 'ILUMINAÇÃOPÚBLICA', 'subclasse': 'ADMINISTRACAOPUBLICAEMGERAL-ILUMINACAOPUBLICA', 'tipo_fornecimento': 'MONOFÁSICO', 'leitura_anterior': 11982, 'leitura_atual': 12156, 'consumo_kwh': 174.0, 'total_pagar': 117.18}
2026-08-02 15:37:00,874 [INFO] app.core.normalizer - UC normalizada com sucesso: '489.486.008-41'
2026-08-02 15:37:00,875 [INFO] app.core.extractor - Invoice extraction completed: {'cliente': 'MUNICIPIODEFLEXEIRAS', 'uc': '489.486.008-41', 'medidor': '16012150052', 'local_unidade': 'ILPÚBLICAPRAÇAPADRECÍCERO, R. STOANTONIO, S/N,', 'conta_mes': '05/2026', 'vencimento': '2026-06-23', 'classificacao': 'ILUMINAÇÃOPÚBLICA', 'subclasse': 'ADMINISTRACAOPUBLICAEMGERAL-ILUMINACAOPUBLICA', 'tipo_fornecimento': 'MONOFÁSICO', 'leitura_anterior': 11966, 'leitura_atual': 12191, 'consumo_kwh': 225.0, 'total_pagar': 135.34}
2026-08-02 15:37:00,875 [INFO] app.core.normalizer - UC normalizada com sucesso: '679.501.008-41'
2026-08-02 15:37:00,876 [INFO] app.core.extractor - Invoice extraction completed: {'cliente': 'MUNICIPIODEFLEXEIRAS', 'uc': '679.501.008-41', 'medidor': '17052226279', 'local_unidade': 'IPCOPADASARVORES, R. CELALCANTARA, S/N, ILUMINACAODACOPADASAVORES', 'conta_mes': '05/2026', 'vencimento': '2026-06-23', 'classificacao': 'ILUMINAÇÃOPÚBLICA', 'subclasse': 'ADMINISTRACAOPUBLICAEMGERAL-ILUMINACAOPUBLICA', 'tipo_fornecimento': 'MONOFÁSICO', 'leitura_anterior': 585, 'leitura_atual': 647, 'consumo_kwh': 62.0, 'total_pagar': 37.3}
2026-08-02 15:37:00,876 [INFO] app.core.normalizer - UC normalizada com sucesso: '601.693.008-44'
2026-08-02 15:37:00,877 [INFO] app.core.extractor - Invoice extraction completed: {'cliente': 'MUNICIPIODEFLEXEIRAS', 'uc': '601.693.008-44', 'medidor': '13040260190', 'local_unidade': 'IP, R. POETAJOAODEDEUS, S/N,', 'conta_mes': '05/2026', 'vencimento': '2026-06-23', 'classificacao': 'ILUMINAÇÃOPÚBLICA', 'subclasse': 'ADMINISTRACAOPUBLICAEMGERAL-ILUMINACAOPUBLICA', 'tipo_fornecimento': 'MONOFÁSICO', 'leitura_anterior': 4433, 'leitura_atual': 4543, 'consumo_kwh': 110.0, 'total_pagar': 66.17}
2026-08-02 15:37:00,878 [INFO] werkzeug - 127.0.0.1 - - [02/Aug/2026 15:37:00] "POST /api/process HTTP/1.1" 200 -
2026-08-02 15:42:17,875 [INFO] werkzeug -  * Detected change in 'C:\\Users\\mathe\\Desktop\\py\\app\\core\\excel_writer.py', reloading
2026-08-02 15:42:18,079 [INFO] werkzeug -  * Restarting with stat
2026-08-02 15:42:19,691 [WARNING] werkzeug -  * Debugger is active!
2026-08-02 15:42:19,699 [INFO] werkzeug -  * Debugger PIN: 511-121-778
2026-08-02 15:43:47,529 [INFO] werkzeug -  * Detected change in 'C:\\Users\\mathe\\Desktop\\py\\app\\server.py', reloading
2026-08-02 15:43:47,662 [INFO] werkzeug -  * Restarting with stat
2026-08-02 15:43:48,726 [WARNING] werkzeug -  * Debugger is active!
2026-08-02 15:43:48,736 [INFO] werkzeug -  * Debugger PIN: 511-121-778
2026-08-02 15:44:04,983 [INFO] werkzeug -  * Detected change in 'C:\\Users\\mathe\\Desktop\\py\\app\\server.py', reloading
2026-08-02 15:44:05,103 [INFO] werkzeug -  * Restarting with stat
2026-08-02 15:44:06,093 [WARNING] werkzeug -  * Debugger is active!
2026-08-02 15:44:06,103 [INFO] werkzeug -  * Debugger PIN: 511-121-778
2026-08-02 15:46:19,421 [INFO] werkzeug - 127.0.0.1 - - [02/Aug/2026 15:46:19] "GET /?utm_source=chatgpt.com HTTP/1.1" 200 -
2026-08-02 15:46:19,445 [INFO] werkzeug - 127.0.0.1 - - [02/Aug/2026 15:46:19] "GET /static/js/app.js HTTP/1.1" 200 -
2026-08-02 15:46:19,453 [INFO] werkzeug - 127.0.0.1 - - [02/Aug/2026 15:46:19] "GET /static/css/style.css HTTP/1.1" 200 -
2026-08-02 15:46:24,785 [INFO] app.server - Arquivo salvo temporariamente: pdf_fatura.pdf
2026-08-02 15:46:24,786 [INFO] werkzeug - 127.0.0.1 - - [02/Aug/2026 15:46:24] "POST /api/upload HTTP/1.1" 200 -
2026-08-02 15:46:24,886 [INFO] app.core.pdf_reader - Texto extraído da página 1
2026-08-02 15:46:24,980 [INFO] app.core.pdf_reader - Texto extraído da página 2
2026-08-02 15:46:25,053 [INFO] app.core.pdf_reader - Texto extraído da página 3
2026-08-02 15:46:25,128 [INFO] app.core.pdf_reader - Texto extraído da página 4
2026-08-02 15:46:25,202 [INFO] app.core.pdf_reader - Texto extraído da página 5
2026-08-02 15:46:25,314 [INFO] app.core.pdf_reader - Texto extraído da página 6
2026-08-02 15:46:25,387 [INFO] app.core.pdf_reader - Texto extraído da página 7
2026-08-02 15:46:25,466 [INFO] app.core.pdf_reader - Texto extraído da página 8
2026-08-02 15:46:25,540 [INFO] app.core.pdf_reader - Texto extraído da página 9
2026-08-02 15:46:25,608 [INFO] app.core.pdf_reader - Texto extraído da página 10
2026-08-02 15:46:25,683 [INFO] app.core.pdf_reader - Texto extraído da página 11
2026-08-02 15:46:25,758 [INFO] app.core.pdf_reader - Texto extraído da página 12
2026-08-02 15:46:25,838 [INFO] app.core.pdf_reader - Texto extraído da página 13
2026-08-02 15:46:25,912 [INFO] app.core.pdf_reader - Texto extraído da página 14
2026-08-02 15:46:25,991 [INFO] app.core.pdf_reader - Texto extraído da página 15
2026-08-02 15:46:25,993 [INFO] app.core.normalizer - UC normalizada com sucesso: '522.046.008-04'
2026-08-02 15:46:25,996 [INFO] app.core.extractor - Invoice extraction completed: {'cliente': 'MUNICIPIODEFLEXEIRAS', 'uc': '522.046.008-04', 'medidor': '17020234040', 'local_unidade': 'IP, R. PROFMARIAISABELCOSTASOUZA, S/N,', 'conta_mes': '05/2026', 'vencimento': '2026-06-23', 'classificacao': 'ILUMINAÇÃOPÚBLICA', 'subclasse': 'ADMINISTRACAOPUBLICAEMGERAL-ILUMINACAOPUBLICA', 'tipo_fornecimento': 'MONOFÁSICO', 'leitura_anterior': 7279, 'leitura_atual': 7435, 'consumo_kwh': 156.0, 'total_pagar': 93.85}
2026-08-02 15:46:25,997 [INFO] app.core.normalizer - UC normalizada com sucesso: '520.367.008-46'
2026-08-02 15:46:25,998 [INFO] app.core.extractor - Invoice extraction completed: {'cliente': 'MUNICIPIODEFLEXEIRAS', 'uc': '520.367.008-46', 'medidor': '17020132663', 'local_unidade': 'ILUMINAÇÃOPUBLICA-CIRCUITOEXCLUS, R. DOMOTORISTA, S/N, IP', 'conta_mes': '05/2026', 'vencimento': '2026-06-23', 'classificacao': 'ILUMINAÇÃOPÚBLICA', 'subclasse': 'ADMINISTRACAOPUBLICAEMGERAL-ILUMINACAOPUBLICA', 'tipo_fornecimento': 'MONOFÁSICO', 'leitura_anterior': 16404, 'leitura_atual': 16760, 'consumo_kwh': 356.0, 'total_pagar': 226.69}
2026-08-02 15:46:25,998 [INFO] app.core.normalizer - UC normalizada com sucesso: '395.907.008-01'
2026-08-02 15:46:26,000 [INFO] app.core.extractor - Invoice extraction completed: {'cliente': 'MUNICIPIODEFLEXEIRAS', 'uc': '395.907.008-01', 'medidor': '37030210183', 'local_unidade': 'PRACAMULTIEVENTOS AVROSITACALHEIROS, S/N,', 'conta_mes': '05/2026', 'vencimento': '2026-06-23', 'classificacao': 'ILUMINAÇÃOPÚBLICA', 'subclasse': 'ADMINISTRACAOPUBLICAEMGERAL-ILUMINACAOPUBLICA', 'tipo_fornecimento': 'TRIFÁSICO', 'leitura_anterior': 32307, 'leitura_atual': 33755, 'consumo_kwh': 1448.0, 'total_pagar': 871.2}
2026-08-02 15:46:26,000 [INFO] app.core.normalizer - UC normalizada com sucesso: '601.699.008-97'
2026-08-02 15:46:26,001 [INFO] app.core.extractor - Invoice extraction completed: {'cliente': 'MUNICIPIODEFLEXEIRAS', 'uc': '601.699.008-97', 'medidor': '13040260166', 'local_unidade': 'ip, R. JOSEGOMESDELIMA, S/N,', 'conta_mes': '05/2026', 'vencimento': '2026-06-23', 'classificacao': 'ILUMINAÇÃOPÚBLICA', 'subclasse': 'ADMINISTRACAOPUBLICAEMGERAL-ILUMINACAOPUBLICA', 'tipo_fornecimento': 'MONOFÁSICO', 'leitura_anterior': 5796, 'leitura_atual': 6001, 'consumo_kwh': 205.0, 'total_pagar': 123.33}
2026-08-02 15:46:26,001 [INFO] app.core.normalizer - UC normalizada com sucesso: '519.021.008-71'
2026-08-02 15:46:26,002 [INFO] app.core.extractor - Invoice extraction completed: {'cliente': 'MUNICIPIODEFLEXEIRAS', 'uc': '519.021.008-71', 'medidor': '17020755091', 'local_unidade': "IPMIRANTEDACAIXAD'AGUA CJNOVAFLEXEIRAS, S/N, MIRANTEDACAIXADAGUA", 'conta_mes': '05/2026', 'vencimento': '2026-06-23', 'classificacao': 'ILUMINAÇÃOPÚBLICA', 'subclasse': 'ADMINISTRACAOPUBLICAEMGERAL-ILUMINACAOPUBLICA', 'tipo_fornecimento': 'MONOFÁSICO', 'leitura_anterior': 3281, 'leitura_atual': 3903, 'consumo_kwh': 622.0, 'total_pagar': 366.09}
2026-08-02 15:46:26,003 [INFO] app.core.normalizer - UC normalizada com sucesso: '521.854.008-13'
2026-08-02 15:46:26,004 [INFO] app.core.extractor - Invoice extraction completed: {'cliente': 'MUNICIPIODEFLEXEIRAS', 'uc': '521.854.008-13', 'medidor': '17020234083', 'local_unidade': 'IP, R. MANOELFRANCISCODIAS, S/N,', 'conta_mes': '05/2026', 'vencimento': '2026-06-23', 'classificacao': 'ILUMINAÇÃOPÚBLICA', 'subclasse': 'ADMINISTRACAOPUBLICAEMGERAL-ILUMINACAOPUBLICA', 'tipo_fornecimento': 'MONOFÁSICO', 'leitura_anterior': 12088, 'leitura_atual': 12424, 'consumo_kwh': 336.0, 'total_pagar': 202.14}
2026-08-02 15:46:26,004 [INFO] app.core.normalizer - UC normalizada com sucesso: '650.695.008-35'
2026-08-02 15:46:26,005 [INFO] app.core.extractor - Invoice extraction completed: {'cliente': 'MUNICIPIODEFLEXEIRAS', 'uc': '650.695.008-35', 'medidor': '36030410399', 'local_unidade': 'Emporio AVROSITACALHEIROS, S/N,', 'conta_mes': '05/2026', 'vencimento': '2026-06-23', 'classificacao': 'ILUMINAÇÃOPÚBLICA', 'subclasse': 'ADMINISTRACAOPUBLICAEMGERAL-ILUMINACAOPUBLICA', 'tipo_fornecimento': 'TRIFÁSICO', 'leitura_anterior': 31682, 'leitura_atual': 34923, 'consumo_kwh': 3241.0, 'total_pagar': 1950.01}
2026-08-02 15:46:26,006 [INFO] app.core.normalizer - UC normalizada com sucesso: '473.773.008-70'
2026-08-02 15:46:26,007 [INFO] app.core.extractor - Invoice extraction completed: {'cliente': 'MUNICIPIODEFLEXEIRAS', 'uc': '473.773.008-70', 'medidor': '16012105308', 'local_unidade': 'IL. PUBLICACALCADAOCENTRO, R. CELALCANTARA, S/N,', 'conta_mes': '05/2026', 'vencimento': '2026-06-23', 'classificacao': 'ILUMINAÇÃOPÚBLICA', 'subclasse': 'ADMINISTRACAOPUBLICAEMGERAL-ILUMINACAOPUBLICA', 'tipo_fornecimento': 'MONOFÁSICO', 'leitura_anterior': 14409, 'leitura_atual': 14745, 'consumo_kwh': 336.0, 'total_pagar': 202.14}
2026-08-02 15:46:26,008 [INFO] app.core.normalizer - UC normalizada com sucesso: '461.662.008-44'
2026-08-02 15:46:26,009 [INFO] app.core.extractor - Invoice extraction completed: {'cliente': 'MUNICIPIODEFLEXEIRAS', 'uc': '461.662.008-44', 'medidor': '16012044813', 'local_unidade': 'PRACACJNOVAFLEXEIRASII CJNOVAFLEXEIRASII, S/N,', 'conta_mes': '05/2026', 'vencimento': '2026-06-23', 'classificacao': 'ILUMINAÇÃOPÚBLICA', 'subclasse': 'ADMINISTRACAOPUBLICAEMGERAL-ILUMINACAOPUBLICA', 'tipo_fornecimento': 'MONOFÁSICO', 'leitura_anterior': 33633, 'leitura_atual': 34339, 'consumo_kwh': 706.0, 'total_pagar': 437.27}
2026-08-02 15:46:26,009 [INFO] app.core.normalizer - UC normalizada com sucesso: '205.627.008-79'
2026-08-02 15:46:26,011 [INFO] app.core.extractor - Invoice extraction completed: {'cliente': 'MUNICIPIODEFLEXEIRAS', 'uc': '205.627.008-79', 'medidor': 'N/A', 'local_unidade': 'ILUMINACAOPUBLICA, R. CELALCANTARA, S/N,', 'conta_mes': '05/2026', 'vencimento': '2026-06-23', 'classificacao': 'ILUMINAÇÃOPÚBLICA', 'subclasse': 'ADMINISTRACAOPUBLICAEMGERAL-ILUMINACAOPUBLICA', 'tipo_fornecimento': 'MONOFÁSICO', 'leitura_anterior': 0, 'leitura_atual': 0, 'consumo_kwh': 0.0, 'total_pagar': 26195.4}
2026-08-02 15:46:26,012 [INFO] app.core.normalizer - UC normalizada com sucesso: '281.609.008-09'
2026-08-02 15:46:26,012 [INFO] app.core.extractor - Invoice extraction completed: {'cliente': 'MUNICIPIODEFLEXEIRAS', 'uc': '281.609.008-09', 'medidor': 'E3252034', 'local_unidade': 'PRACAPREFJOSECAMILODOSSAN, R. CELALCANTARA, S/N,', 'conta_mes': '05/2026', 'vencimento': '2026-06-23', 'classificacao': 'ILUMINAÇÃOPÚBLICA', 'subclasse': 'ADMINISTRACAOPUBLICAEMGERAL-ILUMINACAOPUBLICA', 'tipo_fornecimento': 'TRIFÁSICO', 'leitura_anterior': 8982, 'leitura_atual': 9288, 'consumo_kwh': 306.0, 'total_pagar': 184.09}
2026-08-02 15:46:26,013 [INFO] app.core.normalizer - UC normalizada com sucesso: '523.003.008-62'
2026-08-02 15:46:26,014 [INFO] app.core.extractor - Invoice extraction completed: {'cliente': 'MUNICIPIODEFLEXEIRAS', 'uc': '523.003.008-62', 'medidor': '17020234059', 'local_unidade': 'IP-MIRANTENOVAFLEXEIRAS CJNOVAFLEXEIRASII, S/N,', 'conta_mes': '05/2026', 'vencimento': '2026-06-23', 'classificacao': 'ILUMINAÇÃOPÚBLICA', 'subclasse': 'ADMINISTRACAOPUBLICAEMGERAL-ILUMINACAOPUBLICA', 'tipo_fornecimento': 'MONOFÁSICO', 'leitura_anterior': 11982, 'leitura_atual': 12156, 'consumo_kwh': 174.0, 'total_pagar': 117.18}
2026-08-02 15:46:26,015 [INFO] app.core.normalizer - UC normalizada com sucesso: '489.486.008-41'
2026-08-02 15:46:26,016 [INFO] app.core.extractor - Invoice extraction completed: {'cliente': 'MUNICIPIODEFLEXEIRAS', 'uc': '489.486.008-41', 'medidor': '16012150052', 'local_unidade': 'ILPÚBLICAPRAÇAPADRECÍCERO, R. STOANTONIO, S/N,', 'conta_mes': '05/2026', 'vencimento': '2026-06-23', 'classificacao': 'ILUMINAÇÃOPÚBLICA', 'subclasse': 'ADMINISTRACAOPUBLICAEMGERAL-ILUMINACAOPUBLICA', 'tipo_fornecimento': 'MONOFÁSICO', 'leitura_anterior': 11966, 'leitura_atual': 12191, 'consumo_kwh': 225.0, 'total_pagar': 135.34}
2026-08-02 15:46:26,016 [INFO] app.core.normalizer - UC normalizada com sucesso: '679.501.008-41'
2026-08-02 15:46:26,017 [INFO] app.core.extractor - Invoice extraction completed: {'cliente': 'MUNICIPIODEFLEXEIRAS', 'uc': '679.501.008-41', 'medidor': '17052226279', 'local_unidade': 'IPCOPADASARVORES, R. CELALCANTARA, S/N, ILUMINACAODACOPADASAVORES', 'conta_mes': '05/2026', 'vencimento': '2026-06-23', 'classificacao': 'ILUMINAÇÃOPÚBLICA', 'subclasse': 'ADMINISTRACAOPUBLICAEMGERAL-ILUMINACAOPUBLICA', 'tipo_fornecimento': 'MONOFÁSICO', 'leitura_anterior': 585, 'leitura_atual': 647, 'consumo_kwh': 62.0, 'total_pagar': 37.3}
2026-08-02 15:46:26,017 [INFO] app.core.normalizer - UC normalizada com sucesso: '601.693.008-44'
2026-08-02 15:46:26,018 [INFO] app.core.extractor - Invoice extraction completed: {'cliente': 'MUNICIPIODEFLEXEIRAS', 'uc': '601.693.008-44', 'medidor': '13040260190', 'local_unidade': 'IP, R. POETAJOAODEDEUS, S/N,', 'conta_mes': '05/2026', 'vencimento': '2026-06-23', 'classificacao': 'ILUMINAÇÃOPÚBLICA', 'subclasse': 'ADMINISTRACAOPUBLICAEMGERAL-ILUMINACAOPUBLICA', 'tipo_fornecimento': 'MONOFÁSICO', 'leitura_anterior': 4433, 'leitura_atual': 4543, 'consumo_kwh': 110.0, 'total_pagar': 66.17}
2026-08-02 15:46:26,018 [INFO] werkzeug - 127.0.0.1 - - [02/Aug/2026 15:46:26] "POST /api/process HTTP/1.1" 200 -
2026-08-02 15:46:41,050 [INFO] app.core.excel_writer - Gravando 15 registros no Excel: C:\Users\mathe\Desktop\py\export\faturas_processadas.xlsx
2026-08-02 15:46:41,985 [INFO] app.core.excel_writer - Planilha Excel salva com sucesso.
2026-08-02 15:46:41,985 [INFO] app.server - Excel gerado com sucesso: C:\Users\mathe\Desktop\py\export\faturas_processadas.xlsx
2026-08-02 15:46:41,986 [INFO] werkzeug - 127.0.0.1 - - [02/Aug/2026 15:46:41] "POST /api/export HTTP/1.1" 200 -
2026-08-02 17:01:58,440 [INFO] werkzeug - 127.0.0.1 - - [02/Aug/2026 17:01:58] "GET /?utm_source=chatgpt.com HTTP/1.1" 200 -
2026-08-02 17:01:58,465 [INFO] werkzeug - 127.0.0.1 - - [02/Aug/2026 17:01:58] "[36mGET /static/js/app.js HTTP/1.1[0m" 304 -
2026-08-02 17:01:58,469 [INFO] werkzeug - 127.0.0.1 - - [02/Aug/2026 17:01:58] "[36mGET /static/css/style.css HTTP/1.1[0m" 304 -
2026-08-02 17:02:18,334 [INFO] werkzeug - 127.0.0.1 - - [02/Aug/2026 17:02:18] "GET /?utm_source=chatgpt.com HTTP/1.1" 200 -
2026-08-02 17:02:18,360 [INFO] werkzeug - 127.0.0.1 - - [02/Aug/2026 17:02:18] "[36mGET /static/js/app.js HTTP/1.1[0m" 304 -
2026-08-02 17:02:18,362 [INFO] werkzeug - 127.0.0.1 - - [02/Aug/2026 17:02:18] "[36mGET /static/css/style.css HTTP/1.1[0m" 304 -
2026-08-02 17:02:42,725 [INFO] werkzeug - 127.0.0.1 - - [02/Aug/2026 17:02:42] "GET /?utm_source=chatgpt.com HTTP/1.1" 200 -
2026-08-02 17:02:42,756 [INFO] werkzeug - 127.0.0.1 - - [02/Aug/2026 17:02:42] "[36mGET /static/js/app.js HTTP/1.1[0m" 304 -
2026-08-02 17:02:42,757 [INFO] werkzeug - 127.0.0.1 - - [02/Aug/2026 17:02:42] "[36mGET /static/css/style.css HTTP/1.1[0m" 304 -
2026-08-02 17:03:19,315 [INFO] werkzeug - 127.0.0.1 - - [02/Aug/2026 17:03:19] "GET /?utm_source=chatgpt.com HTTP/1.1" 200 -
2026-08-02 17:03:19,332 [INFO] werkzeug - 127.0.0.1 - - [02/Aug/2026 17:03:19] "[36mGET /static/css/style.css HTTP/1.1[0m" 304 -
2026-08-02 17:03:19,332 [INFO] werkzeug - 127.0.0.1 - - [02/Aug/2026 17:03:19] "[36mGET /static/js/app.js HTTP/1.1[0m" 304 -
2026-08-02 17:03:27,483 [INFO] app.server - Arquivo salvo temporariamente: pdf_fatura.pdf
2026-08-02 17:03:27,485 [INFO] werkzeug - 127.0.0.1 - - [02/Aug/2026 17:03:27] "POST /api/upload HTTP/1.1" 200 -
2026-08-02 17:03:27,581 [INFO] app.core.pdf_reader - Texto extraído da página 1
2026-08-02 17:03:27,664 [INFO] app.core.pdf_reader - Texto extraído da página 2
2026-08-02 17:03:27,767 [INFO] app.core.pdf_reader - Texto extraído da página 3
2026-08-02 17:03:27,843 [INFO] app.core.pdf_reader - Texto extraído da página 4
2026-08-02 17:03:27,921 [INFO] app.core.pdf_reader - Texto extraído da página 5
2026-08-02 17:03:28,114 [INFO] app.core.pdf_reader - Texto extraído da página 6
2026-08-02 17:03:28,197 [INFO] app.core.pdf_reader - Texto extraído da página 7
2026-08-02 17:03:28,270 [INFO] app.core.pdf_reader - Texto extraído da página 8
2026-08-02 17:03:28,345 [INFO] app.core.pdf_reader - Texto extraído da página 9
2026-08-02 17:03:28,425 [INFO] app.core.pdf_reader - Texto extraído da página 10
2026-08-02 17:03:28,496 [INFO] app.core.pdf_reader - Texto extraído da página 11
2026-08-02 17:03:28,569 [INFO] app.core.pdf_reader - Texto extraído da página 12
2026-08-02 17:03:28,635 [INFO] app.core.pdf_reader - Texto extraído da página 13
2026-08-02 17:03:28,704 [INFO] app.core.pdf_reader - Texto extraído da página 14
2026-08-02 17:03:28,796 [INFO] app.core.pdf_reader - Texto extraído da página 15
2026-08-02 17:03:28,798 [INFO] app.core.normalizer - UC normalizada com sucesso: '522.046.008-04'
2026-08-02 17:03:28,799 [INFO] app.core.extractor - Invoice extraction completed: {'cliente': 'MUNICIPIODEFLEXEIRAS', 'uc': '522.046.008-04', 'medidor': '17020234040', 'local_unidade': 'IP, R. PROFMARIAISABELCOSTASOUZA, S/N,', 'conta_mes': '05/2026', 'vencimento': '2026-06-23', 'classificacao': 'ILUMINAÇÃOPÚBLICA', 'subclasse': 'ADMINISTRACAOPUBLICAEMGERAL-ILUMINACAOPUBLICA', 'tipo_fornecimento': 'MONOFÁSICO', 'leitura_anterior': 7279, 'leitura_atual': 7435, 'consumo_kwh': 156.0, 'total_pagar': 93.85}
2026-08-02 17:03:28,799 [INFO] app.core.normalizer - UC normalizada com sucesso: '520.367.008-46'
2026-08-02 17:03:28,801 [INFO] app.core.extractor - Invoice extraction completed: {'cliente': 'MUNICIPIODEFLEXEIRAS', 'uc': '520.367.008-46', 'medidor': '17020132663', 'local_unidade': 'ILUMINAÇÃOPUBLICA-CIRCUITOEXCLUS, R. DOMOTORISTA, S/N, IP', 'conta_mes': '05/2026', 'vencimento': '2026-06-23', 'classificacao': 'ILUMINAÇÃOPÚBLICA', 'subclasse': 'ADMINISTRACAOPUBLICAEMGERAL-ILUMINACAOPUBLICA', 'tipo_fornecimento': 'MONOFÁSICO', 'leitura_anterior': 16404, 'leitura_atual': 16760, 'consumo_kwh': 356.0, 'total_pagar': 226.69}
2026-08-02 17:03:28,801 [INFO] app.core.normalizer - UC normalizada com sucesso: '395.907.008-01'
2026-08-02 17:03:28,803 [INFO] app.core.extractor - Invoice extraction completed: {'cliente': 'MUNICIPIODEFLEXEIRAS', 'uc': '395.907.008-01', 'medidor': '37030210183', 'local_unidade': 'PRACAMULTIEVENTOS AVROSITACALHEIROS, S/N,', 'conta_mes': '05/2026', 'vencimento': '2026-06-23', 'classificacao': 'ILUMINAÇÃOPÚBLICA', 'subclasse': 'ADMINISTRACAOPUBLICAEMGERAL-ILUMINACAOPUBLICA', 'tipo_fornecimento': 'TRIFÁSICO', 'leitura_anterior': 32307, 'leitura_atual': 33755, 'consumo_kwh': 1448.0, 'total_pagar': 871.2}
2026-08-02 17:03:28,803 [INFO] app.core.normalizer - UC normalizada com sucesso: '601.699.008-97'
2026-08-02 17:03:28,804 [INFO] app.core.extractor - Invoice extraction completed: {'cliente': 'MUNICIPIODEFLEXEIRAS', 'uc': '601.699.008-97', 'medidor': '13040260166', 'local_unidade': 'ip, R. JOSEGOMESDELIMA, S/N,', 'conta_mes': '05/2026', 'vencimento': '2026-06-23', 'classificacao': 'ILUMINAÇÃOPÚBLICA', 'subclasse': 'ADMINISTRACAOPUBLICAEMGERAL-ILUMINACAOPUBLICA', 'tipo_fornecimento': 'MONOFÁSICO', 'leitura_anterior': 5796, 'leitura_atual': 6001, 'consumo_kwh': 205.0, 'total_pagar': 123.33}
2026-08-02 17:03:28,804 [INFO] app.core.normalizer - UC normalizada com sucesso: '519.021.008-71'
2026-08-02 17:03:28,805 [INFO] app.core.extractor - Invoice extraction completed: {'cliente': 'MUNICIPIODEFLEXEIRAS', 'uc': '519.021.008-71', 'medidor': '17020755091', 'local_unidade': "IPMIRANTEDACAIXAD'AGUA CJNOVAFLEXEIRAS, S/N, MIRANTEDACAIXADAGUA", 'conta_mes': '05/2026', 'vencimento': '2026-06-23', 'classificacao': 'ILUMINAÇÃOPÚBLICA', 'subclasse': 'ADMINISTRACAOPUBLICAEMGERAL-ILUMINACAOPUBLICA', 'tipo_fornecimento': 'MONOFÁSICO', 'leitura_anterior': 3281, 'leitura_atual': 3903, 'consumo_kwh': 622.0, 'total_pagar': 366.09}
2026-08-02 17:03:28,806 [INFO] app.core.normalizer - UC normalizada com sucesso: '521.854.008-13'
2026-08-02 17:03:28,807 [INFO] app.core.extractor - Invoice extraction completed: {'cliente': 'MUNICIPIODEFLEXEIRAS', 'uc': '521.854.008-13', 'medidor': '17020234083', 'local_unidade': 'IP, R. MANOELFRANCISCODIAS, S/N,', 'conta_mes': '05/2026', 'vencimento': '2026-06-23', 'classificacao': 'ILUMINAÇÃOPÚBLICA', 'subclasse': 'ADMINISTRACAOPUBLICAEMGERAL-ILUMINACAOPUBLICA', 'tipo_fornecimento': 'MONOFÁSICO', 'leitura_anterior': 12088, 'leitura_atual': 12424, 'consumo_kwh': 336.0, 'total_pagar': 202.14}
2026-08-02 17:03:28,808 [INFO] app.core.normalizer - UC normalizada com sucesso: '650.695.008-35'
2026-08-02 17:03:28,809 [INFO] app.core.extractor - Invoice extraction completed: {'cliente': 'MUNICIPIODEFLEXEIRAS', 'uc': '650.695.008-35', 'medidor': '36030410399', 'local_unidade': 'Emporio AVROSITACALHEIROS, S/N,', 'conta_mes': '05/2026', 'vencimento': '2026-06-23', 'classificacao': 'ILUMINAÇÃOPÚBLICA', 'subclasse': 'ADMINISTRACAOPUBLICAEMGERAL-ILUMINACAOPUBLICA', 'tipo_fornecimento': 'TRIFÁSICO', 'leitura_anterior': 31682, 'leitura_atual': 34923, 'consumo_kwh': 3241.0, 'total_pagar': 1950.01}
2026-08-02 17:03:28,809 [INFO] app.core.normalizer - UC normalizada com sucesso: '473.773.008-70'
2026-08-02 17:03:28,810 [INFO] app.core.extractor - Invoice extraction completed: {'cliente': 'MUNICIPIODEFLEXEIRAS', 'uc': '473.773.008-70', 'medidor': '16012105308', 'local_unidade': 'IL. PUBLICACALCADAOCENTRO, R. CELALCANTARA, S/N,', 'conta_mes': '05/2026', 'vencimento': '2026-06-23', 'classificacao': 'ILUMINAÇÃOPÚBLICA', 'subclasse': 'ADMINISTRACAOPUBLICAEMGERAL-ILUMINACAOPUBLICA', 'tipo_fornecimento': 'MONOFÁSICO', 'leitura_anterior': 14409, 'leitura_atual': 14745, 'consumo_kwh': 336.0, 'total_pagar': 202.14}
2026-08-02 17:03:28,811 [INFO] app.core.normalizer - UC normalizada com sucesso: '461.662.008-44'
2026-08-02 17:03:28,812 [INFO] app.core.extractor - Invoice extraction completed: {'cliente': 'MUNICIPIODEFLEXEIRAS', 'uc': '461.662.008-44', 'medidor': '16012044813', 'local_unidade': 'PRACACJNOVAFLEXEIRASII CJNOVAFLEXEIRASII, S/N,', 'conta_mes': '05/2026', 'vencimento': '2026-06-23', 'classificacao': 'ILUMINAÇÃOPÚBLICA', 'subclasse': 'ADMINISTRACAOPUBLICAEMGERAL-ILUMINACAOPUBLICA', 'tipo_fornecimento': 'MONOFÁSICO', 'leitura_anterior': 33633, 'leitura_atual': 34339, 'consumo_kwh': 706.0, 'total_pagar': 437.27}
2026-08-02 17:03:28,813 [INFO] app.core.normalizer - UC normalizada com sucesso: '205.627.008-79'
2026-08-02 17:03:28,814 [INFO] app.core.extractor - Invoice extraction completed: {'cliente': 'MUNICIPIODEFLEXEIRAS', 'uc': '205.627.008-79', 'medidor': 'N/A', 'local_unidade': 'ILUMINACAOPUBLICA, R. CELALCANTARA, S/N,', 'conta_mes': '05/2026', 'vencimento': '2026-06-23', 'classificacao': 'ILUMINAÇÃOPÚBLICA', 'subclasse': 'ADMINISTRACAOPUBLICAEMGERAL-ILUMINACAOPUBLICA', 'tipo_fornecimento': 'MONOFÁSICO', 'leitura_anterior': 0, 'leitura_atual': 0, 'consumo_kwh': 0.0, 'total_pagar': 26195.4}
2026-08-02 17:03:28,814 [INFO] app.core.normalizer - UC normalizada com sucesso: '281.609.008-09'
2026-08-02 17:03:28,815 [INFO] app.core.extractor - Invoice extraction completed: {'cliente': 'MUNICIPIODEFLEXEIRAS', 'uc': '281.609.008-09', 'medidor': 'E3252034', 'local_unidade': 'PRACAPREFJOSECAMILODOSSAN, R. CELALCANTARA, S/N,', 'conta_mes': '05/2026', 'vencimento': '2026-06-23', 'classificacao': 'ILUMINAÇÃOPÚBLICA', 'subclasse': 'ADMINISTRACAOPUBLICAEMGERAL-ILUMINACAOPUBLICA', 'tipo_fornecimento': 'TRIFÁSICO', 'leitura_anterior': 8982, 'leitura_atual': 9288, 'consumo_kwh': 306.0, 'total_pagar': 184.09}
2026-08-02 17:03:28,815 [INFO] app.core.normalizer - UC normalizada com sucesso: '523.003.008-62'
2026-08-02 17:03:28,816 [INFO] app.core.extractor - Invoice extraction completed: {'cliente': 'MUNICIPIODEFLEXEIRAS', 'uc': '523.003.008-62', 'medidor': '17020234059', 'local_unidade': 'IP-MIRANTENOVAFLEXEIRAS CJNOVAFLEXEIRASII, S/N,', 'conta_mes': '05/2026', 'vencimento': '2026-06-23', 'classificacao': 'ILUMINAÇÃOPÚBLICA', 'subclasse': 'ADMINISTRACAOPUBLICAEMGERAL-ILUMINACAOPUBLICA', 'tipo_fornecimento': 'MONOFÁSICO', 'leitura_anterior': 11982, 'leitura_atual': 12156, 'consumo_kwh': 174.0, 'total_pagar': 117.18}
2026-08-02 17:03:28,817 [INFO] app.core.normalizer - UC normalizada com sucesso: '489.486.008-41'
2026-08-02 17:03:28,818 [INFO] app.core.extractor - Invoice extraction completed: {'cliente': 'MUNICIPIODEFLEXEIRAS', 'uc': '489.486.008-41', 'medidor': '16012150052', 'local_unidade': 'ILPÚBLICAPRAÇAPADRECÍCERO, R. STOANTONIO, S/N,', 'conta_mes': '05/2026', 'vencimento': '2026-06-23', 'classificacao': 'ILUMINAÇÃOPÚBLICA', 'subclasse': 'ADMINISTRACAOPUBLICAEMGERAL-ILUMINACAOPUBLICA', 'tipo_fornecimento': 'MONOFÁSICO', 'leitura_anterior': 11966, 'leitura_atual': 12191, 'consumo_kwh': 225.0, 'total_pagar': 135.34}
2026-08-02 17:03:28,819 [INFO] app.core.normalizer - UC normalizada com sucesso: '679.501.008-41'
2026-08-02 17:03:28,819 [INFO] app.core.extractor - Invoice extraction completed: {'cliente': 'MUNICIPIODEFLEXEIRAS', 'uc': '679.501.008-41', 'medidor': '17052226279', 'local_unidade': 'IPCOPADASARVORES, R. CELALCANTARA, S/N, ILUMINACAODACOPADASAVORES', 'conta_mes': '05/2026', 'vencimento': '2026-06-23', 'classificacao': 'ILUMINAÇÃOPÚBLICA', 'subclasse': 'ADMINISTRACAOPUBLICAEMGERAL-ILUMINACAOPUBLICA', 'tipo_fornecimento': 'MONOFÁSICO', 'leitura_anterior': 585, 'leitura_atual': 647, 'consumo_kwh': 62.0, 'total_pagar': 37.3}
2026-08-02 17:03:28,820 [INFO] app.core.normalizer - UC normalizada com sucesso: '601.693.008-44'
2026-08-02 17:03:28,821 [INFO] app.core.extractor - Invoice extraction completed: {'cliente': 'MUNICIPIODEFLEXEIRAS', 'uc': '601.693.008-44', 'medidor': '13040260190', 'local_unidade': 'IP, R. POETAJOAODEDEUS, S/N,', 'conta_mes': '05/2026', 'vencimento': '2026-06-23', 'classificacao': 'ILUMINAÇÃOPÚBLICA', 'subclasse': 'ADMINISTRACAOPUBLICAEMGERAL-ILUMINACAOPUBLICA', 'tipo_fornecimento': 'MONOFÁSICO', 'leitura_anterior': 4433, 'leitura_atual': 4543, 'consumo_kwh': 110.0, 'total_pagar': 66.17}
2026-08-02 17:03:28,822 [INFO] werkzeug - 127.0.0.1 - - [02/Aug/2026 17:03:28] "POST /api/process HTTP/1.1" 200 -
2026-08-02 17:07:50,345 [INFO] werkzeug - 127.0.0.1 - - [02/Aug/2026 17:07:50] "GET /?utm_source=chatgpt.com HTTP/1.1" 200 -
2026-08-02 17:07:50,375 [INFO] werkzeug - 127.0.0.1 - - [02/Aug/2026 17:07:50] "GET /static/css/style.css HTTP/1.1" 200 -
2026-08-02 17:07:50,376 [INFO] werkzeug - 127.0.0.1 - - [02/Aug/2026 17:07:50] "GET /static/js/app.js HTTP/1.1" 200 -
2026-08-02 17:07:56,057 [INFO] app.server - Arquivo salvo temporariamente: pdf_fatura.pdf
2026-08-02 17:07:56,058 [INFO] werkzeug - 127.0.0.1 - - [02/Aug/2026 17:07:56] "POST /api/upload HTTP/1.1" 200 -
2026-08-02 17:07:56,149 [INFO] app.core.pdf_reader - Texto extraído da página 1
2026-08-02 17:07:56,241 [INFO] app.core.pdf_reader - Texto extraído da página 2
2026-08-02 17:07:56,321 [INFO] app.core.pdf_reader - Texto extraído da página 3
2026-08-02 17:07:56,398 [INFO] app.core.pdf_reader - Texto extraído da página 4
2026-08-02 17:07:56,484 [INFO] app.core.pdf_reader - Texto extraído da página 5
2026-08-02 17:07:56,681 [INFO] app.core.pdf_reader - Texto extraído da página 6
2026-08-02 17:07:56,753 [INFO] app.core.pdf_reader - Texto extraído da página 7
2026-08-02 17:07:56,823 [INFO] app.core.pdf_reader - Texto extraído da página 8
2026-08-02 17:07:56,891 [INFO] app.core.pdf_reader - Texto extraído da página 9
2026-08-02 17:07:56,965 [INFO] app.core.pdf_reader - Texto extraído da página 10
2026-08-02 17:07:57,043 [INFO] app.core.pdf_reader - Texto extraído da página 11
2026-08-02 17:07:57,119 [INFO] app.core.pdf_reader - Texto extraído da página 12
2026-08-02 17:07:57,194 [INFO] app.core.pdf_reader - Texto extraído da página 13
2026-08-02 17:07:57,286 [INFO] app.core.pdf_reader - Texto extraído da página 14
2026-08-02 17:07:57,367 [INFO] app.core.pdf_reader - Texto extraído da página 15
2026-08-02 17:07:57,368 [INFO] app.core.normalizer - UC normalizada com sucesso: '522.046.008-04'
2026-08-02 17:07:57,369 [INFO] app.core.extractor - Invoice extraction completed: {'cliente': 'MUNICIPIODEFLEXEIRAS', 'uc': '522.046.008-04', 'medidor': '17020234040', 'local_unidade': 'IP, R. PROFMARIAISABELCOSTASOUZA, S/N,', 'conta_mes': '05/2026', 'vencimento': '2026-06-23', 'classificacao': 'ILUMINAÇÃOPÚBLICA', 'subclasse': 'ADMINISTRACAOPUBLICAEMGERAL-ILUMINACAOPUBLICA', 'tipo_fornecimento': 'MONOFÁSICO', 'leitura_anterior': 7279, 'leitura_atual': 7435, 'consumo_kwh': 156.0, 'total_pagar': 93.85}
2026-08-02 17:07:57,370 [INFO] app.core.normalizer - UC normalizada com sucesso: '520.367.008-46'
2026-08-02 17:07:57,371 [INFO] app.core.extractor - Invoice extraction completed: {'cliente': 'MUNICIPIODEFLEXEIRAS', 'uc': '520.367.008-46', 'medidor': '17020132663', 'local_unidade': 'ILUMINAÇÃOPUBLICA-CIRCUITOEXCLUS, R. DOMOTORISTA, S/N, IP', 'conta_mes': '05/2026', 'vencimento': '2026-06-23', 'classificacao': 'ILUMINAÇÃOPÚBLICA', 'subclasse': 'ADMINISTRACAOPUBLICAEMGERAL-ILUMINACAOPUBLICA', 'tipo_fornecimento': 'MONOFÁSICO', 'leitura_anterior': 16404, 'leitura_atual': 16760, 'consumo_kwh': 356.0, 'total_pagar': 226.69}
2026-08-02 17:07:57,371 [INFO] app.core.normalizer - UC normalizada com sucesso: '395.907.008-01'
2026-08-02 17:07:57,372 [INFO] app.core.extractor - Invoice extraction completed: {'cliente': 'MUNICIPIODEFLEXEIRAS', 'uc': '395.907.008-01', 'medidor': '37030210183', 'local_unidade': 'PRACAMULTIEVENTOS AVROSITACALHEIROS, S/N,', 'conta_mes': '05/2026', 'vencimento': '2026-06-23', 'classificacao': 'ILUMINAÇÃOPÚBLICA', 'subclasse': 'ADMINISTRACAOPUBLICAEMGERAL-ILUMINACAOPUBLICA', 'tipo_fornecimento': 'TRIFÁSICO', 'leitura_anterior': 32307, 'leitura_atual': 33755, 'consumo_kwh': 1448.0, 'total_pagar': 871.2}
2026-08-02 17:07:57,372 [INFO] app.core.normalizer - UC normalizada com sucesso: '601.699.008-97'
2026-08-02 17:07:57,373 [INFO] app.core.extractor - Invoice extraction completed: {'cliente': 'MUNICIPIODEFLEXEIRAS', 'uc': '601.699.008-97', 'medidor': '13040260166', 'local_unidade': 'ip, R. JOSEGOMESDELIMA, S/N,', 'conta_mes': '05/2026', 'vencimento': '2026-06-23', 'classificacao': 'ILUMINAÇÃOPÚBLICA', 'subclasse': 'ADMINISTRACAOPUBLICAEMGERAL-ILUMINACAOPUBLICA', 'tipo_fornecimento': 'MONOFÁSICO', 'leitura_anterior': 5796, 'leitura_atual': 6001, 'consumo_kwh': 205.0, 'total_pagar': 123.33}
2026-08-02 17:07:57,373 [INFO] app.core.normalizer - UC normalizada com sucesso: '519.021.008-71'
2026-08-02 17:07:57,374 [INFO] app.core.extractor - Invoice extraction completed: {'cliente': 'MUNICIPIODEFLEXEIRAS', 'uc': '519.021.008-71', 'medidor': '17020755091', 'local_unidade': "IPMIRANTEDACAIXAD'AGUA CJNOVAFLEXEIRAS, S/N, MIRANTEDACAIXADAGUA", 'conta_mes': '05/2026', 'vencimento': '2026-06-23', 'classificacao': 'ILUMINAÇÃOPÚBLICA', 'subclasse': 'ADMINISTRACAOPUBLICAEMGERAL-ILUMINACAOPUBLICA', 'tipo_fornecimento': 'MONOFÁSICO', 'leitura_anterior': 3281, 'leitura_atual': 3903, 'consumo_kwh': 622.0, 'total_pagar': 366.09}
2026-08-02 17:07:57,374 [INFO] app.core.normalizer - UC normalizada com sucesso: '521.854.008-13'
2026-08-02 17:07:57,375 [INFO] app.core.extractor - Invoice extraction completed: {'cliente': 'MUNICIPIODEFLEXEIRAS', 'uc': '521.854.008-13', 'medidor': '17020234083', 'local_unidade': 'IP, R. MANOELFRANCISCODIAS, S/N,', 'conta_mes': '05/2026', 'vencimento': '2026-06-23', 'classificacao': 'ILUMINAÇÃOPÚBLICA', 'subclasse': 'ADMINISTRACAOPUBLICAEMGERAL-ILUMINACAOPUBLICA', 'tipo_fornecimento': 'MONOFÁSICO', 'leitura_anterior': 12088, 'leitura_atual': 12424, 'consumo_kwh': 336.0, 'total_pagar': 202.14}
2026-08-02 17:07:57,375 [INFO] app.core.normalizer - UC normalizada com sucesso: '650.695.008-35'
2026-08-02 17:07:57,377 [INFO] app.core.extractor - Invoice extraction completed: {'cliente': 'MUNICIPIODEFLEXEIRAS', 'uc': '650.695.008-35', 'medidor': '36030410399', 'local_unidade': 'Emporio AVROSITACALHEIROS, S/N,', 'conta_mes': '05/2026', 'vencimento': '2026-06-23', 'classificacao': 'ILUMINAÇÃOPÚBLICA', 'subclasse': 'ADMINISTRACAOPUBLICAEMGERAL-ILUMINACAOPUBLICA', 'tipo_fornecimento': 'TRIFÁSICO', 'leitura_anterior': 31682, 'leitura_atual': 34923, 'consumo_kwh': 3241.0, 'total_pagar': 1950.01}
2026-08-02 17:07:57,378 [INFO] app.core.normalizer - UC normalizada com sucesso: '473.773.008-70'
2026-08-02 17:07:57,379 [INFO] app.core.extractor - Invoice extraction completed: {'cliente': 'MUNICIPIODEFLEXEIRAS', 'uc': '473.773.008-70', 'medidor': '16012105308', 'local_unidade': 'IL. PUBLICACALCADAOCENTRO, R. CELALCANTARA, S/N,', 'conta_mes': '05/2026', 'vencimento': '2026-06-23', 'classificacao': 'ILUMINAÇÃOPÚBLICA', 'subclasse': 'ADMINISTRACAOPUBLICAEMGERAL-ILUMINACAOPUBLICA', 'tipo_fornecimento': 'MONOFÁSICO', 'leitura_anterior': 14409, 'leitura_atual': 14745, 'consumo_kwh': 336.0, 'total_pagar': 202.14}
2026-08-02 17:07:57,379 [INFO] app.core.normalizer - UC normalizada com sucesso: '461.662.008-44'
2026-08-02 17:07:57,381 [INFO] app.core.extractor - Invoice extraction completed: {'cliente': 'MUNICIPIODEFLEXEIRAS', 'uc': '461.662.008-44', 'medidor': '16012044813', 'local_unidade': 'PRACACJNOVAFLEXEIRASII CJNOVAFLEXEIRASII, S/N,', 'conta_mes': '05/2026', 'vencimento': '2026-06-23', 'classificacao': 'ILUMINAÇÃOPÚBLICA', 'subclasse': 'ADMINISTRACAOPUBLICAEMGERAL-ILUMINACAOPUBLICA', 'tipo_fornecimento': 'MONOFÁSICO', 'leitura_anterior': 33633, 'leitura_atual': 34339, 'consumo_kwh': 706.0, 'total_pagar': 437.27}
2026-08-02 17:07:57,381 [INFO] app.core.normalizer - UC normalizada com sucesso: '205.627.008-79'
2026-08-02 17:07:57,382 [INFO] app.core.extractor - Invoice extraction completed: {'cliente': 'MUNICIPIODEFLEXEIRAS', 'uc': '205.627.008-79', 'medidor': 'N/A', 'local_unidade': 'ILUMINACAOPUBLICA, R. CELALCANTARA, S/N,', 'conta_mes': '05/2026', 'vencimento': '2026-06-23', 'classificacao': 'ILUMINAÇÃOPÚBLICA', 'subclasse': 'ADMINISTRACAOPUBLICAEMGERAL-ILUMINACAOPUBLICA', 'tipo_fornecimento': 'MONOFÁSICO', 'leitura_anterior': 0, 'leitura_atual': 0, 'consumo_kwh': 0.0, 'total_pagar': 26195.4}
2026-08-02 17:07:57,383 [INFO] app.core.normalizer - UC normalizada com sucesso: '281.609.008-09'
2026-08-02 17:07:57,384 [INFO] app.core.extractor - Invoice extraction completed: {'cliente': 'MUNICIPIODEFLEXEIRAS', 'uc': '281.609.008-09', 'medidor': 'E3252034', 'local_unidade': 'PRACAPREFJOSECAMILODOSSAN, R. CELALCANTARA, S/N,', 'conta_mes': '05/2026', 'vencimento': '2026-06-23', 'classificacao': 'ILUMINAÇÃOPÚBLICA', 'subclasse': 'ADMINISTRACAOPUBLICAEMGERAL-ILUMINACAOPUBLICA', 'tipo_fornecimento': 'TRIFÁSICO', 'leitura_anterior': 8982, 'leitura_atual': 9288, 'consumo_kwh': 306.0, 'total_pagar': 184.09}
2026-08-02 17:07:57,385 [INFO] app.core.normalizer - UC normalizada com sucesso: '523.003.008-62'
2026-08-02 17:07:57,386 [INFO] app.core.extractor - Invoice extraction completed: {'cliente': 'MUNICIPIODEFLEXEIRAS', 'uc': '523.003.008-62', 'medidor': '17020234059', 'local_unidade': 'IP-MIRANTENOVAFLEXEIRAS CJNOVAFLEXEIRASII, S/N,', 'conta_mes': '05/2026', 'vencimento': '2026-06-23', 'classificacao': 'ILUMINAÇÃOPÚBLICA', 'subclasse': 'ADMINISTRACAOPUBLICAEMGERAL-ILUMINACAOPUBLICA', 'tipo_fornecimento': 'MONOFÁSICO', 'leitura_anterior': 11982, 'leitura_atual': 12156, 'consumo_kwh': 174.0, 'total_pagar': 117.18}
2026-08-02 17:07:57,387 [INFO] app.core.normalizer - UC normalizada com sucesso: '489.486.008-41'
2026-08-02 17:07:57,388 [INFO] app.core.extractor - Invoice extraction completed: {'cliente': 'MUNICIPIODEFLEXEIRAS', 'uc': '489.486.008-41', 'medidor': '16012150052', 'local_unidade': 'ILPÚBLICAPRAÇAPADRECÍCERO, R. STOANTONIO, S/N,', 'conta_mes': '05/2026', 'vencimento': '2026-06-23', 'classificacao': 'ILUMINAÇÃOPÚBLICA', 'subclasse': 'ADMINISTRACAOPUBLICAEMGERAL-ILUMINACAOPUBLICA', 'tipo_fornecimento': 'MONOFÁSICO', 'leitura_anterior': 11966, 'leitura_atual': 12191, 'consumo_kwh': 225.0, 'total_pagar': 135.34}
2026-08-02 17:07:57,388 [INFO] app.core.normalizer - UC normalizada com sucesso: '679.501.008-41'
2026-08-02 17:07:57,389 [INFO] app.core.extractor - Invoice extraction completed: {'cliente': 'MUNICIPIODEFLEXEIRAS', 'uc': '679.501.008-41', 'medidor': '17052226279', 'local_unidade': 'IPCOPADASARVORES, R. CELALCANTARA, S/N, ILUMINACAODACOPADASAVORES', 'conta_mes': '05/2026', 'vencimento': '2026-06-23', 'classificacao': 'ILUMINAÇÃOPÚBLICA', 'subclasse': 'ADMINISTRACAOPUBLICAEMGERAL-ILUMINACAOPUBLICA', 'tipo_fornecimento': 'MONOFÁSICO', 'leitura_anterior': 585, 'leitura_atual': 647, 'consumo_kwh': 62.0, 'total_pagar': 37.3}
2026-08-02 17:07:57,389 [INFO] app.core.normalizer - UC normalizada com sucesso: '601.693.008-44'
2026-08-02 17:07:57,390 [INFO] app.core.extractor - Invoice extraction completed: {'cliente': 'MUNICIPIODEFLEXEIRAS', 'uc': '601.693.008-44', 'medidor': '13040260190', 'local_unidade': 'IP, R. POETAJOAODEDEUS, S/N,', 'conta_mes': '05/2026', 'vencimento': '2026-06-23', 'classificacao': 'ILUMINAÇÃOPÚBLICA', 'subclasse': 'ADMINISTRACAOPUBLICAEMGERAL-ILUMINACAOPUBLICA', 'tipo_fornecimento': 'MONOFÁSICO', 'leitura_anterior': 4433, 'leitura_atual': 4543, 'consumo_kwh': 110.0, 'total_pagar': 66.17}
2026-08-02 17:07:57,391 [INFO] werkzeug - 127.0.0.1 - - [02/Aug/2026 17:07:57] "POST /api/process HTTP/1.1" 200 -
2026-08-02 17:08:31,739 [INFO] werkzeug - 127.0.0.1 - - [02/Aug/2026 17:08:31] "GET /?utm_source=chatgpt.com HTTP/1.1" 200 -
2026-08-02 17:08:31,755 [INFO] werkzeug - 127.0.0.1 - - [02/Aug/2026 17:08:31] "[36mGET /static/js/app.js HTTP/1.1[0m" 304 -
2026-08-02 17:08:31,756 [INFO] werkzeug - 127.0.0.1 - - [02/Aug/2026 17:08:31] "[36mGET /static/css/style.css HTTP/1.1[0m" 304 -
2026-08-02 17:08:39,712 [INFO] app.server - Arquivo salvo temporariamente: pdf_fatura.pdf
2026-08-02 17:08:39,713 [INFO] werkzeug - 127.0.0.1 - - [02/Aug/2026 17:08:39] "POST /api/upload HTTP/1.1" 200 -
2026-08-02 17:08:39,810 [INFO] app.core.pdf_reader - Texto extraído da página 1
2026-08-02 17:08:39,894 [INFO] app.core.pdf_reader - Texto extraído da página 2
2026-08-02 17:08:39,972 [INFO] app.core.pdf_reader - Texto extraído da página 3
2026-08-02 17:08:40,042 [INFO] app.core.pdf_reader - Texto extraído da página 4
2026-08-02 17:08:40,117 [INFO] app.core.pdf_reader - Texto extraído da página 5
2026-08-02 17:08:40,316 [INFO] app.core.pdf_reader - Texto extraído da página 6
2026-08-02 17:08:40,397 [INFO] app.core.pdf_reader - Texto extraído da página 7
2026-08-02 17:08:40,466 [INFO] app.core.pdf_reader - Texto extraído da página 8
2026-08-02 17:08:40,531 [INFO] app.core.pdf_reader - Texto extraído da página 9
2026-08-02 17:08:40,605 [INFO] app.core.pdf_reader - Texto extraído da página 10
2026-08-02 17:08:40,681 [INFO] app.core.pdf_reader - Texto extraído da página 11
2026-08-02 17:08:40,751 [INFO] app.core.pdf_reader - Texto extraído da página 12
2026-08-02 17:08:40,813 [INFO] app.core.pdf_reader - Texto extraído da página 13
2026-08-02 17:08:40,891 [INFO] app.core.pdf_reader - Texto extraído da página 14
2026-08-02 17:08:40,955 [INFO] app.core.pdf_reader - Texto extraído da página 15
2026-08-02 17:08:40,956 [INFO] app.core.normalizer - UC normalizada com sucesso: '522.046.008-04'
2026-08-02 17:08:40,956 [INFO] app.core.extractor - Invoice extraction completed: {'cliente': 'MUNICIPIODEFLEXEIRAS', 'uc': '522.046.008-04', 'medidor': '17020234040', 'local_unidade': 'IP, R. PROFMARIAISABELCOSTASOUZA, S/N,', 'conta_mes': '05/2026', 'vencimento': '2026-06-23', 'classificacao': 'ILUMINAÇÃOPÚBLICA', 'subclasse': 'ADMINISTRACAOPUBLICAEMGERAL-ILUMINACAOPUBLICA', 'tipo_fornecimento': 'MONOFÁSICO', 'leitura_anterior': 7279, 'leitura_atual': 7435, 'consumo_kwh': 156.0, 'total_pagar': 93.85}
2026-08-02 17:08:40,957 [INFO] app.core.normalizer - UC normalizada com sucesso: '520.367.008-46'
2026-08-02 17:08:40,957 [INFO] app.core.extractor - Invoice extraction completed: {'cliente': 'MUNICIPIODEFLEXEIRAS', 'uc': '520.367.008-46', 'medidor': '17020132663', 'local_unidade': 'ILUMINAÇÃOPUBLICA-CIRCUITOEXCLUS, R. DOMOTORISTA, S/N, IP', 'conta_mes': '05/2026', 'vencimento': '2026-06-23', 'classificacao': 'ILUMINAÇÃOPÚBLICA', 'subclasse': 'ADMINISTRACAOPUBLICAEMGERAL-ILUMINACAOPUBLICA', 'tipo_fornecimento': 'MONOFÁSICO', 'leitura_anterior': 16404, 'leitura_atual': 16760, 'consumo_kwh': 356.0, 'total_pagar': 226.69}
2026-08-02 17:08:40,958 [INFO] app.core.normalizer - UC normalizada com sucesso: '395.907.008-01'
2026-08-02 17:08:40,959 [INFO] app.core.extractor - Invoice extraction completed: {'cliente': 'MUNICIPIODEFLEXEIRAS', 'uc': '395.907.008-01', 'medidor': '37030210183', 'local_unidade': 'PRACAMULTIEVENTOS AVROSITACALHEIROS, S/N,', 'conta_mes': '05/2026', 'vencimento': '2026-06-23', 'classificacao': 'ILUMINAÇÃOPÚBLICA', 'subclasse': 'ADMINISTRACAOPUBLICAEMGERAL-ILUMINACAOPUBLICA', 'tipo_fornecimento': 'TRIFÁSICO', 'leitura_anterior': 32307, 'leitura_atual': 33755, 'consumo_kwh': 1448.0, 'total_pagar': 871.2}
2026-08-02 17:08:40,960 [INFO] app.core.normalizer - UC normalizada com sucesso: '601.699.008-97'
2026-08-02 17:08:40,961 [INFO] app.core.extractor - Invoice extraction completed: {'cliente': 'MUNICIPIODEFLEXEIRAS', 'uc': '601.699.008-97', 'medidor': '13040260166', 'local_unidade': 'ip, R. JOSEGOMESDELIMA, S/N,', 'conta_mes': '05/2026', 'vencimento': '2026-06-23', 'classificacao': 'ILUMINAÇÃOPÚBLICA', 'subclasse': 'ADMINISTRACAOPUBLICAEMGERAL-ILUMINACAOPUBLICA', 'tipo_fornecimento': 'MONOFÁSICO', 'leitura_anterior': 5796, 'leitura_atual': 6001, 'consumo_kwh': 205.0, 'total_pagar': 123.33}
2026-08-02 17:08:40,961 [INFO] app.core.normalizer - UC normalizada com sucesso: '519.021.008-71'
2026-08-02 17:08:40,962 [INFO] app.core.extractor - Invoice extraction completed: {'cliente': 'MUNICIPIODEFLEXEIRAS', 'uc': '519.021.008-71', 'medidor': '17020755091', 'local_unidade': "IPMIRANTEDACAIXAD'AGUA CJNOVAFLEXEIRAS, S/N, MIRANTEDACAIXADAGUA", 'conta_mes': '05/2026', 'vencimento': '2026-06-23', 'classificacao': 'ILUMINAÇÃOPÚBLICA', 'subclasse': 'ADMINISTRACAOPUBLICAEMGERAL-ILUMINACAOPUBLICA', 'tipo_fornecimento': 'MONOFÁSICO', 'leitura_anterior': 3281, 'leitura_atual': 3903, 'consumo_kwh': 622.0, 'total_pagar': 366.09}
2026-08-02 17:08:40,962 [INFO] app.core.normalizer - UC normalizada com sucesso: '521.854.008-13'
2026-08-02 17:08:40,963 [INFO] app.core.extractor - Invoice extraction completed: {'cliente': 'MUNICIPIODEFLEXEIRAS', 'uc': '521.854.008-13', 'medidor': '17020234083', 'local_unidade': 'IP, R. MANOELFRANCISCODIAS, S/N,', 'conta_mes': '05/2026', 'vencimento': '2026-06-23', 'classificacao': 'ILUMINAÇÃOPÚBLICA', 'subclasse': 'ADMINISTRACAOPUBLICAEMGERAL-ILUMINACAOPUBLICA', 'tipo_fornecimento': 'MONOFÁSICO', 'leitura_anterior': 12088, 'leitura_atual': 12424, 'consumo_kwh': 336.0, 'total_pagar': 202.14}
2026-08-02 17:08:40,963 [INFO] app.core.normalizer - UC normalizada com sucesso: '650.695.008-35'
2026-08-02 17:08:40,964 [INFO] app.core.extractor - Invoice extraction completed: {'cliente': 'MUNICIPIODEFLEXEIRAS', 'uc': '650.695.008-35', 'medidor': '36030410399', 'local_unidade': 'Emporio AVROSITACALHEIROS, S/N,', 'conta_mes': '05/2026', 'vencimento': '2026-06-23', 'classificacao': 'ILUMINAÇÃOPÚBLICA', 'subclasse': 'ADMINISTRACAOPUBLICAEMGERAL-ILUMINACAOPUBLICA', 'tipo_fornecimento': 'TRIFÁSICO', 'leitura_anterior': 31682, 'leitura_atual': 34923, 'consumo_kwh': 3241.0, 'total_pagar': 1950.01}
2026-08-02 17:08:40,965 [INFO] app.core.normalizer - UC normalizada com sucesso: '473.773.008-70'
2026-08-02 17:08:40,966 [INFO] app.core.extractor - Invoice extraction completed: {'cliente': 'MUNICIPIODEFLEXEIRAS', 'uc': '473.773.008-70', 'medidor': '16012105308', 'local_unidade': 'IL. PUBLICACALCADAOCENTRO, R. CELALCANTARA, S/N,', 'conta_mes': '05/2026', 'vencimento': '2026-06-23', 'classificacao': 'ILUMINAÇÃOPÚBLICA', 'subclasse': 'ADMINISTRACAOPUBLICAEMGERAL-ILUMINACAOPUBLICA', 'tipo_fornecimento': 'MONOFÁSICO', 'leitura_anterior': 14409, 'leitura_atual': 14745, 'consumo_kwh': 336.0, 'total_pagar': 202.14}
2026-08-02 17:08:40,966 [INFO] app.core.normalizer - UC normalizada com sucesso: '461.662.008-44'
2026-08-02 17:08:40,967 [INFO] app.core.extractor - Invoice extraction completed: {'cliente': 'MUNICIPIODEFLEXEIRAS', 'uc': '461.662.008-44', 'medidor': '16012044813', 'local_unidade': 'PRACACJNOVAFLEXEIRASII CJNOVAFLEXEIRASII, S/N,', 'conta_mes': '05/2026', 'vencimento': '2026-06-23', 'classificacao': 'ILUMINAÇÃOPÚBLICA', 'subclasse': 'ADMINISTRACAOPUBLICAEMGERAL-ILUMINACAOPUBLICA', 'tipo_fornecimento': 'MONOFÁSICO', 'leitura_anterior': 33633, 'leitura_atual': 34339, 'consumo_kwh': 706.0, 'total_pagar': 437.27}
2026-08-02 17:08:40,968 [INFO] app.core.normalizer - UC normalizada com sucesso: '205.627.008-79'
2026-08-02 17:08:40,969 [INFO] app.core.extractor - Invoice extraction completed: {'cliente': 'MUNICIPIODEFLEXEIRAS', 'uc': '205.627.008-79', 'medidor': 'N/A', 'local_unidade': 'ILUMINACAOPUBLICA, R. CELALCANTARA, S/N,', 'conta_mes': '05/2026', 'vencimento': '2026-06-23', 'classificacao': 'ILUMINAÇÃOPÚBLICA', 'subclasse': 'ADMINISTRACAOPUBLICAEMGERAL-ILUMINACAOPUBLICA', 'tipo_fornecimento': 'MONOFÁSICO', 'leitura_anterior': 0, 'leitura_atual': 0, 'consumo_kwh': 0.0, 'total_pagar': 26195.4}
2026-08-02 17:08:40,969 [INFO] app.core.normalizer - UC normalizada com sucesso: '281.609.008-09'
2026-08-02 17:08:40,970 [INFO] app.core.extractor - Invoice extraction completed: {'cliente': 'MUNICIPIODEFLEXEIRAS', 'uc': '281.609.008-09', 'medidor': 'E3252034', 'local_unidade': 'PRACAPREFJOSECAMILODOSSAN, R. CELALCANTARA, S/N,', 'conta_mes': '05/2026', 'vencimento': '2026-06-23', 'classificacao': 'ILUMINAÇÃOPÚBLICA', 'subclasse': 'ADMINISTRACAOPUBLICAEMGERAL-ILUMINACAOPUBLICA', 'tipo_fornecimento': 'TRIFÁSICO', 'leitura_anterior': 8982, 'leitura_atual': 9288, 'consumo_kwh': 306.0, 'total_pagar': 184.09}
2026-08-02 17:08:40,970 [INFO] app.core.normalizer - UC normalizada com sucesso: '523.003.008-62'
2026-08-02 17:08:40,971 [INFO] app.core.extractor - Invoice extraction completed: {'cliente': 'MUNICIPIODEFLEXEIRAS', 'uc': '523.003.008-62', 'medidor': '17020234059', 'local_unidade': 'IP-MIRANTENOVAFLEXEIRAS CJNOVAFLEXEIRASII, S/N,', 'conta_mes': '05/2026', 'vencimento': '2026-06-23', 'classificacao': 'ILUMINAÇÃOPÚBLICA', 'subclasse': 'ADMINISTRACAOPUBLICAEMGERAL-ILUMINACAOPUBLICA', 'tipo_fornecimento': 'MONOFÁSICO', 'leitura_anterior': 11982, 'leitura_atual': 12156, 'consumo_kwh': 174.0, 'total_pagar': 117.18}
2026-08-02 17:08:40,971 [INFO] app.core.normalizer - UC normalizada com sucesso: '489.486.008-41'
2026-08-02 17:08:40,972 [INFO] app.core.extractor - Invoice extraction completed: {'cliente': 'MUNICIPIODEFLEXEIRAS', 'uc': '489.486.008-41', 'medidor': '16012150052', 'local_unidade': 'ILPÚBLICAPRAÇAPADRECÍCERO, R. STOANTONIO, S/N,', 'conta_mes': '05/2026', 'vencimento': '2026-06-23', 'classificacao': 'ILUMINAÇÃOPÚBLICA', 'subclasse': 'ADMINISTRACAOPUBLICAEMGERAL-ILUMINACAOPUBLICA', 'tipo_fornecimento': 'MONOFÁSICO', 'leitura_anterior': 11966, 'leitura_atual': 12191, 'consumo_kwh': 225.0, 'total_pagar': 135.34}
2026-08-02 17:08:40,972 [INFO] app.core.normalizer - UC normalizada com sucesso: '679.501.008-41'
2026-08-02 17:08:40,973 [INFO] app.core.extractor - Invoice extraction completed: {'cliente': 'MUNICIPIODEFLEXEIRAS', 'uc': '679.501.008-41', 'medidor': '17052226279', 'local_unidade': 'IPCOPADASARVORES, R. CELALCANTARA, S/N, ILUMINACAODACOPADASAVORES', 'conta_mes': '05/2026', 'vencimento': '2026-06-23', 'classificacao': 'ILUMINAÇÃOPÚBLICA', 'subclasse': 'ADMINISTRACAOPUBLICAEMGERAL-ILUMINACAOPUBLICA', 'tipo_fornecimento': 'MONOFÁSICO', 'leitura_anterior': 585, 'leitura_atual': 647, 'consumo_kwh': 62.0, 'total_pagar': 37.3}
2026-08-02 17:08:40,973 [INFO] app.core.normalizer - UC normalizada com sucesso: '601.693.008-44'
2026-08-02 17:08:40,974 [INFO] app.core.extractor - Invoice extraction completed: {'cliente': 'MUNICIPIODEFLEXEIRAS', 'uc': '601.693.008-44', 'medidor': '13040260190', 'local_unidade': 'IP, R. POETAJOAODEDEUS, S/N,', 'conta_mes': '05/2026', 'vencimento': '2026-06-23', 'classificacao': 'ILUMINAÇÃOPÚBLICA', 'subclasse': 'ADMINISTRACAOPUBLICAEMGERAL-ILUMINACAOPUBLICA', 'tipo_fornecimento': 'MONOFÁSICO', 'leitura_anterior': 4433, 'leitura_atual': 4543, 'consumo_kwh': 110.0, 'total_pagar': 66.17}
2026-08-02 17:08:40,974 [INFO] werkzeug - 127.0.0.1 - - [02/Aug/2026 17:08:40] "POST /api/process HTTP/1.1" 200 -
2026-08-02 20:17:56,268 [INFO] app.server - Arquivo salvo temporariamente: pdf_fatura.pdf
2026-08-02 20:17:56,270 [INFO] werkzeug - 127.0.0.1 - - [02/Aug/2026 20:17:56] "POST /api/upload HTTP/1.1" 200 -
2026-08-02 20:17:56,381 [INFO] app.core.pdf_reader - Texto extraído da página 1
2026-08-02 20:17:56,467 [INFO] app.core.pdf_reader - Texto extraído da página 2
2026-08-02 20:17:56,547 [INFO] app.core.pdf_reader - Texto extraído da página 3
2026-08-02 20:17:56,624 [INFO] app.core.pdf_reader - Texto extraído da página 4
2026-08-02 20:17:56,819 [INFO] app.core.pdf_reader - Texto extraído da página 5
2026-08-02 20:17:56,896 [INFO] app.core.pdf_reader - Texto extraído da página 6
2026-08-02 20:17:56,981 [INFO] app.core.pdf_reader - Texto extraído da página 7
2026-08-02 20:17:57,060 [INFO] app.core.pdf_reader - Texto extraído da página 8
2026-08-02 20:17:57,134 [INFO] app.core.pdf_reader - Texto extraído da página 9
2026-08-02 20:17:57,202 [INFO] app.core.pdf_reader - Texto extraído da página 10
2026-08-02 20:17:57,283 [INFO] app.core.pdf_reader - Texto extraído da página 11
2026-08-02 20:17:57,361 [INFO] app.core.pdf_reader - Texto extraído da página 12
2026-08-02 20:17:57,446 [INFO] app.core.pdf_reader - Texto extraído da página 13
2026-08-02 20:17:57,526 [INFO] app.core.pdf_reader - Texto extraído da página 14
2026-08-02 20:17:57,616 [INFO] app.core.pdf_reader - Texto extraído da página 15
2026-08-02 20:17:57,617 [INFO] app.core.normalizer - UC normalizada com sucesso: '522.046.008-04'
2026-08-02 20:17:57,617 [INFO] app.core.extractor - Invoice extraction completed: {'cliente': 'MUNICIPIODEFLEXEIRAS', 'uc': '522.046.008-04', 'medidor': '17020234040', 'local_unidade': 'IP, R. PROFMARIAISABELCOSTASOUZA, S/N,', 'conta_mes': '05/2026', 'vencimento': '2026-06-23', 'classificacao': 'ILUMINAÇÃOPÚBLICA', 'subclasse': 'ADMINISTRACAOPUBLICAEMGERAL-ILUMINACAOPUBLICA', 'tipo_fornecimento': 'MONOFÁSICO', 'leitura_anterior': 7279, 'leitura_atual': 7435, 'consumo_kwh': 156.0, 'total_pagar': 93.85}
2026-08-02 20:17:57,618 [INFO] app.core.normalizer - UC normalizada com sucesso: '520.367.008-46'
2026-08-02 20:17:57,619 [INFO] app.core.extractor - Invoice extraction completed: {'cliente': 'MUNICIPIODEFLEXEIRAS', 'uc': '520.367.008-46', 'medidor': '17020132663', 'local_unidade': 'ILUMINAÇÃOPUBLICA-CIRCUITOEXCLUS, R. DOMOTORISTA, S/N, IP', 'conta_mes': '05/2026', 'vencimento': '2026-06-23', 'classificacao': 'ILUMINAÇÃOPÚBLICA', 'subclasse': 'ADMINISTRACAOPUBLICAEMGERAL-ILUMINACAOPUBLICA', 'tipo_fornecimento': 'MONOFÁSICO', 'leitura_anterior': 16404, 'leitura_atual': 16760, 'consumo_kwh': 356.0, 'total_pagar': 226.69}
2026-08-02 20:17:57,619 [INFO] app.core.normalizer - UC normalizada com sucesso: '395.907.008-01'
2026-08-02 20:17:57,621 [INFO] app.core.extractor - Invoice extraction completed: {'cliente': 'MUNICIPIODEFLEXEIRAS', 'uc': '395.907.008-01', 'medidor': '37030210183', 'local_unidade': 'PRACAMULTIEVENTOS AVROSITACALHEIROS, S/N,', 'conta_mes': '05/2026', 'vencimento': '2026-06-23', 'classificacao': 'ILUMINAÇÃOPÚBLICA', 'subclasse': 'ADMINISTRACAOPUBLICAEMGERAL-ILUMINACAOPUBLICA', 'tipo_fornecimento': 'TRIFÁSICO', 'leitura_anterior': 32307, 'leitura_atual': 33755, 'consumo_kwh': 1448.0, 'total_pagar': 871.2}
2026-08-02 20:17:57,621 [INFO] app.core.normalizer - UC normalizada com sucesso: '601.699.008-97'
2026-08-02 20:17:57,622 [INFO] app.core.extractor - Invoice extraction completed: {'cliente': 'MUNICIPIODEFLEXEIRAS', 'uc': '601.699.008-97', 'medidor': '13040260166', 'local_unidade': 'ip, R. JOSEGOMESDELIMA, S/N,', 'conta_mes': '05/2026', 'vencimento': '2026-06-23', 'classificacao': 'ILUMINAÇÃOPÚBLICA', 'subclasse': 'ADMINISTRACAOPUBLICAEMGERAL-ILUMINACAOPUBLICA', 'tipo_fornecimento': 'MONOFÁSICO', 'leitura_anterior': 5796, 'leitura_atual': 6001, 'consumo_kwh': 205.0, 'total_pagar': 123.33}
2026-08-02 20:17:57,623 [INFO] app.core.normalizer - UC normalizada com sucesso: '519.021.008-71'
2026-08-02 20:17:57,624 [INFO] app.core.extractor - Invoice extraction completed: {'cliente': 'MUNICIPIODEFLEXEIRAS', 'uc': '519.021.008-71', 'medidor': '17020755091', 'local_unidade': "IPMIRANTEDACAIXAD'AGUA CJNOVAFLEXEIRAS, S/N, MIRANTEDACAIXADAGUA", 'conta_mes': '05/2026', 'vencimento': '2026-06-23', 'classificacao': 'ILUMINAÇÃOPÚBLICA', 'subclasse': 'ADMINISTRACAOPUBLICAEMGERAL-ILUMINACAOPUBLICA', 'tipo_fornecimento': 'MONOFÁSICO', 'leitura_anterior': 3281, 'leitura_atual': 3903, 'consumo_kwh': 622.0, 'total_pagar': 366.09}
2026-08-02 20:17:57,625 [INFO] app.core.normalizer - UC normalizada com sucesso: '521.854.008-13'
2026-08-02 20:17:57,625 [INFO] app.core.extractor - Invoice extraction completed: {'cliente': 'MUNICIPIODEFLEXEIRAS', 'uc': '521.854.008-13', 'medidor': '17020234083', 'local_unidade': 'IP, R. MANOELFRANCISCODIAS, S/N,', 'conta_mes': '05/2026', 'vencimento': '2026-06-23', 'classificacao': 'ILUMINAÇÃOPÚBLICA', 'subclasse': 'ADMINISTRACAOPUBLICAEMGERAL-ILUMINACAOPUBLICA', 'tipo_fornecimento': 'MONOFÁSICO', 'leitura_anterior': 12088, 'leitura_atual': 12424, 'consumo_kwh': 336.0, 'total_pagar': 202.14}
2026-08-02 20:17:57,626 [INFO] app.core.normalizer - UC normalizada com sucesso: '650.695.008-35'
2026-08-02 20:17:57,628 [INFO] app.core.extractor - Invoice extraction completed: {'cliente': 'MUNICIPIODEFLEXEIRAS', 'uc': '650.695.008-35', 'medidor': '36030410399', 'local_unidade': 'Emporio AVROSITACALHEIROS, S/N,', 'conta_mes': '05/2026', 'vencimento': '2026-06-23', 'classificacao': 'ILUMINAÇÃOPÚBLICA', 'subclasse': 'ADMINISTRACAOPUBLICAEMGERAL-ILUMINACAOPUBLICA', 'tipo_fornecimento': 'TRIFÁSICO', 'leitura_anterior': 31682, 'leitura_atual': 34923, 'consumo_kwh': 3241.0, 'total_pagar': 1950.01}
2026-08-02 20:17:57,628 [INFO] app.core.normalizer - UC normalizada com sucesso: '473.773.008-70'
2026-08-02 20:17:57,630 [INFO] app.core.extractor - Invoice extraction completed: {'cliente': 'MUNICIPIODEFLEXEIRAS', 'uc': '473.773.008-70', 'medidor': '16012105308', 'local_unidade': 'IL. PUBLICACALCADAOCENTRO, R. CELALCANTARA, S/N,', 'conta_mes': '05/2026', 'vencimento': '2026-06-23', 'classificacao': 'ILUMINAÇÃOPÚBLICA', 'subclasse': 'ADMINISTRACAOPUBLICAEMGERAL-ILUMINACAOPUBLICA', 'tipo_fornecimento': 'MONOFÁSICO', 'leitura_anterior': 14409, 'leitura_atual': 14745, 'consumo_kwh': 336.0, 'total_pagar': 202.14}
2026-08-02 20:17:57,630 [INFO] app.core.normalizer - UC normalizada com sucesso: '461.662.008-44'
2026-08-02 20:17:57,632 [INFO] app.core.extractor - Invoice extraction completed: {'cliente': 'MUNICIPIODEFLEXEIRAS', 'uc': '461.662.008-44', 'medidor': '16012044813', 'local_unidade': 'PRACACJNOVAFLEXEIRASII CJNOVAFLEXEIRASII, S/N,', 'conta_mes': '05/2026', 'vencimento': '2026-06-23', 'classificacao': 'ILUMINAÇÃOPÚBLICA', 'subclasse': 'ADMINISTRACAOPUBLICAEMGERAL-ILUMINACAOPUBLICA', 'tipo_fornecimento': 'MONOFÁSICO', 'leitura_anterior': 33633, 'leitura_atual': 34339, 'consumo_kwh': 706.0, 'total_pagar': 437.27}
2026-08-02 20:17:57,632 [INFO] app.core.normalizer - UC normalizada com sucesso: '205.627.008-79'
2026-08-02 20:17:57,633 [INFO] app.core.extractor - Invoice extraction completed: {'cliente': 'MUNICIPIODEFLEXEIRAS', 'uc': '205.627.008-79', 'medidor': 'N/A', 'local_unidade': 'ILUMINACAOPUBLICA, R. CELALCANTARA, S/N,', 'conta_mes': '05/2026', 'vencimento': '2026-06-23', 'classificacao': 'ILUMINAÇÃOPÚBLICA', 'subclasse': 'ADMINISTRACAOPUBLICAEMGERAL-ILUMINACAOPUBLICA', 'tipo_fornecimento': 'MONOFÁSICO', 'leitura_anterior': 0, 'leitura_atual': 0, 'consumo_kwh': 0.0, 'total_pagar': 26195.4}
2026-08-02 20:17:57,634 [INFO] app.core.normalizer - UC normalizada com sucesso: '281.609.008-09'
2026-08-02 20:17:57,635 [INFO] app.core.extractor - Invoice extraction completed: {'cliente': 'MUNICIPIODEFLEXEIRAS', 'uc': '281.609.008-09', 'medidor': 'E3252034', 'local_unidade': 'PRACAPREFJOSECAMILODOSSAN, R. CELALCANTARA, S/N,', 'conta_mes': '05/2026', 'vencimento': '2026-06-23', 'classificacao': 'ILUMINAÇÃOPÚBLICA', 'subclasse': 'ADMINISTRACAOPUBLICAEMGERAL-ILUMINACAOPUBLICA', 'tipo_fornecimento': 'TRIFÁSICO', 'leitura_anterior': 8982, 'leitura_atual': 9288, 'consumo_kwh': 306.0, 'total_pagar': 184.09}
2026-08-02 20:17:57,636 [INFO] app.core.normalizer - UC normalizada com sucesso: '523.003.008-62'
2026-08-02 20:17:57,637 [INFO] app.core.extractor - Invoice extraction completed: {'cliente': 'MUNICIPIODEFLEXEIRAS', 'uc': '523.003.008-62', 'medidor': '17020234059', 'local_unidade': 'IP-MIRANTENOVAFLEXEIRAS CJNOVAFLEXEIRASII, S/N,', 'conta_mes': '05/2026', 'vencimento': '2026-06-23', 'classificacao': 'ILUMINAÇÃOPÚBLICA', 'subclasse': 'ADMINISTRACAOPUBLICAEMGERAL-ILUMINACAOPUBLICA', 'tipo_fornecimento': 'MONOFÁSICO', 'leitura_anterior': 11982, 'leitura_atual': 12156, 'consumo_kwh': 174.0, 'total_pagar': 117.18}
2026-08-02 20:17:57,638 [INFO] app.core.normalizer - UC normalizada com sucesso: '489.486.008-41'
2026-08-02 20:17:57,639 [INFO] app.core.extractor - Invoice extraction completed: {'cliente': 'MUNICIPIODEFLEXEIRAS', 'uc': '489.486.008-41', 'medidor': '16012150052', 'local_unidade': 'ILPÚBLICAPRAÇAPADRECÍCERO, R. STOANTONIO, S/N,', 'conta_mes': '05/2026', 'vencimento': '2026-06-23', 'classificacao': 'ILUMINAÇÃOPÚBLICA', 'subclasse': 'ADMINISTRACAOPUBLICAEMGERAL-ILUMINACAOPUBLICA', 'tipo_fornecimento': 'MONOFÁSICO', 'leitura_anterior': 11966, 'leitura_atual': 12191, 'consumo_kwh': 225.0, 'total_pagar': 135.34}
2026-08-02 20:17:57,639 [INFO] app.core.normalizer - UC normalizada com sucesso: '679.501.008-41'
2026-08-02 20:17:57,640 [INFO] app.core.extractor - Invoice extraction completed: {'cliente': 'MUNICIPIODEFLEXEIRAS', 'uc': '679.501.008-41', 'medidor': '17052226279', 'local_unidade': 'IPCOPADASARVORES, R. CELALCANTARA, S/N, ILUMINACAODACOPADASAVORES', 'conta_mes': '05/2026', 'vencimento': '2026-06-23', 'classificacao': 'ILUMINAÇÃOPÚBLICA', 'subclasse': 'ADMINISTRACAOPUBLICAEMGERAL-ILUMINACAOPUBLICA', 'tipo_fornecimento': 'MONOFÁSICO', 'leitura_anterior': 585, 'leitura_atual': 647, 'consumo_kwh': 62.0, 'total_pagar': 37.3}
2026-08-02 20:17:57,641 [INFO] app.core.normalizer - UC normalizada com sucesso: '601.693.008-44'
2026-08-02 20:17:57,642 [INFO] app.core.extractor - Invoice extraction completed: {'cliente': 'MUNICIPIODEFLEXEIRAS', 'uc': '601.693.008-44', 'medidor': '13040260190', 'local_unidade': 'IP, R. POETAJOAODEDEUS, S/N,', 'conta_mes': '05/2026', 'vencimento': '2026-06-23', 'classificacao': 'ILUMINAÇÃOPÚBLICA', 'subclasse': 'ADMINISTRACAOPUBLICAEMGERAL-ILUMINACAOPUBLICA', 'tipo_fornecimento': 'MONOFÁSICO', 'leitura_anterior': 4433, 'leitura_atual': 4543, 'consumo_kwh': 110.0, 'total_pagar': 66.17}
2026-08-02 20:17:57,642 [INFO] werkzeug - 127.0.0.1 - - [02/Aug/2026 20:17:57] "POST /api/process HTTP/1.1" 200 -
2026-08-02 20:18:02,771 [INFO] app.core.excel_writer - Gravando 30 registros no Excel: C:\Users\mathe\Desktop\py\export\faturas_processadas.xlsx
2026-08-02 20:18:02,833 [INFO] app.core.excel_writer - Planilha Excel salva com sucesso.
2026-08-02 20:18:02,833 [INFO] app.server - Excel gerado com sucesso: C:\Users\mathe\Desktop\py\export\faturas_processadas.xlsx
2026-08-02 20:18:02,834 [INFO] werkzeug - 127.0.0.1 - - [02/Aug/2026 20:18:02] "POST /api/export HTTP/1.1" 200 -
2026-08-02 20:21:37,852 [INFO] werkzeug - [31m[1mWARNING: This is a development server. Do not use it in a production deployment. Use a production WSGI server instead.[0m
 * Running on http://127.0.0.1:5000
2026-08-02 20:21:37,853 [INFO] werkzeug - [33mPress CTRL+C to quit[0m
2026-08-02 20:21:37,854 [INFO] werkzeug -  * Restarting with stat
2026-08-02 20:21:38,847 [WARNING] werkzeug -  * Debugger is active!
2026-08-02 20:21:38,856 [INFO] werkzeug -  * Debugger PIN: 511-121-778
2026-08-02 20:21:42,488 [INFO] werkzeug - 127.0.0.1 - - [02/Aug/2026 20:21:42] "GET /?utm_source=chatgpt.com HTTP/1.1" 200 -
2026-08-02 20:21:42,509 [INFO] werkzeug - 127.0.0.1 - - [02/Aug/2026 20:21:42] "[36mGET /static/js/app.js HTTP/1.1[0m" 304 -
2026-08-02 20:21:42,515 [INFO] werkzeug - 127.0.0.1 - - [02/Aug/2026 20:21:42] "[36mGET /static/css/style.css HTTP/1.1[0m" 304 -
2026-08-02 20:21:47,214 [INFO] app.server - Arquivo salvo temporariamente: pdf_fatura.pdf
2026-08-02 20:21:47,216 [INFO] werkzeug - 127.0.0.1 - - [02/Aug/2026 20:21:47] "POST /api/upload HTTP/1.1" 200 -
2026-08-02 20:21:47,320 [INFO] app.core.pdf_reader - Texto extraído da página 1
2026-08-02 20:21:47,420 [INFO] app.core.pdf_reader - Texto extraído da página 2
2026-08-02 20:21:47,487 [INFO] app.core.pdf_reader - Texto extraído da página 3
2026-08-02 20:21:47,566 [INFO] app.core.pdf_reader - Texto extraído da página 4
2026-08-02 20:21:47,667 [INFO] app.core.pdf_reader - Texto extraído da página 5
2026-08-02 20:21:47,817 [INFO] app.core.pdf_reader - Texto extraído da página 6
2026-08-02 20:21:47,907 [INFO] app.core.pdf_reader - Texto extraído da página 7
2026-08-02 20:21:47,990 [INFO] app.core.pdf_reader - Texto extraído da página 8
2026-08-02 20:21:48,074 [INFO] app.core.pdf_reader - Texto extraído da página 9
2026-08-02 20:21:48,144 [INFO] app.core.pdf_reader - Texto extraído da página 10
2026-08-02 20:21:48,217 [INFO] app.core.pdf_reader - Texto extraído da página 11
2026-08-02 20:21:48,307 [INFO] app.core.pdf_reader - Texto extraído da página 12
2026-08-02 20:21:48,408 [INFO] app.core.pdf_reader - Texto extraído da página 13
2026-08-02 20:21:48,504 [INFO] app.core.pdf_reader - Texto extraído da página 14
2026-08-02 20:21:48,587 [INFO] app.core.pdf_reader - Texto extraído da página 15
2026-08-02 20:21:48,589 [INFO] app.core.normalizer - UC normalizada com sucesso: '522.046.008-04'
2026-08-02 20:21:48,592 [INFO] app.core.extractor - Invoice extraction completed: {'cliente': 'MUNICIPIODEFLEXEIRAS', 'uc': '522.046.008-04', 'medidor': '17020234040', 'local_unidade': 'IP, R. PROFMARIAISABELCOSTASOUZA, S/N,', 'conta_mes': '05/2026', 'vencimento': '2026-06-23', 'classificacao': 'ILUMINAÇÃOPÚBLICA', 'subclasse': 'ADMINISTRACAOPUBLICAEMGERAL-ILUMINACAOPUBLICA', 'tipo_fornecimento': 'MONOFÁSICO', 'leitura_anterior': 7279, 'leitura_atual': 7435, 'consumo_kwh': 156.0, 'total_pagar': 93.85}
2026-08-02 20:21:48,592 [INFO] app.core.normalizer - UC normalizada com sucesso: '520.367.008-46'
2026-08-02 20:21:48,593 [INFO] app.core.extractor - Invoice extraction completed: {'cliente': 'MUNICIPIODEFLEXEIRAS', 'uc': '520.367.008-46', 'medidor': '17020132663', 'local_unidade': 'ILUMINAÇÃOPUBLICA-CIRCUITOEXCLUS, R. DOMOTORISTA, S/N, IP', 'conta_mes': '05/2026', 'vencimento': '2026-06-23', 'classificacao': 'ILUMINAÇÃOPÚBLICA', 'subclasse': 'ADMINISTRACAOPUBLICAEMGERAL-ILUMINACAOPUBLICA', 'tipo_fornecimento': 'MONOFÁSICO', 'leitura_anterior': 16404, 'leitura_atual': 16760, 'consumo_kwh': 356.0, 'total_pagar': 226.69}
2026-08-02 20:21:48,594 [INFO] app.core.normalizer - UC normalizada com sucesso: '395.907.008-01'
2026-08-02 20:21:48,595 [INFO] app.core.extractor - Invoice extraction completed: {'cliente': 'MUNICIPIODEFLEXEIRAS', 'uc': '395.907.008-01', 'medidor': '37030210183', 'local_unidade': 'PRACAMULTIEVENTOS AVROSITACALHEIROS, S/N,', 'conta_mes': '05/2026', 'vencimento': '2026-06-23', 'classificacao': 'ILUMINAÇÃOPÚBLICA', 'subclasse': 'ADMINISTRACAOPUBLICAEMGERAL-ILUMINACAOPUBLICA', 'tipo_fornecimento': 'TRIFÁSICO', 'leitura_anterior': 32307, 'leitura_atual': 33755, 'consumo_kwh': 1448.0, 'total_pagar': 871.2}
2026-08-02 20:21:48,596 [INFO] app.core.normalizer - UC normalizada com sucesso: '601.699.008-97'
2026-08-02 20:21:48,597 [INFO] app.core.extractor - Invoice extraction completed: {'cliente': 'MUNICIPIODEFLEXEIRAS', 'uc': '601.699.008-97', 'medidor': '13040260166', 'local_unidade': 'ip, R. JOSEGOMESDELIMA, S/N,', 'conta_mes': '05/2026', 'vencimento': '2026-06-23', 'classificacao': 'ILUMINAÇÃOPÚBLICA', 'subclasse': 'ADMINISTRACAOPUBLICAEMGERAL-ILUMINACAOPUBLICA', 'tipo_fornecimento': 'MONOFÁSICO', 'leitura_anterior': 5796, 'leitura_atual': 6001, 'consumo_kwh': 205.0, 'total_pagar': 123.33}
2026-08-02 20:21:48,598 [INFO] app.core.normalizer - UC normalizada com sucesso: '519.021.008-71'
2026-08-02 20:21:48,599 [INFO] app.core.extractor - Invoice extraction completed: {'cliente': 'MUNICIPIODEFLEXEIRAS', 'uc': '519.021.008-71', 'medidor': '17020755091', 'local_unidade': "IPMIRANTEDACAIXAD'AGUA CJNOVAFLEXEIRAS, S/N, MIRANTEDACAIXADAGUA", 'conta_mes': '05/2026', 'vencimento': '2026-06-23', 'classificacao': 'ILUMINAÇÃOPÚBLICA', 'subclasse': 'ADMINISTRACAOPUBLICAEMGERAL-ILUMINACAOPUBLICA', 'tipo_fornecimento': 'MONOFÁSICO', 'leitura_anterior': 3281, 'leitura_atual': 3903, 'consumo_kwh': 622.0, 'total_pagar': 366.09}
2026-08-02 20:21:48,600 [INFO] app.core.normalizer - UC normalizada com sucesso: '521.854.008-13'
2026-08-02 20:21:48,600 [INFO] app.core.extractor - Invoice extraction completed: {'cliente': 'MUNICIPIODEFLEXEIRAS', 'uc': '521.854.008-13', 'medidor': '17020234083', 'local_unidade': 'IP, R. MANOELFRANCISCODIAS, S/N,', 'conta_mes': '05/2026', 'vencimento': '2026-06-23', 'classificacao': 'ILUMINAÇÃOPÚBLICA', 'subclasse': 'ADMINISTRACAOPUBLICAEMGERAL-ILUMINACAOPUBLICA', 'tipo_fornecimento': 'MONOFÁSICO', 'leitura_anterior': 12088, 'leitura_atual': 12424, 'consumo_kwh': 336.0, 'total_pagar': 202.14}
2026-08-02 20:21:48,601 [INFO] app.core.normalizer - UC normalizada com sucesso: '650.695.008-35'
2026-08-02 20:21:48,602 [INFO] app.core.extractor - Invoice extraction completed: {'cliente': 'MUNICIPIODEFLEXEIRAS', 'uc': '650.695.008-35', 'medidor': '36030410399', 'local_unidade': 'Emporio AVROSITACALHEIROS, S/N,', 'conta_mes': '05/2026', 'vencimento': '2026-06-23', 'classificacao': 'ILUMINAÇÃOPÚBLICA', 'subclasse': 'ADMINISTRACAOPUBLICAEMGERAL-ILUMINACAOPUBLICA', 'tipo_fornecimento': 'TRIFÁSICO', 'leitura_anterior': 31682, 'leitura_atual': 34923, 'consumo_kwh': 3241.0, 'total_pagar': 1950.01}
2026-08-02 20:21:48,602 [INFO] app.core.normalizer - UC normalizada com sucesso: '473.773.008-70'
2026-08-02 20:21:48,603 [INFO] app.core.extractor - Invoice extraction completed: {'cliente': 'MUNICIPIODEFLEXEIRAS', 'uc': '473.773.008-70', 'medidor': '16012105308', 'local_unidade': 'IL. PUBLICACALCADAOCENTRO, R. CELALCANTARA, S/N,', 'conta_mes': '05/2026', 'vencimento': '2026-06-23', 'classificacao': 'ILUMINAÇÃOPÚBLICA', 'subclasse': 'ADMINISTRACAOPUBLICAEMGERAL-ILUMINACAOPUBLICA', 'tipo_fornecimento': 'MONOFÁSICO', 'leitura_anterior': 14409, 'leitura_atual': 14745, 'consumo_kwh': 336.0, 'total_pagar': 202.14}
2026-08-02 20:21:48,604 [INFO] app.core.normalizer - UC normalizada com sucesso: '461.662.008-44'
2026-08-02 20:21:48,605 [INFO] app.core.extractor - Invoice extraction completed: {'cliente': 'MUNICIPIODEFLEXEIRAS', 'uc': '461.662.008-44', 'medidor': '16012044813', 'local_unidade': 'PRACACJNOVAFLEXEIRASII CJNOVAFLEXEIRASII, S/N,', 'conta_mes': '05/2026', 'vencimento': '2026-06-23', 'classificacao': 'ILUMINAÇÃOPÚBLICA', 'subclasse': 'ADMINISTRACAOPUBLICAEMGERAL-ILUMINACAOPUBLICA', 'tipo_fornecimento': 'MONOFÁSICO', 'leitura_anterior': 33633, 'leitura_atual': 34339, 'consumo_kwh': 706.0, 'total_pagar': 437.27}
2026-08-02 20:21:48,605 [INFO] app.core.normalizer - UC normalizada com sucesso: '205.627.008-79'
2026-08-02 20:21:48,606 [INFO] app.core.extractor - Invoice extraction completed: {'cliente': 'MUNICIPIODEFLEXEIRAS', 'uc': '205.627.008-79', 'medidor': 'N/A', 'local_unidade': 'ILUMINACAOPUBLICA, R. CELALCANTARA, S/N,', 'conta_mes': '05/2026', 'vencimento': '2026-06-23', 'classificacao': 'ILUMINAÇÃOPÚBLICA', 'subclasse': 'ADMINISTRACAOPUBLICAEMGERAL-ILUMINACAOPUBLICA', 'tipo_fornecimento': 'MONOFÁSICO', 'leitura_anterior': 0, 'leitura_atual': 0, 'consumo_kwh': 0.0, 'total_pagar': 26195.4}
2026-08-02 20:21:48,607 [INFO] app.core.normalizer - UC normalizada com sucesso: '281.609.008-09'
2026-08-02 20:21:48,607 [INFO] app.core.extractor - Invoice extraction completed: {'cliente': 'MUNICIPIODEFLEXEIRAS', 'uc': '281.609.008-09', 'medidor': 'E3252034', 'local_unidade': 'PRACAPREFJOSECAMILODOSSAN, R. CELALCANTARA, S/N,', 'conta_mes': '05/2026', 'vencimento': '2026-06-23', 'classificacao': 'ILUMINAÇÃOPÚBLICA', 'subclasse': 'ADMINISTRACAOPUBLICAEMGERAL-ILUMINACAOPUBLICA', 'tipo_fornecimento': 'TRIFÁSICO', 'leitura_anterior': 8982, 'leitura_atual': 9288, 'consumo_kwh': 306.0, 'total_pagar': 184.09}
2026-08-02 20:21:48,608 [INFO] app.core.normalizer - UC normalizada com sucesso: '523.003.008-62'
2026-08-02 20:21:48,609 [INFO] app.core.extractor - Invoice extraction completed: {'cliente': 'MUNICIPIODEFLEXEIRAS', 'uc': '523.003.008-62', 'medidor': '17020234059', 'local_unidade': 'IP-MIRANTENOVAFLEXEIRAS CJNOVAFLEXEIRASII, S/N,', 'conta_mes': '05/2026', 'vencimento': '2026-06-23', 'classificacao': 'ILUMINAÇÃOPÚBLICA', 'subclasse': 'ADMINISTRACAOPUBLICAEMGERAL-ILUMINACAOPUBLICA', 'tipo_fornecimento': 'MONOFÁSICO', 'leitura_anterior': 11982, 'leitura_atual': 12156, 'consumo_kwh': 174.0, 'total_pagar': 117.18}
2026-08-02 20:21:48,609 [INFO] app.core.normalizer - UC normalizada com sucesso: '489.486.008-41'
2026-08-02 20:21:48,611 [INFO] app.core.extractor - Invoice extraction completed: {'cliente': 'MUNICIPIODEFLEXEIRAS', 'uc': '489.486.008-41', 'medidor': '16012150052', 'local_unidade': 'ILPÚBLICAPRAÇAPADRECÍCERO, R. STOANTONIO, S/N,', 'conta_mes': '05/2026', 'vencimento': '2026-06-23', 'classificacao': 'ILUMINAÇÃOPÚBLICA', 'subclasse': 'ADMINISTRACAOPUBLICAEMGERAL-ILUMINACAOPUBLICA', 'tipo_fornecimento': 'MONOFÁSICO', 'leitura_anterior': 11966, 'leitura_atual': 12191, 'consumo_kwh': 225.0, 'total_pagar': 135.34}
2026-08-02 20:21:48,611 [INFO] app.core.normalizer - UC normalizada com sucesso: '679.501.008-41'
2026-08-02 20:21:48,612 [INFO] app.core.extractor - Invoice extraction completed: {'cliente': 'MUNICIPIODEFLEXEIRAS', 'uc': '679.501.008-41', 'medidor': '17052226279', 'local_unidade': 'IPCOPADASARVORES, R. CELALCANTARA, S/N, ILUMINACAODACOPADASAVORES', 'conta_mes': '05/2026', 'vencimento': '2026-06-23', 'classificacao': 'ILUMINAÇÃOPÚBLICA', 'subclasse': 'ADMINISTRACAOPUBLICAEMGERAL-ILUMINACAOPUBLICA', 'tipo_fornecimento': 'MONOFÁSICO', 'leitura_anterior': 585, 'leitura_atual': 647, 'consumo_kwh': 62.0, 'total_pagar': 37.3}
2026-08-02 20:21:48,613 [INFO] app.core.normalizer - UC normalizada com sucesso: '601.693.008-44'
2026-08-02 20:21:48,613 [INFO] app.core.extractor - Invoice extraction completed: {'cliente': 'MUNICIPIODEFLEXEIRAS', 'uc': '601.693.008-44', 'medidor': '13040260190', 'local_unidade': 'IP, R. POETAJOAODEDEUS, S/N,', 'conta_mes': '05/2026', 'vencimento': '2026-06-23', 'classificacao': 'ILUMINAÇÃOPÚBLICA', 'subclasse': 'ADMINISTRACAOPUBLICAEMGERAL-ILUMINACAOPUBLICA', 'tipo_fornecimento': 'MONOFÁSICO', 'leitura_anterior': 4433, 'leitura_atual': 4543, 'consumo_kwh': 110.0, 'total_pagar': 66.17}
2026-08-02 20:21:48,614 [INFO] werkzeug - 127.0.0.1 - - [02/Aug/2026 20:21:48] "POST /api/process HTTP/1.1" 200 -
2026-08-02 20:34:22,446 [INFO] app.server - Arquivo salvo temporariamente: pdf_fatura.pdf
2026-08-02 20:34:22,455 [INFO] app.server - Arquivo salvo temporariamente: fatura2_certa.pdf
2026-08-02 20:34:22,477 [INFO] werkzeug - 127.0.0.1 - - [02/Aug/2026 20:34:22] "POST /api/upload HTTP/1.1" 200 -
2026-08-02 20:34:23,043 [INFO] app.core.pdf_reader - Texto extraído da página 1
2026-08-02 20:34:23,378 [INFO] app.core.pdf_reader - Texto extraído da página 2
2026-08-02 20:34:23,667 [INFO] app.core.pdf_reader - Texto extraído da página 3
2026-08-02 20:34:23,967 [INFO] app.core.pdf_reader - Texto extraído da página 4
2026-08-02 20:34:24,460 [INFO] app.core.pdf_reader - Texto extraído da página 5
2026-08-02 20:34:25,028 [INFO] app.core.pdf_reader - Texto extraído da página 6
2026-08-02 20:34:25,255 [INFO] app.core.pdf_reader - Texto extraído da página 7
2026-08-02 20:34:25,489 [INFO] app.core.pdf_reader - Texto extraído da página 8
2026-08-02 20:34:25,703 [INFO] app.core.pdf_reader - Texto extraído da página 9
2026-08-02 20:34:25,888 [INFO] app.core.pdf_reader - Texto extraído da página 10
2026-08-02 20:34:26,079 [INFO] app.core.pdf_reader - Texto extraído da página 11
2026-08-02 20:34:26,305 [INFO] app.core.pdf_reader - Texto extraído da página 12
2026-08-02 20:34:26,540 [INFO] app.core.pdf_reader - Texto extraído da página 13
2026-08-02 20:34:26,732 [INFO] app.core.pdf_reader - Texto extraído da página 14
2026-08-02 20:34:26,943 [INFO] app.core.pdf_reader - Texto extraído da página 15
2026-08-02 20:34:26,945 [INFO] app.core.normalizer - UC normalizada com sucesso: '522.046.008-04'
2026-08-02 20:34:26,947 [INFO] app.core.extractor - Invoice extraction completed: {'cliente': 'MUNICIPIODEFLEXEIRAS', 'uc': '522.046.008-04', 'medidor': '17020234040', 'local_unidade': 'IP, R. PROFMARIAISABELCOSTASOUZA, S/N,', 'conta_mes': '05/2026', 'vencimento': '2026-06-23', 'classificacao': 'ILUMINAÇÃOPÚBLICA', 'subclasse': 'ADMINISTRACAOPUBLICAEMGERAL-ILUMINACAOPUBLICA', 'tipo_fornecimento': 'MONOFÁSICO', 'leitura_anterior': 7279, 'leitura_atual': 7435, 'consumo_kwh': 156.0, 'total_pagar': 93.85}
2026-08-02 20:34:26,948 [INFO] app.core.normalizer - UC normalizada com sucesso: '520.367.008-46'
2026-08-02 20:34:26,953 [INFO] app.core.extractor - Invoice extraction completed: {'cliente': 'MUNICIPIODEFLEXEIRAS', 'uc': '520.367.008-46', 'medidor': '17020132663', 'local_unidade': 'ILUMINAÇÃOPUBLICA-CIRCUITOEXCLUS, R. DOMOTORISTA, S/N, IP', 'conta_mes': '05/2026', 'vencimento': '2026-06-23', 'classificacao': 'ILUMINAÇÃOPÚBLICA', 'subclasse': 'ADMINISTRACAOPUBLICAEMGERAL-ILUMINACAOPUBLICA', 'tipo_fornecimento': 'MONOFÁSICO', 'leitura_anterior': 16404, 'leitura_atual': 16760, 'consumo_kwh': 356.0, 'total_pagar': 226.69}
2026-08-02 20:34:26,958 [INFO] app.core.normalizer - UC normalizada com sucesso: '395.907.008-01'
2026-08-02 20:34:26,967 [INFO] app.core.extractor - Invoice extraction completed: {'cliente': 'MUNICIPIODEFLEXEIRAS', 'uc': '395.907.008-01', 'medidor': '37030210183', 'local_unidade': 'PRACAMULTIEVENTOS AVROSITACALHEIROS, S/N,', 'conta_mes': '05/2026', 'vencimento': '2026-06-23', 'classificacao': 'ILUMINAÇÃOPÚBLICA', 'subclasse': 'ADMINISTRACAOPUBLICAEMGERAL-ILUMINACAOPUBLICA', 'tipo_fornecimento': 'TRIFÁSICO', 'leitura_anterior': 32307, 'leitura_atual': 33755, 'consumo_kwh': 1448.0, 'total_pagar': 871.2}
2026-08-02 20:34:26,969 [INFO] app.core.normalizer - UC normalizada com sucesso: '601.699.008-97'
2026-08-02 20:34:26,976 [INFO] app.core.extractor - Invoice extraction completed: {'cliente': 'MUNICIPIODEFLEXEIRAS', 'uc': '601.699.008-97', 'medidor': '13040260166', 'local_unidade': 'ip, R. JOSEGOMESDELIMA, S/N,', 'conta_mes': '05/2026', 'vencimento': '2026-06-23', 'classificacao': 'ILUMINAÇÃOPÚBLICA', 'subclasse': 'ADMINISTRACAOPUBLICAEMGERAL-ILUMINACAOPUBLICA', 'tipo_fornecimento': 'MONOFÁSICO', 'leitura_anterior': 5796, 'leitura_atual': 6001, 'consumo_kwh': 205.0, 'total_pagar': 123.33}
2026-08-02 20:34:26,980 [INFO] app.core.normalizer - UC normalizada com sucesso: '519.021.008-71'
2026-08-02 20:34:26,988 [INFO] app.core.extractor - Invoice extraction completed: {'cliente': 'MUNICIPIODEFLEXEIRAS', 'uc': '519.021.008-71', 'medidor': '17020755091', 'local_unidade': "IPMIRANTEDACAIXAD'AGUA CJNOVAFLEXEIRAS, S/N, MIRANTEDACAIXADAGUA", 'conta_mes': '05/2026', 'vencimento': '2026-06-23', 'classificacao': 'ILUMINAÇÃOPÚBLICA', 'subclasse': 'ADMINISTRACAOPUBLICAEMGERAL-ILUMINACAOPUBLICA', 'tipo_fornecimento': 'MONOFÁSICO', 'leitura_anterior': 3281, 'leitura_atual': 3903, 'consumo_kwh': 622.0, 'total_pagar': 366.09}
2026-08-02 20:34:26,990 [INFO] app.core.normalizer - UC normalizada com sucesso: '521.854.008-13'
2026-08-02 20:34:26,993 [INFO] app.core.extractor - Invoice extraction completed: {'cliente': 'MUNICIPIODEFLEXEIRAS', 'uc': '521.854.008-13', 'medidor': '17020234083', 'local_unidade': 'IP, R. MANOELFRANCISCODIAS, S/N,', 'conta_mes': '05/2026', 'vencimento': '2026-06-23', 'classificacao': 'ILUMINAÇÃOPÚBLICA', 'subclasse': 'ADMINISTRACAOPUBLICAEMGERAL-ILUMINACAOPUBLICA', 'tipo_fornecimento': 'MONOFÁSICO', 'leitura_anterior': 12088, 'leitura_atual': 12424, 'consumo_kwh': 336.0, 'total_pagar': 202.14}
2026-08-02 20:34:26,999 [INFO] app.core.normalizer - UC normalizada com sucesso: '650.695.008-35'
2026-08-02 20:34:27,006 [INFO] app.core.extractor - Invoice extraction completed: {'cliente': 'MUNICIPIODEFLEXEIRAS', 'uc': '650.695.008-35', 'medidor': '36030410399', 'local_unidade': 'Emporio AVROSITACALHEIROS, S/N,', 'conta_mes': '05/2026', 'vencimento': '2026-06-23', 'classificacao': 'ILUMINAÇÃOPÚBLICA', 'subclasse': 'ADMINISTRACAOPUBLICAEMGERAL-ILUMINACAOPUBLICA', 'tipo_fornecimento': 'TRIFÁSICO', 'leitura_anterior': 31682, 'leitura_atual': 34923, 'consumo_kwh': 3241.0, 'total_pagar': 1950.01}
2026-08-02 20:34:27,008 [INFO] app.core.normalizer - UC normalizada com sucesso: '473.773.008-70'
2026-08-02 20:34:27,014 [INFO] app.core.extractor - Invoice extraction completed: {'cliente': 'MUNICIPIODEFLEXEIRAS', 'uc': '473.773.008-70', 'medidor': '16012105308', 'local_unidade': 'IL. PUBLICACALCADAOCENTRO, R. CELALCANTARA, S/N,', 'conta_mes': '05/2026', 'vencimento': '2026-06-23', 'classificacao': 'ILUMINAÇÃOPÚBLICA', 'subclasse': 'ADMINISTRACAOPUBLICAEMGERAL-ILUMINACAOPUBLICA', 'tipo_fornecimento': 'MONOFÁSICO', 'leitura_anterior': 14409, 'leitura_atual': 14745, 'consumo_kwh': 336.0, 'total_pagar': 202.14}
2026-08-02 20:34:27,016 [INFO] app.core.normalizer - UC normalizada com sucesso: '461.662.008-44'
2026-08-02 20:34:27,024 [INFO] app.core.extractor - Invoice extraction completed: {'cliente': 'MUNICIPIODEFLEXEIRAS', 'uc': '461.662.008-44', 'medidor': '16012044813', 'local_unidade': 'PRACACJNOVAFLEXEIRASII CJNOVAFLEXEIRASII, S/N,', 'conta_mes': '05/2026', 'vencimento': '2026-06-23', 'classificacao': 'ILUMINAÇÃOPÚBLICA', 'subclasse': 'ADMINISTRACAOPUBLICAEMGERAL-ILUMINACAOPUBLICA', 'tipo_fornecimento': 'MONOFÁSICO', 'leitura_anterior': 33633, 'leitura_atual': 34339, 'consumo_kwh': 706.0, 'total_pagar': 437.27}
2026-08-02 20:34:27,025 [INFO] app.core.normalizer - UC normalizada com sucesso: '205.627.008-79'
2026-08-02 20:34:27,034 [INFO] app.core.extractor - Invoice extraction completed: {'cliente': 'MUNICIPIODEFLEXEIRAS', 'uc': '205.627.008-79', 'medidor': 'N/A', 'local_unidade': 'ILUMINACAOPUBLICA, R. CELALCANTARA, S/N,', 'conta_mes': '05/2026', 'vencimento': '2026-06-23', 'classificacao': 'ILUMINAÇÃOPÚBLICA', 'subclasse': 'ADMINISTRACAOPUBLICAEMGERAL-ILUMINACAOPUBLICA', 'tipo_fornecimento': 'MONOFÁSICO', 'leitura_anterior': 0, 'leitura_atual': 0, 'consumo_kwh': 0.0, 'total_pagar': 26195.4}
2026-08-02 20:34:27,038 [INFO] app.core.normalizer - UC normalizada com sucesso: '281.609.008-09'
2026-08-02 20:34:27,047 [INFO] app.core.extractor - Invoice extraction completed: {'cliente': 'MUNICIPIODEFLEXEIRAS', 'uc': '281.609.008-09', 'medidor': 'E3252034', 'local_unidade': 'PRACAPREFJOSECAMILODOSSAN, R. CELALCANTARA, S/N,', 'conta_mes': '05/2026', 'vencimento': '2026-06-23', 'classificacao': 'ILUMINAÇÃOPÚBLICA', 'subclasse': 'ADMINISTRACAOPUBLICAEMGERAL-ILUMINACAOPUBLICA', 'tipo_fornecimento': 'TRIFÁSICO', 'leitura_anterior': 8982, 'leitura_atual': 9288, 'consumo_kwh': 306.0, 'total_pagar': 184.09}
2026-08-02 20:34:27,049 [INFO] app.core.normalizer - UC normalizada com sucesso: '523.003.008-62'
2026-08-02 20:34:27,053 [INFO] app.core.extractor - Invoice extraction completed: {'cliente': 'MUNICIPIODEFLEXEIRAS', 'uc': '523.003.008-62', 'medidor': '17020234059', 'local_unidade': 'IP-MIRANTENOVAFLEXEIRAS CJNOVAFLEXEIRASII, S/N,', 'conta_mes': '05/2026', 'vencimento': '2026-06-23', 'classificacao': 'ILUMINAÇÃOPÚBLICA', 'subclasse': 'ADMINISTRACAOPUBLICAEMGERAL-ILUMINACAOPUBLICA', 'tipo_fornecimento': 'MONOFÁSICO', 'leitura_anterior': 11982, 'leitura_atual': 12156, 'consumo_kwh': 174.0, 'total_pagar': 117.18}
2026-08-02 20:34:27,055 [INFO] app.core.normalizer - UC normalizada com sucesso: '489.486.008-41'
2026-08-02 20:34:27,058 [INFO] app.core.extractor - Invoice extraction completed: {'cliente': 'MUNICIPIODEFLEXEIRAS', 'uc': '489.486.008-41', 'medidor': '16012150052', 'local_unidade': 'ILPÚBLICAPRAÇAPADRECÍCERO, R. STOANTONIO, S/N,', 'conta_mes': '05/2026', 'vencimento': '2026-06-23', 'classificacao': 'ILUMINAÇÃOPÚBLICA', 'subclasse': 'ADMINISTRACAOPUBLICAEMGERAL-ILUMINACAOPUBLICA', 'tipo_fornecimento': 'MONOFÁSICO', 'leitura_anterior': 11966, 'leitura_atual': 12191, 'consumo_kwh': 225.0, 'total_pagar': 135.34}
2026-08-02 20:34:27,059 [INFO] app.core.normalizer - UC normalizada com sucesso: '679.501.008-41'
2026-08-02 20:34:27,067 [INFO] app.core.extractor - Invoice extraction completed: {'cliente': 'MUNICIPIODEFLEXEIRAS', 'uc': '679.501.008-41', 'medidor': '17052226279', 'local_unidade': 'IPCOPADASARVORES, R. CELALCANTARA, S/N, ILUMINACAODACOPADASAVORES', 'conta_mes': '05/2026', 'vencimento': '2026-06-23', 'classificacao': 'ILUMINAÇÃOPÚBLICA', 'subclasse': 'ADMINISTRACAOPUBLICAEMGERAL-ILUMINACAOPUBLICA', 'tipo_fornecimento': 'MONOFÁSICO', 'leitura_anterior': 585, 'leitura_atual': 647, 'consumo_kwh': 62.0, 'total_pagar': 37.3}
2026-08-02 20:34:27,070 [INFO] app.core.normalizer - UC normalizada com sucesso: '601.693.008-44'
2026-08-02 20:34:27,074 [INFO] app.core.extractor - Invoice extraction completed: {'cliente': 'MUNICIPIODEFLEXEIRAS', 'uc': '601.693.008-44', 'medidor': '13040260190', 'local_unidade': 'IP, R. POETAJOAODEDEUS, S/N,', 'conta_mes': '05/2026', 'vencimento': '2026-06-23', 'classificacao': 'ILUMINAÇÃOPÚBLICA', 'subclasse': 'ADMINISTRACAOPUBLICAEMGERAL-ILUMINACAOPUBLICA', 'tipo_fornecimento': 'MONOFÁSICO', 'leitura_anterior': 4433, 'leitura_atual': 4543, 'consumo_kwh': 110.0, 'total_pagar': 66.17}
2026-08-02 20:34:27,273 [INFO] app.core.pdf_reader - Texto extraído da página 1
2026-08-02 20:34:27,452 [INFO] app.core.pdf_reader - Texto extraído da página 2
2026-08-02 20:34:27,629 [INFO] app.core.pdf_reader - Texto extraído da página 3
2026-08-02 20:34:27,631 [INFO] app.core.normalizer - UC normalizada com sucesso: '669.008.008-24'
2026-08-02 20:34:27,637 [INFO] app.core.extractor - Invoice extraction completed: {'cliente': 'MUNICIPIODEFLEXEIRAS', 'uc': '669.008.008-24', 'medidor': 'E2005221', 'local_unidade': 'CASADAMERENDA, R. CELALCANTARA, S/N,', 'conta_mes': '06/2026', 'vencimento': '2026-07-23', 'classificacao': 'PODERPÚBLICOMUNICIPAL', 'subclasse': 'MUNICIPALSERVICOSPUBLICOS', 'tipo_fornecimento': 'MONOFÁSICO', 'leitura_anterior': 32690, 'leitura_atual': 32985, 'consumo_kwh': 295.0, 'total_pagar': 349.64}
2026-08-02 20:34:27,658 [INFO] app.core.normalizer - UC normalizada com sucesso: '818.710.008-45'
2026-08-02 20:34:27,707 [INFO] app.core.extractor - Invoice extraction completed: {'cliente': 'MUNICIPIODEFLEXEIRAS', 'uc': '818.710.008-45', 'medidor': 'O1682439', 'local_unidade': 'CONSELHOTUTELAR CJEMILIOMAIADEOMENA, S/N,', 'conta_mes': '06/2026', 'vencimento': '2026-07-23', 'classificacao': 'PODERPÚBLICOMUNICIPAL', 'subclasse': 'MUNICIPALSERVICOSPUBLICOS', 'tipo_fornecimento': 'MONOFÁSICO', 'leitura_anterior': 29150, 'leitura_atual': 29150, 'consumo_kwh': 0.0, 'total_pagar': 35.57}
2026-08-02 20:34:27,720 [INFO] app.core.normalizer - UC normalizada com sucesso: '861.757.008-33'
2026-08-02 20:34:27,761 [INFO] app.core.extractor - Invoice extraction completed: {'cliente': 'MUNICIPIODEFLEXEIRAS', 'uc': '861.757.008-33', 'medidor': 'E3138723', 'local_unidade': 'CASADEAPOIOAOSGARIS, R. CANDIDOLAMENHALINS, S/N,', 'conta_mes': '06/2026', 'vencimento': '2026-07-23', 'classificacao': 'PODERPÚBLICOMUNICIPAL', 'subclasse': 'MUNICIPALSERVICOSPUBLICOS', 'tipo_fornecimento': 'TRIFÁSICO', 'leitura_anterior': 74288, 'leitura_atual': 74312, 'consumo_kwh': 24.0, 'total_pagar': 118.51}
2026-08-02 20:34:27,785 [INFO] werkzeug - 127.0.0.1 - - [02/Aug/2026 20:34:27] "POST /api/process HTTP/1.1" 200 -
2026-08-02 20:34:54,925 [INFO] app.core.excel_writer - Gravando 33 registros no Excel: C:\Users\mathe\Desktop\py\export\faturas_processadas.xlsx
2026-08-02 20:34:55,165 [INFO] app.core.excel_writer - Planilha Excel salva com sucesso.
2026-08-02 20:34:55,166 [INFO] app.server - Excel gerado com sucesso: C:\Users\mathe\Desktop\py\export\faturas_processadas.xlsx
2026-08-02 20:34:55,169 [INFO] werkzeug - 127.0.0.1 - - [02/Aug/2026 20:34:55] "POST /api/export HTTP/1.1" 200 -
2026-08-02 20:36:19,539 [INFO] werkzeug - 127.0.0.1 - - [02/Aug/2026 20:36:19] "GET /?utm_source=chatgpt.com HTTP/1.1" 200 -
2026-08-02 20:36:19,581 [INFO] werkzeug - 127.0.0.1 - - [02/Aug/2026 20:36:19] "[36mGET /static/js/app.js HTTP/1.1[0m" 304 -
2026-08-02 20:36:19,583 [INFO] werkzeug - 127.0.0.1 - - [02/Aug/2026 20:36:19] "[36mGET /static/css/style.css HTTP/1.1[0m" 304 -
2026-08-02 20:36:28,137 [INFO] app.server - Arquivo salvo temporariamente: FLEXEIRAS_-_FATURAS_AGRUPADAS_EQTL_AL_COMP._06.2026_-_ASSISTENCIA_SOCIAL.pdf
2026-08-02 20:36:28,141 [INFO] werkzeug - 127.0.0.1 - - [02/Aug/2026 20:36:28] "POST /api/upload HTTP/1.1" 200 -
2026-08-02 20:36:28,471 [INFO] app.core.pdf_reader - Texto extraído da página 1
2026-08-02 20:36:28,794 [INFO] app.core.pdf_reader - Texto extraído da página 2
2026-08-02 20:36:29,303 [INFO] app.core.pdf_reader - Texto extraído da página 3
2026-08-02 20:36:29,540 [INFO] app.core.pdf_reader - Texto extraído da página 4
2026-08-02 20:36:29,550 [WARNING] app.core.pdf_reader - Página 5 sem texto selecionável.
2026-08-02 20:36:29,706 [INFO] app.core.pdf_reader - Texto extraído da página 6
2026-08-02 20:36:29,709 [WARNING] app.core.pdf_reader - Página 7 sem texto selecionável.
2026-08-02 20:36:29,862 [INFO] app.core.pdf_reader - Texto extraído da página 8
2026-08-02 20:36:29,865 [WARNING] app.core.pdf_reader - Página 9 sem texto selecionável.
2026-08-02 20:36:29,869 [INFO] app.core.normalizer - UC normalizada com sucesso: '669.008.008-24'
2026-08-02 20:36:29,983 [INFO] app.core.extractor - Invoice extraction completed: {'cliente': 'N/A', 'uc': '669.008.008-24', 'medidor': 'N/A', 'local_unidade': 'P M DE FLEIXEIRAS-SOCIAL INFORME ESTE NÚMERO 23. 07. 2026 VALOR ATÉ O VENCIMENTO 4000000282 R$ 503, 72 FATURA AGRUPADORA Atenção, Energia/Tributos Quantidade Valor (R$) Consumo 425. 00 361, 83 AdicionalBandeira 8, 00 Este documento agrupador, representa o débito de 3 fatura(s). ICMS 109, 62 COFINS 24, 98 O detalhamento do faturamento desta(s) fatura(s), por unidade PIS 5, 41 consumidora, está relacionado com relatório anexo. Subtotal1 509, 84 Pagamentos efetuados com cheque só terão quitação válida após Lançamentos e Serviços Valor (R$) compensação. TributoaReterIRPJ 6, 12- Subtotal2 6, 12- 0800 082 8500 - CENTRAL ATENDIMENTO CORPORATIVO 0800 721 0082 - OUVIDORIAEQUATORIAL ALAGOAS 167-ANEEL(LIGAÇÃOGRATUITADETELEFONESFIXOSETARIFADANAORIGEMPARATELEFONESCELULARES) Demonstrativo Valores Faturamento (Res. 166/05) ENERGIA 154, 39 TRANSMISSÃO 28, 67 DISTRIBUIÇÃO 138, 18 ENC. SETORIAIS 48, 59 TRIBUTOS 140, 01 SomaDemonstrativa 509, 84 COMPOSIÇÃO DO ICMS BASEDECÁLCULODOICMS ALIQUOTA VALOR (R$) 509, 84 21, 500 109, 62 AGÊNCIADE ATENDIMENTO / MENSAGENS ATENÇÃODOCUMENTOAGRUPADOR, REPRESENTAO DÉBITODE3 FATURA(S). EQUATORIALALAGOASDISTRIB. DEENERGIAS. A. EMPRESA, Av. FernandesLima, 3349GrutadeLourdes-Maceió-ALCEP: 57. 052-902 CNPJ: 12. 272. 084/0001-00Insc. Estadual: 24. 007. 177-8 836300000053 037200039008 010148504607 040000002820 AgênciaVirtual: www. equatorialenergia. com. br AGÊNCIARECEBEDORA VENCIMENTO PAGÁVEL EM QUALQUER AGENTE ARRECADADOR 23. 07. 2026 BENEFICIÁRIO CLIENTE REFERÊNCIA AGÊNCIA/CÓDIGOBENEFICIÁRIO EQUATORIAL ALAGOAS DISTRIB. DE ENERGIA S. A. 4000000282 06/2026 DATADOCUMENTO NÚMERODEREFERÊNCIA ESPÉCIEDOC. ACEITE DATAPROCESSAMENTO NOSSONÚMERO 30. 06. 2026 610009021772 2 30. 06. 2026 USODOBANCO CARTEIRA ESPÉCIE QUANTIDADE VALOR (=)VALORDOCUMENTO R$ 0 503, 72 503, 72 INFORMAÇÕESDERESPONSABILIDADEDOBENEFICIÁRIO (-)DESCONTOABATIMENTO 0, 00 (-)OUTRASDEDUÇÕES 0, 00 (+)MULTA 0, 00 (+)OUTROSACRÉSCIMOS 0, 00 FATURA AGRUPADORA (=)VALORCOBRADO 503, 72 SACADO MUNICIPIO DE FLEXEIRAS ARNALDO CAVALCANTE S/N - CENTRO FLEXEIRAS - AL - CEP: 57995-000', 'conta_mes': '06/2026', 'vencimento': '2026-06-03', 'classificacao': 'N/A', 'subclasse': 'N/A', 'tipo_fornecimento': 'N/A', 'leitura_anterior': 0, 'leitura_atual': 0, 'consumo_kwh': 0.0, 'total_pagar': 0.0}
2026-08-02 20:36:29,985 [INFO] app.core.normalizer - UC normalizada com sucesso: '669.008.008-24'
2026-08-02 20:36:29,989 [INFO] app.core.extractor - Invoice extraction completed: {'cliente': 'MUNICIPIODEFLEXEIRAS', 'uc': '669.008.008-24', 'medidor': 'E2005221', 'local_unidade': 'CASADAMERENDA, R. CELALCANTARA, S/N,', 'conta_mes': '06/2026', 'vencimento': '2026-07-23', 'classificacao': 'PODERPÚBLICOMUNICIPAL', 'subclasse': 'MUNICIPALSERVICOSPUBLICOS', 'tipo_fornecimento': 'MONOFÁSICO', 'leitura_anterior': 32690, 'leitura_atual': 32985, 'consumo_kwh': 295.0, 'total_pagar': 349.64}
2026-08-02 20:36:29,991 [INFO] app.core.normalizer - UC normalizada com sucesso: '818.710.008-45'
2026-08-02 20:36:30,001 [INFO] app.core.extractor - Invoice extraction completed: {'cliente': 'MUNICIPIODEFLEXEIRAS', 'uc': '818.710.008-45', 'medidor': 'O1682439', 'local_unidade': 'CONSELHOTUTELAR CJEMILIOMAIADEOMENA, S/N,', 'conta_mes': '06/2026', 'vencimento': '2026-07-23', 'classificacao': 'PODERPÚBLICOMUNICIPAL', 'subclasse': 'MUNICIPALSERVICOSPUBLICOS', 'tipo_fornecimento': 'MONOFÁSICO', 'leitura_anterior': 29150, 'leitura_atual': 29150, 'consumo_kwh': 0.0, 'total_pagar': 35.57}
2026-08-02 20:36:30,006 [INFO] app.core.normalizer - UC normalizada com sucesso: '861.757.008-33'
2026-08-02 20:36:30,014 [INFO] app.core.extractor - Invoice extraction completed: {'cliente': 'MUNICIPIODEFLEXEIRAS', 'uc': '861.757.008-33', 'medidor': 'E3138723', 'local_unidade': 'CASADEAPOIOAOSGARIS, R. CANDIDOLAMENHALINS, S/N,', 'conta_mes': '06/2026', 'vencimento': '2026-07-23', 'classificacao': 'PODERPÚBLICOMUNICIPAL', 'subclasse': 'MUNICIPALSERVICOSPUBLICOS', 'tipo_fornecimento': 'TRIFÁSICO', 'leitura_anterior': 74288, 'leitura_atual': 74312, 'consumo_kwh': 24.0, 'total_pagar': 118.51}
2026-08-02 20:36:30,015 [INFO] werkzeug - 127.0.0.1 - - [02/Aug/2026 20:36:30] "POST /api/process HTTP/1.1" 200 -
2026-08-02 21:45:22,667 [INFO] werkzeug -  * Detected change in 'C:\\Users\\mathe\\Desktop\\py\\app\\core\\invoice_processor.py', reloading
2026-08-02 21:45:22,946 [INFO] werkzeug -  * Restarting with stat
2026-08-02 21:45:24,215 [WARNING] werkzeug -  * Debugger is active!
2026-08-02 21:45:24,220 [INFO] werkzeug -  * Debugger PIN: 511-121-778
2026-08-02 21:46:12,628 [INFO] werkzeug -  * Detected change in 'C:\\Users\\mathe\\Desktop\\py\\app\\core\\pdf_reader.py', reloading
2026-08-02 21:46:12,758 [INFO] werkzeug -  * Restarting with stat
2026-08-02 21:46:14,023 [WARNING] werkzeug -  * Debugger is active!
2026-08-02 21:46:14,030 [INFO] werkzeug -  * Debugger PIN: 511-121-778
2026-08-02 21:46:48,653 [INFO] werkzeug -  * Detected change in 'C:\\Users\\mathe\\Desktop\\py\\tests\\test_invoice_processor.py', reloading
2026-08-02 21:46:48,759 [INFO] werkzeug -  * Restarting with stat
2026-08-02 21:46:49,655 [WARNING] werkzeug -  * Debugger is active!
2026-08-02 21:46:49,660 [INFO] werkzeug -  * Debugger PIN: 511-121-778
2026-08-02 21:50:24,855 [INFO] werkzeug - 127.0.0.1 - - [02/Aug/2026 21:50:24] "GET /?utm_source=chatgpt.com HTTP/1.1" 200 -
2026-08-02 21:50:24,879 [INFO] werkzeug - 127.0.0.1 - - [02/Aug/2026 21:50:24] "[36mGET /static/js/app.js HTTP/1.1[0m" 304 -
2026-08-02 21:50:24,885 [INFO] werkzeug - 127.0.0.1 - - [02/Aug/2026 21:50:24] "[36mGET /static/css/style.css HTTP/1.1[0m" 304 -
2026-08-02 21:50:29,208 [INFO] app.server - Arquivo salvo temporariamente: FLEXEIRAS_-_FATURAS_AGRUPADAS_EQTL_AL_COMP._06.2026_-_ASSISTENCIA_SOCIAL.pdf
2026-08-02 21:50:29,209 [INFO] werkzeug - 127.0.0.1 - - [02/Aug/2026 21:50:29] "POST /api/upload HTTP/1.1" 200 -
2026-08-02 21:50:29,326 [INFO] app.core.pdf_reader - Texto extraído da página 1
2026-08-02 21:50:29,370 [INFO] app.core.pdf_reader - Texto extraído da página 2
2026-08-02 21:50:29,453 [INFO] app.core.pdf_reader - Texto extraído da página 3
2026-08-02 21:50:29,529 [INFO] app.core.pdf_reader - Texto extraído da página 4
2026-08-02 21:50:29,531 [WARNING] app.core.pdf_reader - Página 5 sem texto selecionável.
2026-08-02 21:50:29,585 [INFO] app.core.pdf_reader - Texto extraído da página 6
2026-08-02 21:50:29,586 [WARNING] app.core.pdf_reader - Página 7 sem texto selecionável.
2026-08-02 21:50:29,685 [INFO] app.core.pdf_reader - Texto extraído da página 8
2026-08-02 21:50:29,686 [WARNING] app.core.pdf_reader - Página 9 sem texto selecionável.
2026-08-02 21:50:29,688 [INFO] app.core.normalizer - UC normalizada com sucesso: '669.008.008-24'
2026-08-02 21:50:29,691 [INFO] app.core.extractor - Invoice extraction completed: {'cliente': 'MUNICIPIODEFLEXEIRAS', 'uc': '669.008.008-24', 'medidor': 'E2005221', 'local_unidade': 'CASADAMERENDA, R. CELALCANTARA, S/N,', 'conta_mes': '06/2026', 'vencimento': '2026-07-23', 'classificacao': 'PODERPÚBLICOMUNICIPAL', 'subclasse': 'MUNICIPALSERVICOSPUBLICOS', 'tipo_fornecimento': 'MONOFÁSICO', 'leitura_anterior': 32690, 'leitura_atual': 32985, 'consumo_kwh': 295.0, 'total_pagar': 349.64}
2026-08-02 21:50:29,691 [INFO] app.core.normalizer - UC normalizada com sucesso: '818.710.008-45'
2026-08-02 21:50:29,692 [INFO] app.core.extractor - Invoice extraction completed: {'cliente': 'MUNICIPIODEFLEXEIRAS', 'uc': '818.710.008-45', 'medidor': 'O1682439', 'local_unidade': 'CONSELHOTUTELAR CJEMILIOMAIADEOMENA, S/N,', 'conta_mes': '06/2026', 'vencimento': '2026-07-23', 'classificacao': 'PODERPÚBLICOMUNICIPAL', 'subclasse': 'MUNICIPALSERVICOSPUBLICOS', 'tipo_fornecimento': 'MONOFÁSICO', 'leitura_anterior': 29150, 'leitura_atual': 29150, 'consumo_kwh': 0.0, 'total_pagar': 35.57}
2026-08-02 21:50:29,693 [INFO] app.core.normalizer - UC normalizada com sucesso: '861.757.008-33'
2026-08-02 21:50:29,693 [INFO] app.core.extractor - Invoice extraction completed: {'cliente': 'MUNICIPIODEFLEXEIRAS', 'uc': '861.757.008-33', 'medidor': 'E3138723', 'local_unidade': 'CASADEAPOIOAOSGARIS, R. CANDIDOLAMENHALINS, S/N,', 'conta_mes': '06/2026', 'vencimento': '2026-07-23', 'classificacao': 'PODERPÚBLICOMUNICIPAL', 'subclasse': 'MUNICIPALSERVICOSPUBLICOS', 'tipo_fornecimento': 'TRIFÁSICO', 'leitura_anterior': 74288, 'leitura_atual': 74312, 'consumo_kwh': 24.0, 'total_pagar': 118.51}
2026-08-02 21:50:29,694 [INFO] werkzeug - 127.0.0.1 - - [02/Aug/2026 21:50:29] "POST /api/process HTTP/1.1" 200 -
2026-08-02 21:56:33,951 [INFO] werkzeug -  * Detected change in 'C:\\Users\\mathe\\Desktop\\py\\app\\core\\excel_writer.py', reloading
2026-08-02 21:56:34,117 [INFO] werkzeug -  * Restarting with stat
2026-08-02 21:56:35,176 [WARNING] werkzeug -  * Debugger is active!
2026-08-02 21:56:35,184 [INFO] werkzeug -  * Debugger PIN: 511-121-778
2026-08-02 21:58:37,377 [INFO] app.server - Arquivo salvo temporariamente: FLEXEIRAS_-_FATURAS_AGRUPADAS_EQTL_AL_COMP._06.2026_-_ASSISTENCIA_SOCIAL.pdf
2026-08-02 21:58:37,379 [INFO] app.server - Arquivo salvo temporariamente: FLEXEIRAS_-_FATURAS_DE_IP_EQTL_AL_COMP._05.2026.pdf
2026-08-02 21:58:37,380 [INFO] werkzeug - 127.0.0.1 - - [02/Aug/2026 21:58:37] "POST /api/upload HTTP/1.1" 200 -
2026-08-02 21:58:37,529 [INFO] app.core.pdf_reader - Texto extraído da página 1
2026-08-02 21:58:37,569 [INFO] app.core.pdf_reader - Texto extraído da página 2
2026-08-02 21:58:37,663 [INFO] app.core.pdf_reader - Texto extraído da página 3
2026-08-02 21:58:37,724 [INFO] app.core.pdf_reader - Texto extraído da página 4
2026-08-02 21:58:37,726 [WARNING] app.core.pdf_reader - Página 5 sem texto selecionável.
2026-08-02 21:58:37,777 [INFO] app.core.pdf_reader - Texto extraído da página 6
2026-08-02 21:58:37,778 [WARNING] app.core.pdf_reader - Página 7 sem texto selecionável.
2026-08-02 21:58:37,887 [INFO] app.core.pdf_reader - Texto extraído da página 8
2026-08-02 21:58:37,888 [WARNING] app.core.pdf_reader - Página 9 sem texto selecionável.
2026-08-02 21:58:37,889 [INFO] app.core.normalizer - UC normalizada com sucesso: '669.008.008-24'
2026-08-02 21:58:37,892 [INFO] app.core.extractor - Invoice extraction completed: {'cliente': 'MUNICIPIODEFLEXEIRAS', 'uc': '669.008.008-24', 'medidor': 'E2005221', 'local_unidade': 'CASADAMERENDA, R. CELALCANTARA, S/N,', 'conta_mes': '06/2026', 'vencimento': '2026-07-23', 'classificacao': 'PODERPÚBLICOMUNICIPAL', 'subclasse': 'MUNICIPALSERVICOSPUBLICOS', 'tipo_fornecimento': 'MONOFÁSICO', 'leitura_anterior': 32690, 'leitura_atual': 32985, 'consumo_kwh': 295.0, 'total_pagar': 349.64}
2026-08-02 21:58:37,892 [INFO] app.core.normalizer - UC normalizada com sucesso: '818.710.008-45'
2026-08-02 21:58:37,895 [INFO] app.core.extractor - Invoice extraction completed: {'cliente': 'MUNICIPIODEFLEXEIRAS', 'uc': '818.710.008-45', 'medidor': 'O1682439', 'local_unidade': 'CONSELHOTUTELAR CJEMILIOMAIADEOMENA, S/N,', 'conta_mes': '06/2026', 'vencimento': '2026-07-23', 'classificacao': 'PODERPÚBLICOMUNICIPAL', 'subclasse': 'MUNICIPALSERVICOSPUBLICOS', 'tipo_fornecimento': 'MONOFÁSICO', 'leitura_anterior': 29150, 'leitura_atual': 29150, 'consumo_kwh': 0.0, 'total_pagar': 35.57}
2026-08-02 21:58:37,896 [INFO] app.core.normalizer - UC normalizada com sucesso: '861.757.008-33'
2026-08-02 21:58:37,896 [INFO] app.core.extractor - Invoice extraction completed: {'cliente': 'MUNICIPIODEFLEXEIRAS', 'uc': '861.757.008-33', 'medidor': 'E3138723', 'local_unidade': 'CASADEAPOIOAOSGARIS, R. CANDIDOLAMENHALINS, S/N,', 'conta_mes': '06/2026', 'vencimento': '2026-07-23', 'classificacao': 'PODERPÚBLICOMUNICIPAL', 'subclasse': 'MUNICIPALSERVICOSPUBLICOS', 'tipo_fornecimento': 'TRIFÁSICO', 'leitura_anterior': 74288, 'leitura_atual': 74312, 'consumo_kwh': 24.0, 'total_pagar': 118.51}
2026-08-02 21:58:37,964 [INFO] app.core.pdf_reader - Texto extraído da página 1
2026-08-02 21:58:38,076 [INFO] app.core.pdf_reader - Texto extraído da página 2
2026-08-02 21:58:38,185 [INFO] app.core.pdf_reader - Texto extraído da página 3
2026-08-02 21:58:38,292 [INFO] app.core.pdf_reader - Texto extraído da página 4
2026-08-02 21:58:38,403 [INFO] app.core.pdf_reader - Texto extraído da página 5
2026-08-02 21:58:38,525 [INFO] app.core.pdf_reader - Texto extraído da página 6
2026-08-02 21:58:38,633 [INFO] app.core.pdf_reader - Texto extraído da página 7
2026-08-02 21:58:38,747 [INFO] app.core.pdf_reader - Texto extraído da página 8
2026-08-02 21:58:38,793 [INFO] app.core.pdf_reader - Texto extraído da página 9
2026-08-02 21:58:39,004 [INFO] app.core.pdf_reader - Texto extraído da página 10
2026-08-02 21:58:39,008 [WARNING] app.core.pdf_reader - Página 11 sem texto selecionável.
2026-08-02 21:58:39,086 [INFO] app.core.pdf_reader - Texto extraído da página 12
2026-08-02 21:58:39,087 [WARNING] app.core.pdf_reader - Página 13 sem texto selecionável.
2026-08-02 21:58:39,163 [INFO] app.core.pdf_reader - Texto extraído da página 14
2026-08-02 21:58:39,164 [WARNING] app.core.pdf_reader - Página 15 sem texto selecionável.
2026-08-02 21:58:39,229 [INFO] app.core.pdf_reader - Texto extraído da página 16
2026-08-02 21:58:39,230 [WARNING] app.core.pdf_reader - Página 17 sem texto selecionável.
2026-08-02 21:58:39,290 [INFO] app.core.pdf_reader - Texto extraído da página 18
2026-08-02 21:58:39,291 [WARNING] app.core.pdf_reader - Página 19 sem texto selecionável.
2026-08-02 21:58:39,372 [INFO] app.core.pdf_reader - Texto extraído da página 20
2026-08-02 21:58:39,373 [WARNING] app.core.pdf_reader - Página 21 sem texto selecionável.
2026-08-02 21:58:39,458 [INFO] app.core.pdf_reader - Texto extraído da página 22
2026-08-02 21:58:39,458 [WARNING] app.core.pdf_reader - Página 23 sem texto selecionável.
2026-08-02 21:58:39,546 [INFO] app.core.pdf_reader - Texto extraído da página 24
2026-08-02 21:58:39,548 [WARNING] app.core.pdf_reader - Página 25 sem texto selecionável.
2026-08-02 21:58:39,618 [INFO] app.core.pdf_reader - Texto extraído da página 26
2026-08-02 21:58:39,619 [WARNING] app.core.pdf_reader - Página 27 sem texto selecionável.
2026-08-02 21:58:39,665 [INFO] app.core.pdf_reader - Texto extraído da página 28
2026-08-02 21:58:39,666 [WARNING] app.core.pdf_reader - Página 29 sem texto selecionável.
2026-08-02 21:58:39,720 [INFO] app.core.pdf_reader - Texto extraído da página 30
2026-08-02 21:58:39,721 [WARNING] app.core.pdf_reader - Página 31 sem texto selecionável.
2026-08-02 21:58:39,784 [INFO] app.core.pdf_reader - Texto extraído da página 32
2026-08-02 21:58:39,785 [WARNING] app.core.pdf_reader - Página 33 sem texto selecionável.
2026-08-02 21:58:39,841 [INFO] app.core.pdf_reader - Texto extraído da página 34
2026-08-02 21:58:39,842 [WARNING] app.core.pdf_reader - Página 35 sem texto selecionável.
2026-08-02 21:58:39,894 [INFO] app.core.pdf_reader - Texto extraído da página 36
2026-08-02 21:58:39,895 [WARNING] app.core.pdf_reader - Página 37 sem texto selecionável.
2026-08-02 21:58:40,004 [INFO] app.core.pdf_reader - Texto extraído da página 38
2026-08-02 21:58:40,005 [WARNING] app.core.pdf_reader - Página 39 sem texto selecionável.
2026-08-02 21:58:40,006 [INFO] app.core.normalizer - UC normalizada com sucesso: '522.046.008-04'
2026-08-02 21:58:40,007 [INFO] app.core.extractor - Invoice extraction completed: {'cliente': 'MUNICIPIODEFLEXEIRAS', 'uc': '522.046.008-04', 'medidor': '17020234040', 'local_unidade': 'IP, R. PROFMARIAISABELCOSTASOUZA, S/N,', 'conta_mes': '05/2026', 'vencimento': '2026-06-23', 'classificacao': 'ILUMINAÇÃOPÚBLICA', 'subclasse': 'ADMINISTRACAOPUBLICAEMGERAL-ILUMINACAOPUBLICA', 'tipo_fornecimento': 'MONOFÁSICO', 'leitura_anterior': 7279, 'leitura_atual': 7435, 'consumo_kwh': 156.0, 'total_pagar': 93.85}
2026-08-02 21:58:40,007 [INFO] app.core.normalizer - UC normalizada com sucesso: '520.367.008-46'
2026-08-02 21:58:40,008 [INFO] app.core.extractor - Invoice extraction completed: {'cliente': 'MUNICIPIODEFLEXEIRAS', 'uc': '520.367.008-46', 'medidor': '17020132663', 'local_unidade': 'ILUMINAÇÃOPUBLICA-CIRCUITOEXCLUS, R. DOMOTORISTA, S/N, IP', 'conta_mes': '05/2026', 'vencimento': '2026-06-23', 'classificacao': 'ILUMINAÇÃOPÚBLICA', 'subclasse': 'ADMINISTRACAOPUBLICAEMGERAL-ILUMINACAOPUBLICA', 'tipo_fornecimento': 'MONOFÁSICO', 'leitura_anterior': 16404, 'leitura_atual': 16760, 'consumo_kwh': 356.0, 'total_pagar': 226.69}
2026-08-02 21:58:40,008 [INFO] app.core.normalizer - UC normalizada com sucesso: '395.907.008-01'
2026-08-02 21:58:40,010 [INFO] app.core.extractor - Invoice extraction completed: {'cliente': 'MUNICIPIODEFLEXEIRAS', 'uc': '395.907.008-01', 'medidor': '37030210183', 'local_unidade': 'PRACAMULTIEVENTOS AVROSITACALHEIROS, S/N,', 'conta_mes': '05/2026', 'vencimento': '2026-06-23', 'classificacao': 'ILUMINAÇÃOPÚBLICA', 'subclasse': 'ADMINISTRACAOPUBLICAEMGERAL-ILUMINACAOPUBLICA', 'tipo_fornecimento': 'TRIFÁSICO', 'leitura_anterior': 32307, 'leitura_atual': 33755, 'consumo_kwh': 1448.0, 'total_pagar': 871.2}
2026-08-02 21:58:40,011 [INFO] app.core.normalizer - UC normalizada com sucesso: '601.699.008-97'
2026-08-02 21:58:40,011 [INFO] app.core.extractor - Invoice extraction completed: {'cliente': 'MUNICIPIODEFLEXEIRAS', 'uc': '601.699.008-97', 'medidor': '13040260166', 'local_unidade': 'ip, R. JOSEGOMESDELIMA, S/N,', 'conta_mes': '05/2026', 'vencimento': '2026-06-23', 'classificacao': 'ILUMINAÇÃOPÚBLICA', 'subclasse': 'ADMINISTRACAOPUBLICAEMGERAL-ILUMINACAOPUBLICA', 'tipo_fornecimento': 'MONOFÁSICO', 'leitura_anterior': 5796, 'leitura_atual': 6001, 'consumo_kwh': 205.0, 'total_pagar': 123.33}
2026-08-02 21:58:40,012 [INFO] app.core.normalizer - UC normalizada com sucesso: '519.021.008-71'
2026-08-02 21:58:40,013 [INFO] app.core.extractor - Invoice extraction completed: {'cliente': 'MUNICIPIODEFLEXEIRAS', 'uc': '519.021.008-71', 'medidor': '17020755091', 'local_unidade': "IPMIRANTEDACAIXAD'AGUA CJNOVAFLEXEIRAS, S/N, MIRANTEDACAIXADAGUA", 'conta_mes': '05/2026', 'vencimento': '2026-06-23', 'classificacao': 'ILUMINAÇÃOPÚBLICA', 'subclasse': 'ADMINISTRACAOPUBLICAEMGERAL-ILUMINACAOPUBLICA', 'tipo_fornecimento': 'MONOFÁSICO', 'leitura_anterior': 3281, 'leitura_atual': 3903, 'consumo_kwh': 622.0, 'total_pagar': 366.09}
2026-08-02 21:58:40,013 [INFO] app.core.normalizer - UC normalizada com sucesso: '521.854.008-13'
2026-08-02 21:58:40,014 [INFO] app.core.extractor - Invoice extraction completed: {'cliente': 'MUNICIPIODEFLEXEIRAS', 'uc': '521.854.008-13', 'medidor': '17020234083', 'local_unidade': 'IP, R. MANOELFRANCISCODIAS, S/N,', 'conta_mes': '05/2026', 'vencimento': '2026-06-23', 'classificacao': 'ILUMINAÇÃOPÚBLICA', 'subclasse': 'ADMINISTRACAOPUBLICAEMGERAL-ILUMINACAOPUBLICA', 'tipo_fornecimento': 'MONOFÁSICO', 'leitura_anterior': 12088, 'leitura_atual': 12424, 'consumo_kwh': 336.0, 'total_pagar': 202.14}
2026-08-02 21:58:40,014 [INFO] app.core.normalizer - UC normalizada com sucesso: '650.695.008-35'
2026-08-02 21:58:40,015 [INFO] app.core.extractor - Invoice extraction completed: {'cliente': 'MUNICIPIODEFLEXEIRAS', 'uc': '650.695.008-35', 'medidor': '36030410399', 'local_unidade': 'Emporio AVROSITACALHEIROS, S/N,', 'conta_mes': '05/2026', 'vencimento': '2026-06-23', 'classificacao': 'ILUMINAÇÃOPÚBLICA', 'subclasse': 'ADMINISTRACAOPUBLICAEMGERAL-ILUMINACAOPUBLICA', 'tipo_fornecimento': 'TRIFÁSICO', 'leitura_anterior': 31682, 'leitura_atual': 34923, 'consumo_kwh': 3241.0, 'total_pagar': 1950.01}
2026-08-02 21:58:40,015 [INFO] app.core.normalizer - UC normalizada com sucesso: '473.773.008-70'
2026-08-02 21:58:40,016 [INFO] app.core.extractor - Invoice extraction completed: {'cliente': 'MUNICIPIODEFLEXEIRAS', 'uc': '473.773.008-70', 'medidor': '16012105308', 'local_unidade': 'IL. PUBLICACALCADAOCENTRO, R. CELALCANTARA, S/N,', 'conta_mes': '05/2026', 'vencimento': '2026-06-23', 'classificacao': 'ILUMINAÇÃOPÚBLICA', 'subclasse': 'ADMINISTRACAOPUBLICAEMGERAL-ILUMINACAOPUBLICA', 'tipo_fornecimento': 'MONOFÁSICO', 'leitura_anterior': 14409, 'leitura_atual': 14745, 'consumo_kwh': 336.0, 'total_pagar': 202.14}
2026-08-02 21:58:40,016 [INFO] app.core.normalizer - UC normalizada com sucesso: '461.662.008-44'
2026-08-02 21:58:40,017 [INFO] app.core.extractor - Invoice extraction completed: {'cliente': 'MUNICIPIODEFLEXEIRAS', 'uc': '461.662.008-44', 'medidor': '16012044813', 'local_unidade': 'PRACACJNOVAFLEXEIRASII CJNOVAFLEXEIRASII, S/N,', 'conta_mes': '05/2026', 'vencimento': '2026-06-23', 'classificacao': 'ILUMINAÇÃOPÚBLICA', 'subclasse': 'ADMINISTRACAOPUBLICAEMGERAL-ILUMINACAOPUBLICA', 'tipo_fornecimento': 'MONOFÁSICO', 'leitura_anterior': 33633, 'leitura_atual': 34339, 'consumo_kwh': 706.0, 'total_pagar': 437.27}
2026-08-02 21:58:40,017 [INFO] app.core.normalizer - UC normalizada com sucesso: '205.627.008-79'
2026-08-02 21:58:40,019 [INFO] app.core.extractor - Invoice extraction completed: {'cliente': 'MUNICIPIODEFLEXEIRAS', 'uc': '205.627.008-79', 'medidor': 'N/A', 'local_unidade': 'ILUMINACAOPUBLICA, R. CELALCANTARA, S/N,', 'conta_mes': '05/2026', 'vencimento': '2026-06-23', 'classificacao': 'ILUMINAÇÃOPÚBLICA', 'subclasse': 'ADMINISTRACAOPUBLICAEMGERAL-ILUMINACAOPUBLICA', 'tipo_fornecimento': 'MONOFÁSICO', 'leitura_anterior': 0, 'leitura_atual': 0, 'consumo_kwh': 0.0, 'total_pagar': 26195.4}
2026-08-02 21:58:40,019 [INFO] app.core.normalizer - UC normalizada com sucesso: '281.609.008-09'
2026-08-02 21:58:40,020 [INFO] app.core.extractor - Invoice extraction completed: {'cliente': 'MUNICIPIODEFLEXEIRAS', 'uc': '281.609.008-09', 'medidor': 'E3252034', 'local_unidade': 'PRACAPREFJOSECAMILODOSSAN, R. CELALCANTARA, S/N,', 'conta_mes': '05/2026', 'vencimento': '2026-06-23', 'classificacao': 'ILUMINAÇÃOPÚBLICA', 'subclasse': 'ADMINISTRACAOPUBLICAEMGERAL-ILUMINACAOPUBLICA', 'tipo_fornecimento': 'TRIFÁSICO', 'leitura_anterior': 8982, 'leitura_atual': 9288, 'consumo_kwh': 306.0, 'total_pagar': 184.09}
2026-08-02 21:58:40,020 [INFO] app.core.normalizer - UC normalizada com sucesso: '523.003.008-62'
2026-08-02 21:58:40,021 [INFO] app.core.extractor - Invoice extraction completed: {'cliente': 'MUNICIPIODEFLEXEIRAS', 'uc': '523.003.008-62', 'medidor': '17020234059', 'local_unidade': 'IP-MIRANTENOVAFLEXEIRAS CJNOVAFLEXEIRASII, S/N,', 'conta_mes': '05/2026', 'vencimento': '2026-06-23', 'classificacao': 'ILUMINAÇÃOPÚBLICA', 'subclasse': 'ADMINISTRACAOPUBLICAEMGERAL-ILUMINACAOPUBLICA', 'tipo_fornecimento': 'MONOFÁSICO', 'leitura_anterior': 11982, 'leitura_atual': 12156, 'consumo_kwh': 174.0, 'total_pagar': 117.18}
2026-08-02 21:58:40,021 [INFO] app.core.normalizer - UC normalizada com sucesso: '489.486.008-41'
2026-08-02 21:58:40,022 [INFO] app.core.extractor - Invoice extraction completed: {'cliente': 'MUNICIPIODEFLEXEIRAS', 'uc': '489.486.008-41', 'medidor': '16012150052', 'local_unidade': 'ILPÚBLICAPRAÇAPADRECÍCERO, R. STOANTONIO, S/N,', 'conta_mes': '05/2026', 'vencimento': '2026-06-23', 'classificacao': 'ILUMINAÇÃOPÚBLICA', 'subclasse': 'ADMINISTRACAOPUBLICAEMGERAL-ILUMINACAOPUBLICA', 'tipo_fornecimento': 'MONOFÁSICO', 'leitura_anterior': 11966, 'leitura_atual': 12191, 'consumo_kwh': 225.0, 'total_pagar': 135.34}
2026-08-02 21:58:40,022 [INFO] app.core.normalizer - UC normalizada com sucesso: '679.501.008-41'
2026-08-02 21:58:40,023 [INFO] app.core.extractor - Invoice extraction completed: {'cliente': 'MUNICIPIODEFLEXEIRAS', 'uc': '679.501.008-41', 'medidor': '17052226279', 'local_unidade': 'IPCOPADASARVORES, R. CELALCANTARA, S/N, ILUMINACAODACOPADASAVORES', 'conta_mes': '05/2026', 'vencimento': '2026-06-23', 'classificacao': 'ILUMINAÇÃOPÚBLICA', 'subclasse': 'ADMINISTRACAOPUBLICAEMGERAL-ILUMINACAOPUBLICA', 'tipo_fornecimento': 'MONOFÁSICO', 'leitura_anterior': 585, 'leitura_atual': 647, 'consumo_kwh': 62.0, 'total_pagar': 37.3}
2026-08-02 21:58:40,023 [INFO] app.core.normalizer - UC normalizada com sucesso: '601.693.008-44'
2026-08-02 21:58:40,024 [INFO] app.core.extractor - Invoice extraction completed: {'cliente': 'MUNICIPIODEFLEXEIRAS', 'uc': '601.693.008-44', 'medidor': '13040260190', 'local_unidade': 'IP, R. POETAJOAODEDEUS, S/N,', 'conta_mes': '05/2026', 'vencimento': '2026-06-23', 'classificacao': 'ILUMINAÇÃOPÚBLICA', 'subclasse': 'ADMINISTRACAOPUBLICAEMGERAL-ILUMINACAOPUBLICA', 'tipo_fornecimento': 'MONOFÁSICO', 'leitura_anterior': 4433, 'leitura_atual': 4543, 'consumo_kwh': 110.0, 'total_pagar': 66.17}
2026-08-02 21:58:40,024 [INFO] werkzeug - 127.0.0.1 - - [02/Aug/2026 21:58:40] "POST /api/process HTTP/1.1" 200 -
2026-08-02 21:58:48,553 [INFO] app.core.excel_writer - Gravando 21 registros no Excel: C:\Users\mathe\Desktop\py\export\faturas_processadas.xlsx
2026-08-02 21:58:48,648 [INFO] app.core.excel_writer - Planilha Excel salva com sucesso.
2026-08-02 21:58:48,649 [INFO] app.server - Excel gerado com sucesso: C:\Users\mathe\Desktop\py\export\faturas_processadas.xlsx
2026-08-02 21:58:48,649 [INFO] werkzeug - 127.0.0.1 - - [02/Aug/2026 21:58:48] "POST /api/export HTTP/1.1" 200 -
2026-08-02 22:01:47,633 [INFO] werkzeug -  * Detected change in 'C:\\Users\\mathe\\Desktop\\py\\app\\core\\excel_writer.py', reloading
2026-08-02 22:01:47,916 [INFO] werkzeug -  * Restarting with stat
2026-08-02 22:01:48,969 [WARNING] werkzeug -  * Debugger is active!
2026-08-02 22:01:48,976 [INFO] werkzeug -  * Debugger PIN: 511-121-778
2026-08-02 22:02:05,601 [INFO] werkzeug -  * Detected change in 'C:\\Users\\mathe\\Desktop\\py\\tests\\test_excel_writer.py', reloading
2026-08-02 22:02:05,769 [INFO] werkzeug -  * Restarting with stat
2026-08-02 22:02:06,774 [WARNING] werkzeug -  * Debugger is active!
2026-08-02 22:02:06,780 [INFO] werkzeug -  * Debugger PIN: 511-121-778
2026-08-02 22:02:24,210 [INFO] werkzeug - 127.0.0.1 - - [02/Aug/2026 22:02:24] "GET /?utm_source=chatgpt.com HTTP/1.1" 200 -
2026-08-02 22:02:24,232 [INFO] werkzeug - 127.0.0.1 - - [02/Aug/2026 22:02:24] "[36mGET /static/js/app.js HTTP/1.1[0m" 304 -
2026-08-02 22:02:24,243 [INFO] werkzeug - 127.0.0.1 - - [02/Aug/2026 22:02:24] "[36mGET /static/css/style.css HTTP/1.1[0m" 304 -
2026-08-02 22:02:35,984 [INFO] app.server - Arquivo salvo temporariamente: FLEXEIRAS_-_FATURAS_DE_IP_EQTL_AL_COMP._05.2026.pdf
2026-08-02 22:02:35,985 [INFO] werkzeug - 127.0.0.1 - - [02/Aug/2026 22:02:35] "POST /api/upload HTTP/1.1" 200 -
2026-08-02 22:02:36,068 [INFO] app.core.pdf_reader - Texto extraído da página 1
2026-08-02 22:02:36,176 [INFO] app.core.pdf_reader - Texto extraído da página 2
2026-08-02 22:02:36,293 [INFO] app.core.pdf_reader - Texto extraído da página 3
2026-08-02 22:02:36,468 [INFO] app.core.pdf_reader - Texto extraído da página 4
2026-08-02 22:02:36,575 [INFO] app.core.pdf_reader - Texto extraído da página 5
2026-08-02 22:02:36,699 [INFO] app.core.pdf_reader - Texto extraído da página 6
2026-08-02 22:02:36,793 [INFO] app.core.pdf_reader - Texto extraído da página 7
2026-08-02 22:02:36,899 [INFO] app.core.pdf_reader - Texto extraído da página 8
2026-08-02 22:02:36,947 [INFO] app.core.pdf_reader - Texto extraído da página 9
2026-08-02 22:02:37,051 [INFO] app.core.pdf_reader - Texto extraído da página 10
2026-08-02 22:02:37,055 [WARNING] app.core.pdf_reader - Página 11 sem texto selecionável.
2026-08-02 22:02:37,128 [INFO] app.core.pdf_reader - Texto extraído da página 12
2026-08-02 22:02:37,129 [WARNING] app.core.pdf_reader - Página 13 sem texto selecionável.
2026-08-02 22:02:37,200 [INFO] app.core.pdf_reader - Texto extraído da página 14
2026-08-02 22:02:37,201 [WARNING] app.core.pdf_reader - Página 15 sem texto selecionável.
2026-08-02 22:02:37,269 [INFO] app.core.pdf_reader - Texto extraído da página 16
2026-08-02 22:02:37,270 [WARNING] app.core.pdf_reader - Página 17 sem texto selecionável.
2026-08-02 22:02:37,339 [INFO] app.core.pdf_reader - Texto extraído da página 18
2026-08-02 22:02:37,341 [WARNING] app.core.pdf_reader - Página 19 sem texto selecionável.
2026-08-02 22:02:37,402 [INFO] app.core.pdf_reader - Texto extraído da página 20
2026-08-02 22:02:37,402 [WARNING] app.core.pdf_reader - Página 21 sem texto selecionável.
2026-08-02 22:02:37,550 [INFO] app.core.pdf_reader - Texto extraído da página 22
2026-08-02 22:02:37,551 [WARNING] app.core.pdf_reader - Página 23 sem texto selecionável.
2026-08-02 22:02:37,629 [INFO] app.core.pdf_reader - Texto extraído da página 24
2026-08-02 22:02:37,630 [WARNING] app.core.pdf_reader - Página 25 sem texto selecionável.
2026-08-02 22:02:37,707 [INFO] app.core.pdf_reader - Texto extraído da página 26
2026-08-02 22:02:37,708 [WARNING] app.core.pdf_reader - Página 27 sem texto selecionável.
2026-08-02 22:02:37,771 [INFO] app.core.pdf_reader - Texto extraído da página 28
2026-08-02 22:02:37,772 [WARNING] app.core.pdf_reader - Página 29 sem texto selecionável.
2026-08-02 22:02:37,849 [INFO] app.core.pdf_reader - Texto extraído da página 30
2026-08-02 22:02:37,850 [WARNING] app.core.pdf_reader - Página 31 sem texto selecionável.
2026-08-02 22:02:37,922 [INFO] app.core.pdf_reader - Texto extraído da página 32
2026-08-02 22:02:37,923 [WARNING] app.core.pdf_reader - Página 33 sem texto selecionável.
2026-08-02 22:02:37,997 [INFO] app.core.pdf_reader - Texto extraído da página 34
2026-08-02 22:02:37,998 [WARNING] app.core.pdf_reader - Página 35 sem texto selecionável.
2026-08-02 22:02:38,067 [INFO] app.core.pdf_reader - Texto extraído da página 36
2026-08-02 22:02:38,069 [WARNING] app.core.pdf_reader - Página 37 sem texto selecionável.
2026-08-02 22:02:38,134 [INFO] app.core.pdf_reader - Texto extraído da página 38
2026-08-02 22:02:38,135 [WARNING] app.core.pdf_reader - Página 39 sem texto selecionável.
2026-08-02 22:02:38,137 [INFO] app.core.normalizer - UC normalizada com sucesso: '522.046.008-04'
2026-08-02 22:02:38,140 [INFO] app.core.extractor - Invoice extraction completed: {'cliente': 'MUNICIPIODEFLEXEIRAS', 'uc': '522.046.008-04', 'medidor': '17020234040', 'local_unidade': 'IP, R. PROFMARIAISABELCOSTASOUZA, S/N,', 'conta_mes': '05/2026', 'vencimento': '2026-06-23', 'classificacao': 'ILUMINAÇÃOPÚBLICA', 'subclasse': 'ADMINISTRACAOPUBLICAEMGERAL-ILUMINACAOPUBLICA', 'tipo_fornecimento': 'MONOFÁSICO', 'leitura_anterior': 7279, 'leitura_atual': 7435, 'consumo_kwh': 156.0, 'total_pagar': 93.85}
2026-08-02 22:02:38,140 [INFO] app.core.normalizer - UC normalizada com sucesso: '520.367.008-46'
2026-08-02 22:02:38,142 [INFO] app.core.extractor - Invoice extraction completed: {'cliente': 'MUNICIPIODEFLEXEIRAS', 'uc': '520.367.008-46', 'medidor': '17020132663', 'local_unidade': 'ILUMINAÇÃOPUBLICA-CIRCUITOEXCLUS, R. DOMOTORISTA, S/N, IP', 'conta_mes': '05/2026', 'vencimento': '2026-06-23', 'classificacao': 'ILUMINAÇÃOPÚBLICA', 'subclasse': 'ADMINISTRACAOPUBLICAEMGERAL-ILUMINACAOPUBLICA', 'tipo_fornecimento': 'MONOFÁSICO', 'leitura_anterior': 16404, 'leitura_atual': 16760, 'consumo_kwh': 356.0, 'total_pagar': 226.69}
2026-08-02 22:02:38,142 [INFO] app.core.normalizer - UC normalizada com sucesso: '395.907.008-01'
2026-08-02 22:02:38,144 [INFO] app.core.extractor - Invoice extraction completed: {'cliente': 'MUNICIPIODEFLEXEIRAS', 'uc': '395.907.008-01', 'medidor': '37030210183', 'local_unidade': 'PRACAMULTIEVENTOS AVROSITACALHEIROS, S/N,', 'conta_mes': '05/2026', 'vencimento': '2026-06-23', 'classificacao': 'ILUMINAÇÃOPÚBLICA', 'subclasse': 'ADMINISTRACAOPUBLICAEMGERAL-ILUMINACAOPUBLICA', 'tipo_fornecimento': 'TRIFÁSICO', 'leitura_anterior': 32307, 'leitura_atual': 33755, 'consumo_kwh': 1448.0, 'total_pagar': 871.2}
2026-08-02 22:02:38,145 [INFO] app.core.normalizer - UC normalizada com sucesso: '601.699.008-97'
2026-08-02 22:02:38,145 [INFO] app.core.extractor - Invoice extraction completed: {'cliente': 'MUNICIPIODEFLEXEIRAS', 'uc': '601.699.008-97', 'medidor': '13040260166', 'local_unidade': 'ip, R. JOSEGOMESDELIMA, S/N,', 'conta_mes': '05/2026', 'vencimento': '2026-06-23', 'classificacao': 'ILUMINAÇÃOPÚBLICA', 'subclasse': 'ADMINISTRACAOPUBLICAEMGERAL-ILUMINACAOPUBLICA', 'tipo_fornecimento': 'MONOFÁSICO', 'leitura_anterior': 5796, 'leitura_atual': 6001, 'consumo_kwh': 205.0, 'total_pagar': 123.33}
2026-08-02 22:02:38,146 [INFO] app.core.normalizer - UC normalizada com sucesso: '519.021.008-71'
2026-08-02 22:02:38,147 [INFO] app.core.extractor - Invoice extraction completed: {'cliente': 'MUNICIPIODEFLEXEIRAS', 'uc': '519.021.008-71', 'medidor': '17020755091', 'local_unidade': "IPMIRANTEDACAIXAD'AGUA CJNOVAFLEXEIRAS, S/N, MIRANTEDACAIXADAGUA", 'conta_mes': '05/2026', 'vencimento': '2026-06-23', 'classificacao': 'ILUMINAÇÃOPÚBLICA', 'subclasse': 'ADMINISTRACAOPUBLICAEMGERAL-ILUMINACAOPUBLICA', 'tipo_fornecimento': 'MONOFÁSICO', 'leitura_anterior': 3281, 'leitura_atual': 3903, 'consumo_kwh': 622.0, 'total_pagar': 366.09}
2026-08-02 22:02:38,147 [INFO] app.core.normalizer - UC normalizada com sucesso: '521.854.008-13'
2026-08-02 22:02:38,148 [INFO] app.core.extractor - Invoice extraction completed: {'cliente': 'MUNICIPIODEFLEXEIRAS', 'uc': '521.854.008-13', 'medidor': '17020234083', 'local_unidade': 'IP, R. MANOELFRANCISCODIAS, S/N,', 'conta_mes': '05/2026', 'vencimento': '2026-06-23', 'classificacao': 'ILUMINAÇÃOPÚBLICA', 'subclasse': 'ADMINISTRACAOPUBLICAEMGERAL-ILUMINACAOPUBLICA', 'tipo_fornecimento': 'MONOFÁSICO', 'leitura_anterior': 12088, 'leitura_atual': 12424, 'consumo_kwh': 336.0, 'total_pagar': 202.14}
2026-08-02 22:02:38,148 [INFO] app.core.normalizer - UC normalizada com sucesso: '650.695.008-35'
2026-08-02 22:02:38,149 [INFO] app.core.extractor - Invoice extraction completed: {'cliente': 'MUNICIPIODEFLEXEIRAS', 'uc': '650.695.008-35', 'medidor': '36030410399', 'local_unidade': 'Emporio AVROSITACALHEIROS, S/N,', 'conta_mes': '05/2026', 'vencimento': '2026-06-23', 'classificacao': 'ILUMINAÇÃOPÚBLICA', 'subclasse': 'ADMINISTRACAOPUBLICAEMGERAL-ILUMINACAOPUBLICA', 'tipo_fornecimento': 'TRIFÁSICO', 'leitura_anterior': 31682, 'leitura_atual': 34923, 'consumo_kwh': 3241.0, 'total_pagar': 1950.01}
2026-08-02 22:02:38,150 [INFO] app.core.normalizer - UC normalizada com sucesso: '473.773.008-70'
2026-08-02 22:02:38,151 [INFO] app.core.extractor - Invoice extraction completed: {'cliente': 'MUNICIPIODEFLEXEIRAS', 'uc': '473.773.008-70', 'medidor': '16012105308', 'local_unidade': 'IL. PUBLICACALCADAOCENTRO, R. CELALCANTARA, S/N,', 'conta_mes': '05/2026', 'vencimento': '2026-06-23', 'classificacao': 'ILUMINAÇÃOPÚBLICA', 'subclasse': 'ADMINISTRACAOPUBLICAEMGERAL-ILUMINACAOPUBLICA', 'tipo_fornecimento': 'MONOFÁSICO', 'leitura_anterior': 14409, 'leitura_atual': 14745, 'consumo_kwh': 336.0, 'total_pagar': 202.14}
2026-08-02 22:02:38,152 [INFO] app.core.normalizer - UC normalizada com sucesso: '461.662.008-44'
2026-08-02 22:02:38,153 [INFO] app.core.extractor - Invoice extraction completed: {'cliente': 'MUNICIPIODEFLEXEIRAS', 'uc': '461.662.008-44', 'medidor': '16012044813', 'local_unidade': 'PRACACJNOVAFLEXEIRASII CJNOVAFLEXEIRASII, S/N,', 'conta_mes': '05/2026', 'vencimento': '2026-06-23', 'classificacao': 'ILUMINAÇÃOPÚBLICA', 'subclasse': 'ADMINISTRACAOPUBLICAEMGERAL-ILUMINACAOPUBLICA', 'tipo_fornecimento': 'MONOFÁSICO', 'leitura_anterior': 33633, 'leitura_atual': 34339, 'consumo_kwh': 706.0, 'total_pagar': 437.27}
2026-08-02 22:02:38,153 [INFO] app.core.normalizer - UC normalizada com sucesso: '205.627.008-79'
2026-08-02 22:02:38,154 [INFO] app.core.extractor - Invoice extraction completed: {'cliente': 'MUNICIPIODEFLEXEIRAS', 'uc': '205.627.008-79', 'medidor': 'N/A', 'local_unidade': 'ILUMINACAOPUBLICA, R. CELALCANTARA, S/N,', 'conta_mes': '05/2026', 'vencimento': '2026-06-23', 'classificacao': 'ILUMINAÇÃOPÚBLICA', 'subclasse': 'ADMINISTRACAOPUBLICAEMGERAL-ILUMINACAOPUBLICA', 'tipo_fornecimento': 'MONOFÁSICO', 'leitura_anterior': 0, 'leitura_atual': 0, 'consumo_kwh': 0.0, 'total_pagar': 26195.4}
2026-08-02 22:02:38,155 [INFO] app.core.normalizer - UC normalizada com sucesso: '281.609.008-09'
2026-08-02 22:02:38,155 [INFO] app.core.extractor - Invoice extraction completed: {'cliente': 'MUNICIPIODEFLEXEIRAS', 'uc': '281.609.008-09', 'medidor': 'E3252034', 'local_unidade': 'PRACAPREFJOSECAMILODOSSAN, R. CELALCANTARA, S/N,', 'conta_mes': '05/2026', 'vencimento': '2026-06-23', 'classificacao': 'ILUMINAÇÃOPÚBLICA', 'subclasse': 'ADMINISTRACAOPUBLICAEMGERAL-ILUMINACAOPUBLICA', 'tipo_fornecimento': 'TRIFÁSICO', 'leitura_anterior': 8982, 'leitura_atual': 9288, 'consumo_kwh': 306.0, 'total_pagar': 184.09}
2026-08-02 22:02:38,156 [INFO] app.core.normalizer - UC normalizada com sucesso: '523.003.008-62'
2026-08-02 22:02:38,157 [INFO] app.core.extractor - Invoice extraction completed: {'cliente': 'MUNICIPIODEFLEXEIRAS', 'uc': '523.003.008-62', 'medidor': '17020234059', 'local_unidade': 'IP-MIRANTENOVAFLEXEIRAS CJNOVAFLEXEIRASII, S/N,', 'conta_mes': '05/2026', 'vencimento': '2026-06-23', 'classificacao': 'ILUMINAÇÃOPÚBLICA', 'subclasse': 'ADMINISTRACAOPUBLICAEMGERAL-ILUMINACAOPUBLICA', 'tipo_fornecimento': 'MONOFÁSICO', 'leitura_anterior': 11982, 'leitura_atual': 12156, 'consumo_kwh': 174.0, 'total_pagar': 117.18}
2026-08-02 22:02:38,157 [INFO] app.core.normalizer - UC normalizada com sucesso: '489.486.008-41'
2026-08-02 22:02:38,158 [INFO] app.core.extractor - Invoice extraction completed: {'cliente': 'MUNICIPIODEFLEXEIRAS', 'uc': '489.486.008-41', 'medidor': '16012150052', 'local_unidade': 'ILPÚBLICAPRAÇAPADRECÍCERO, R. STOANTONIO, S/N,', 'conta_mes': '05/2026', 'vencimento': '2026-06-23', 'classificacao': 'ILUMINAÇÃOPÚBLICA', 'subclasse': 'ADMINISTRACAOPUBLICAEMGERAL-ILUMINACAOPUBLICA', 'tipo_fornecimento': 'MONOFÁSICO', 'leitura_anterior': 11966, 'leitura_atual': 12191, 'consumo_kwh': 225.0, 'total_pagar': 135.34}
2026-08-02 22:02:38,159 [INFO] app.core.normalizer - UC normalizada com sucesso: '679.501.008-41'
2026-08-02 22:02:38,160 [INFO] app.core.extractor - Invoice extraction completed: {'cliente': 'MUNICIPIODEFLEXEIRAS', 'uc': '679.501.008-41', 'medidor': '17052226279', 'local_unidade': 'IPCOPADASARVORES, R. CELALCANTARA, S/N, ILUMINACAODACOPADASAVORES', 'conta_mes': '05/2026', 'vencimento': '2026-06-23', 'classificacao': 'ILUMINAÇÃOPÚBLICA', 'subclasse': 'ADMINISTRACAOPUBLICAEMGERAL-ILUMINACAOPUBLICA', 'tipo_fornecimento': 'MONOFÁSICO', 'leitura_anterior': 585, 'leitura_atual': 647, 'consumo_kwh': 62.0, 'total_pagar': 37.3}
2026-08-02 22:02:38,160 [INFO] app.core.normalizer - UC normalizada com sucesso: '601.693.008-44'
2026-08-02 22:02:38,162 [INFO] app.core.extractor - Invoice extraction completed: {'cliente': 'MUNICIPIODEFLEXEIRAS', 'uc': '601.693.008-44', 'medidor': '13040260190', 'local_unidade': 'IP, R. POETAJOAODEDEUS, S/N,', 'conta_mes': '05/2026', 'vencimento': '2026-06-23', 'classificacao': 'ILUMINAÇÃOPÚBLICA', 'subclasse': 'ADMINISTRACAOPUBLICAEMGERAL-ILUMINACAOPUBLICA', 'tipo_fornecimento': 'MONOFÁSICO', 'leitura_anterior': 4433, 'leitura_atual': 4543, 'consumo_kwh': 110.0, 'total_pagar': 66.17}
2026-08-02 22:02:38,162 [INFO] werkzeug - 127.0.0.1 - - [02/Aug/2026 22:02:38] "POST /api/process HTTP/1.1" 200 -
2026-08-02 22:02:45,312 [INFO] app.core.excel_writer - Gravando 15 registros no Excel: C:\Users\mathe\Desktop\py\export\faturas_processadas.xlsx
2026-08-02 22:02:45,359 [INFO] app.core.excel_writer - Planilha Excel salva com sucesso.
2026-08-02 22:02:45,359 [INFO] app.server - Excel gerado com sucesso: C:\Users\mathe\Desktop\py\export\faturas_processadas.xlsx
2026-08-02 22:02:45,360 [INFO] werkzeug - 127.0.0.1 - - [02/Aug/2026 22:02:45] "POST /api/export HTTP/1.1" 200 -
2026-08-02 22:05:56,279 [INFO] werkzeug - [31m[1mWARNING: This is a development server. Do not use it in a production deployment. Use a production WSGI server instead.[0m
 * Running on http://127.0.0.1:5000
2026-08-02 22:05:56,279 [INFO] werkzeug - [33mPress CTRL+C to quit[0m
2026-08-02 22:05:56,281 [INFO] werkzeug -  * Restarting with stat
2026-08-02 22:05:57,312 [WARNING] werkzeug -  * Debugger is active!
2026-08-02 22:05:57,321 [INFO] werkzeug -  * Debugger PIN: 511-121-778
2026-08-02 22:06:27,954 [INFO] werkzeug - [31m[1mWARNING: This is a development server. Do not use it in a production deployment. Use a production WSGI server instead.[0m
 * Running on http://127.0.0.1:5000
2026-08-02 22:06:27,955 [INFO] werkzeug - [33mPress CTRL+C to quit[0m
2026-08-02 22:06:27,956 [INFO] werkzeug -  * Restarting with stat
2026-08-02 22:06:28,820 [WARNING] werkzeug -  * Debugger is active!
2026-08-02 22:06:28,829 [INFO] werkzeug -  * Debugger PIN: 511-121-778
2026-08-02 22:06:34,564 [INFO] werkzeug - 127.0.0.1 - - [02/Aug/2026 22:06:34] "GET / HTTP/1.1" 200 -
2026-08-02 22:06:36,946 [INFO] werkzeug - 127.0.0.1 - - [02/Aug/2026 22:06:36] "GET /static/css/style.css HTTP/1.1" 200 -
2026-08-02 22:06:36,947 [INFO] werkzeug - 127.0.0.1 - - [02/Aug/2026 22:06:36] "GET /static/js/app.js HTTP/1.1" 200 -
2026-08-02 22:06:43,210 [INFO] werkzeug - 127.0.0.1 - - [02/Aug/2026 22:06:43] "GET / HTTP/1.1" 200 -
2026-08-02 22:06:43,241 [INFO] werkzeug - 127.0.0.1 - - [02/Aug/2026 22:06:43] "GET /static/js/app.js HTTP/1.1" 200 -
2026-08-02 22:06:43,247 [INFO] werkzeug - 127.0.0.1 - - [02/Aug/2026 22:06:43] "GET /static/css/style.css HTTP/1.1" 200 -
2026-08-02 22:06:54,201 [INFO] app.server - Arquivo salvo temporariamente: FLEXEIRAS_-_FATURAS_DE_IP_EQTL_AL_COMP._05.2026.pdf
2026-08-02 22:06:54,202 [INFO] werkzeug - 127.0.0.1 - - [02/Aug/2026 22:06:54] "POST /api/upload HTTP/1.1" 200 -
2026-08-02 22:06:54,264 [INFO] app.core.pdf_reader - Texto extraído da página 1
2026-08-02 22:06:54,385 [INFO] app.core.pdf_reader - Texto extraído da página 2
2026-08-02 22:06:54,501 [INFO] app.core.pdf_reader - Texto extraído da página 3
2026-08-02 22:06:54,646 [INFO] app.core.pdf_reader - Texto extraído da página 4
2026-08-02 22:06:54,778 [INFO] app.core.pdf_reader - Texto extraído da página 5
2026-08-02 22:06:54,882 [INFO] app.core.pdf_reader - Texto extraído da página 6
2026-08-02 22:06:54,977 [INFO] app.core.pdf_reader - Texto extraído da página 7
2026-08-02 22:06:55,081 [INFO] app.core.pdf_reader - Texto extraído da página 8
2026-08-02 22:06:55,129 [INFO] app.core.pdf_reader - Texto extraído da página 9
2026-08-02 22:06:55,241 [INFO] app.core.pdf_reader - Texto extraído da página 10
2026-08-02 22:06:55,247 [WARNING] app.core.pdf_reader - Página 11 sem texto selecionável.
2026-08-02 22:06:55,330 [INFO] app.core.pdf_reader - Texto extraído da página 12
2026-08-02 22:06:55,331 [WARNING] app.core.pdf_reader - Página 13 sem texto selecionável.
2026-08-02 22:06:55,405 [INFO] app.core.pdf_reader - Texto extraído da página 14
2026-08-02 22:06:55,406 [WARNING] app.core.pdf_reader - Página 15 sem texto selecionável.
2026-08-02 22:06:55,492 [INFO] app.core.pdf_reader - Texto extraído da página 16
2026-08-02 22:06:55,494 [WARNING] app.core.pdf_reader - Página 17 sem texto selecionável.
2026-08-02 22:06:55,562 [INFO] app.core.pdf_reader - Texto extraído da página 18
2026-08-02 22:06:55,563 [WARNING] app.core.pdf_reader - Página 19 sem texto selecionável.
2026-08-02 22:06:55,630 [INFO] app.core.pdf_reader - Texto extraído da página 20
2026-08-02 22:06:55,631 [WARNING] app.core.pdf_reader - Página 21 sem texto selecionável.
2026-08-02 22:06:55,765 [INFO] app.core.pdf_reader - Texto extraído da página 22
2026-08-02 22:06:55,766 [WARNING] app.core.pdf_reader - Página 23 sem texto selecionável.
2026-08-02 22:06:55,840 [INFO] app.core.pdf_reader - Texto extraído da página 24
2026-08-02 22:06:55,842 [WARNING] app.core.pdf_reader - Página 25 sem texto selecionável.
2026-08-02 22:06:55,922 [INFO] app.core.pdf_reader - Texto extraído da página 26
2026-08-02 22:06:55,923 [WARNING] app.core.pdf_reader - Página 27 sem texto selecionável.
2026-08-02 22:06:55,996 [INFO] app.core.pdf_reader - Texto extraído da página 28
2026-08-02 22:06:55,997 [WARNING] app.core.pdf_reader - Página 29 sem texto selecionável.
2026-08-02 22:06:56,067 [INFO] app.core.pdf_reader - Texto extraído da página 30
2026-08-02 22:06:56,068 [WARNING] app.core.pdf_reader - Página 31 sem texto selecionável.
2026-08-02 22:06:56,155 [INFO] app.core.pdf_reader - Texto extraído da página 32
2026-08-02 22:06:56,157 [WARNING] app.core.pdf_reader - Página 33 sem texto selecionável.
2026-08-02 22:06:56,235 [INFO] app.core.pdf_reader - Texto extraído da página 34
2026-08-02 22:06:56,236 [WARNING] app.core.pdf_reader - Página 35 sem texto selecionável.
2026-08-02 22:06:56,317 [INFO] app.core.pdf_reader - Texto extraído da página 36
2026-08-02 22:06:56,318 [WARNING] app.core.pdf_reader - Página 37 sem texto selecionável.
2026-08-02 22:06:56,386 [INFO] app.core.pdf_reader - Texto extraído da página 38
2026-08-02 22:06:56,387 [WARNING] app.core.pdf_reader - Página 39 sem texto selecionável.
2026-08-02 22:06:56,390 [INFO] app.core.normalizer - UC normalizada com sucesso: '522.046.008-04'
2026-08-02 22:06:56,394 [INFO] app.core.extractor - Invoice extraction completed: {'cliente': 'MUNICIPIODEFLEXEIRAS', 'uc': '522.046.008-04', 'medidor': '17020234040', 'local_unidade': 'IP, R. PROFMARIAISABELCOSTASOUZA, S/N,', 'conta_mes': '05/2026', 'vencimento': '2026-06-23', 'classificacao': 'ILUMINAÇÃOPÚBLICA', 'subclasse': 'ADMINISTRACAOPUBLICAEMGERAL-ILUMINACAOPUBLICA', 'tipo_fornecimento': 'MONOFÁSICO', 'leitura_anterior': 7279, 'leitura_atual': 7435, 'consumo_kwh': 156.0, 'total_pagar': 93.85}
2026-08-02 22:06:56,394 [INFO] app.core.normalizer - UC normalizada com sucesso: '520.367.008-46'
2026-08-02 22:06:56,395 [INFO] app.core.extractor - Invoice extraction completed: {'cliente': 'MUNICIPIODEFLEXEIRAS', 'uc': '520.367.008-46', 'medidor': '17020132663', 'local_unidade': 'ILUMINAÇÃOPUBLICA-CIRCUITOEXCLUS, R. DOMOTORISTA, S/N, IP', 'conta_mes': '05/2026', 'vencimento': '2026-06-23', 'classificacao': 'ILUMINAÇÃOPÚBLICA', 'subclasse': 'ADMINISTRACAOPUBLICAEMGERAL-ILUMINACAOPUBLICA', 'tipo_fornecimento': 'MONOFÁSICO', 'leitura_anterior': 16404, 'leitura_atual': 16760, 'consumo_kwh': 356.0, 'total_pagar': 226.69}
2026-08-02 22:06:56,395 [INFO] app.core.normalizer - UC normalizada com sucesso: '395.907.008-01'
2026-08-02 22:06:56,397 [INFO] app.core.extractor - Invoice extraction completed: {'cliente': 'MUNICIPIODEFLEXEIRAS', 'uc': '395.907.008-01', 'medidor': '37030210183', 'local_unidade': 'PRACAMULTIEVENTOS AVROSITACALHEIROS, S/N,', 'conta_mes': '05/2026', 'vencimento': '2026-06-23', 'classificacao': 'ILUMINAÇÃOPÚBLICA', 'subclasse': 'ADMINISTRACAOPUBLICAEMGERAL-ILUMINACAOPUBLICA', 'tipo_fornecimento': 'TRIFÁSICO', 'leitura_anterior': 32307, 'leitura_atual': 33755, 'consumo_kwh': 1448.0, 'total_pagar': 871.2}
2026-08-02 22:06:56,397 [INFO] app.core.normalizer - UC normalizada com sucesso: '601.699.008-97'
2026-08-02 22:06:56,398 [INFO] app.core.extractor - Invoice extraction completed: {'cliente': 'MUNICIPIODEFLEXEIRAS', 'uc': '601.699.008-97', 'medidor': '13040260166', 'local_unidade': 'ip, R. JOSEGOMESDELIMA, S/N,', 'conta_mes': '05/2026', 'vencimento': '2026-06-23', 'classificacao': 'ILUMINAÇÃOPÚBLICA', 'subclasse': 'ADMINISTRACAOPUBLICAEMGERAL-ILUMINACAOPUBLICA', 'tipo_fornecimento': 'MONOFÁSICO', 'leitura_anterior': 5796, 'leitura_atual': 6001, 'consumo_kwh': 205.0, 'total_pagar': 123.33}
2026-08-02 22:06:56,398 [INFO] app.core.normalizer - UC normalizada com sucesso: '519.021.008-71'
2026-08-02 22:06:56,400 [INFO] app.core.extractor - Invoice extraction completed: {'cliente': 'MUNICIPIODEFLEXEIRAS', 'uc': '519.021.008-71', 'medidor': '17020755091', 'local_unidade': "IPMIRANTEDACAIXAD'AGUA CJNOVAFLEXEIRAS, S/N, MIRANTEDACAIXADAGUA", 'conta_mes': '05/2026', 'vencimento': '2026-06-23', 'classificacao': 'ILUMINAÇÃOPÚBLICA', 'subclasse': 'ADMINISTRACAOPUBLICAEMGERAL-ILUMINACAOPUBLICA', 'tipo_fornecimento': 'MONOFÁSICO', 'leitura_anterior': 3281, 'leitura_atual': 3903, 'consumo_kwh': 622.0, 'total_pagar': 366.09}
2026-08-02 22:06:56,400 [INFO] app.core.normalizer - UC normalizada com sucesso: '521.854.008-13'
2026-08-02 22:06:56,401 [INFO] app.core.extractor - Invoice extraction completed: {'cliente': 'MUNICIPIODEFLEXEIRAS', 'uc': '521.854.008-13', 'medidor': '17020234083', 'local_unidade': 'IP, R. MANOELFRANCISCODIAS, S/N,', 'conta_mes': '05/2026', 'vencimento': '2026-06-23', 'classificacao': 'ILUMINAÇÃOPÚBLICA', 'subclasse': 'ADMINISTRACAOPUBLICAEMGERAL-ILUMINACAOPUBLICA', 'tipo_fornecimento': 'MONOFÁSICO', 'leitura_anterior': 12088, 'leitura_atual': 12424, 'consumo_kwh': 336.0, 'total_pagar': 202.14}
2026-08-02 22:06:56,402 [INFO] app.core.normalizer - UC normalizada com sucesso: '650.695.008-35'
2026-08-02 22:06:56,403 [INFO] app.core.extractor - Invoice extraction completed: {'cliente': 'MUNICIPIODEFLEXEIRAS', 'uc': '650.695.008-35', 'medidor': '36030410399', 'local_unidade': 'Emporio AVROSITACALHEIROS, S/N,', 'conta_mes': '05/2026', 'vencimento': '2026-06-23', 'classificacao': 'ILUMINAÇÃOPÚBLICA', 'subclasse': 'ADMINISTRACAOPUBLICAEMGERAL-ILUMINACAOPUBLICA', 'tipo_fornecimento': 'TRIFÁSICO', 'leitura_anterior': 31682, 'leitura_atual': 34923, 'consumo_kwh': 3241.0, 'total_pagar': 1950.01}
2026-08-02 22:06:56,404 [INFO] app.core.normalizer - UC normalizada com sucesso: '473.773.008-70'
2026-08-02 22:06:56,405 [INFO] app.core.extractor - Invoice extraction completed: {'cliente': 'MUNICIPIODEFLEXEIRAS', 'uc': '473.773.008-70', 'medidor': '16012105308', 'local_unidade': 'IL. PUBLICACALCADAOCENTRO, R. CELALCANTARA, S/N,', 'conta_mes': '05/2026', 'vencimento': '2026-06-23', 'classificacao': 'ILUMINAÇÃOPÚBLICA', 'subclasse': 'ADMINISTRACAOPUBLICAEMGERAL-ILUMINACAOPUBLICA', 'tipo_fornecimento': 'MONOFÁSICO', 'leitura_anterior': 14409, 'leitura_atual': 14745, 'consumo_kwh': 336.0, 'total_pagar': 202.14}
2026-08-02 22:06:56,406 [INFO] app.core.normalizer - UC normalizada com sucesso: '461.662.008-44'
2026-08-02 22:06:56,407 [INFO] app.core.extractor - Invoice extraction completed: {'cliente': 'MUNICIPIODEFLEXEIRAS', 'uc': '461.662.008-44', 'medidor': '16012044813', 'local_unidade': 'PRACACJNOVAFLEXEIRASII CJNOVAFLEXEIRASII, S/N,', 'conta_mes': '05/2026', 'vencimento': '2026-06-23', 'classificacao': 'ILUMINAÇÃOPÚBLICA', 'subclasse': 'ADMINISTRACAOPUBLICAEMGERAL-ILUMINACAOPUBLICA', 'tipo_fornecimento': 'MONOFÁSICO', 'leitura_anterior': 33633, 'leitura_atual': 34339, 'consumo_kwh': 706.0, 'total_pagar': 437.27}
2026-08-02 22:06:56,407 [INFO] app.core.normalizer - UC normalizada com sucesso: '205.627.008-79'
2026-08-02 22:06:56,408 [INFO] app.core.extractor - Invoice extraction completed: {'cliente': 'MUNICIPIODEFLEXEIRAS', 'uc': '205.627.008-79', 'medidor': 'N/A', 'local_unidade': 'ILUMINACAOPUBLICA, R. CELALCANTARA, S/N,', 'conta_mes': '05/2026', 'vencimento': '2026-06-23', 'classificacao': 'ILUMINAÇÃOPÚBLICA', 'subclasse': 'ADMINISTRACAOPUBLICAEMGERAL-ILUMINACAOPUBLICA', 'tipo_fornecimento': 'MONOFÁSICO', 'leitura_anterior': 0, 'leitura_atual': 0, 'consumo_kwh': 0.0, 'total_pagar': 26195.4}
2026-08-02 22:06:56,409 [INFO] app.core.normalizer - UC normalizada com sucesso: '281.609.008-09'
2026-08-02 22:06:56,409 [INFO] app.core.extractor - Invoice extraction completed: {'cliente': 'MUNICIPIODEFLEXEIRAS', 'uc': '281.609.008-09', 'medidor': 'E3252034', 'local_unidade': 'PRACAPREFJOSECAMILODOSSAN, R. CELALCANTARA, S/N,', 'conta_mes': '05/2026', 'vencimento': '2026-06-23', 'classificacao': 'ILUMINAÇÃOPÚBLICA', 'subclasse': 'ADMINISTRACAOPUBLICAEMGERAL-ILUMINACAOPUBLICA', 'tipo_fornecimento': 'TRIFÁSICO', 'leitura_anterior': 8982, 'leitura_atual': 9288, 'consumo_kwh': 306.0, 'total_pagar': 184.09}
2026-08-02 22:06:56,410 [INFO] app.core.normalizer - UC normalizada com sucesso: '523.003.008-62'
2026-08-02 22:06:56,412 [INFO] app.core.extractor - Invoice extraction completed: {'cliente': 'MUNICIPIODEFLEXEIRAS', 'uc': '523.003.008-62', 'medidor': '17020234059', 'local_unidade': 'IP-MIRANTENOVAFLEXEIRAS CJNOVAFLEXEIRASII, S/N,', 'conta_mes': '05/2026', 'vencimento': '2026-06-23', 'classificacao': 'ILUMINAÇÃOPÚBLICA', 'subclasse': 'ADMINISTRACAOPUBLICAEMGERAL-ILUMINACAOPUBLICA', 'tipo_fornecimento': 'MONOFÁSICO', 'leitura_anterior': 11982, 'leitura_atual': 12156, 'consumo_kwh': 174.0, 'total_pagar': 117.18}
2026-08-02 22:06:56,412 [INFO] app.core.normalizer - UC normalizada com sucesso: '489.486.008-41'
2026-08-02 22:06:56,413 [INFO] app.core.extractor - Invoice extraction completed: {'cliente': 'MUNICIPIODEFLEXEIRAS', 'uc': '489.486.008-41', 'medidor': '16012150052', 'local_unidade': 'ILPÚBLICAPRAÇAPADRECÍCERO, R. STOANTONIO, S/N,', 'conta_mes': '05/2026', 'vencimento': '2026-06-23', 'classificacao': 'ILUMINAÇÃOPÚBLICA', 'subclasse': 'ADMINISTRACAOPUBLICAEMGERAL-ILUMINACAOPUBLICA', 'tipo_fornecimento': 'MONOFÁSICO', 'leitura_anterior': 11966, 'leitura_atual': 12191, 'consumo_kwh': 225.0, 'total_pagar': 135.34}
2026-08-02 22:06:56,413 [INFO] app.core.normalizer - UC normalizada com sucesso: '679.501.008-41'
2026-08-02 22:06:56,413 [INFO] app.core.extractor - Invoice extraction completed: {'cliente': 'MUNICIPIODEFLEXEIRAS', 'uc': '679.501.008-41', 'medidor': '17052226279', 'local_unidade': 'IPCOPADASARVORES, R. CELALCANTARA, S/N, ILUMINACAODACOPADASAVORES', 'conta_mes': '05/2026', 'vencimento': '2026-06-23', 'classificacao': 'ILUMINAÇÃOPÚBLICA', 'subclasse': 'ADMINISTRACAOPUBLICAEMGERAL-ILUMINACAOPUBLICA', 'tipo_fornecimento': 'MONOFÁSICO', 'leitura_anterior': 585, 'leitura_atual': 647, 'consumo_kwh': 62.0, 'total_pagar': 37.3}
2026-08-02 22:06:56,414 [INFO] app.core.normalizer - UC normalizada com sucesso: '601.693.008-44'
2026-08-02 22:06:56,414 [INFO] app.core.extractor - Invoice extraction completed: {'cliente': 'MUNICIPIODEFLEXEIRAS', 'uc': '601.693.008-44', 'medidor': '13040260190', 'local_unidade': 'IP, R. POETAJOAODEDEUS, S/N,', 'conta_mes': '05/2026', 'vencimento': '2026-06-23', 'classificacao': 'ILUMINAÇÃOPÚBLICA', 'subclasse': 'ADMINISTRACAOPUBLICAEMGERAL-ILUMINACAOPUBLICA', 'tipo_fornecimento': 'MONOFÁSICO', 'leitura_anterior': 4433, 'leitura_atual': 4543, 'consumo_kwh': 110.0, 'total_pagar': 66.17}
2026-08-02 22:06:56,415 [INFO] werkzeug - 127.0.0.1 - - [02/Aug/2026 22:06:56] "POST /api/process HTTP/1.1" 200 -
2026-08-02 22:06:59,806 [INFO] app.core.excel_writer - Gravando 15 registros no Excel: C:\Users\mathe\Desktop\Leitor_PDF\export\faturas_processadas.xlsx
2026-08-02 22:06:59,870 [INFO] app.core.excel_writer - Planilha Excel salva com sucesso.
2026-08-02 22:06:59,870 [INFO] app.server - Excel gerado com sucesso: C:\Users\mathe\Desktop\Leitor_PDF\export\faturas_processadas.xlsx
2026-08-02 22:06:59,871 [INFO] werkzeug - 127.0.0.1 - - [02/Aug/2026 22:06:59] "POST /api/export HTTP/1.1" 200 -
